ID,Text,L0,L1,L2,L3,L4,L5,L6
18,LA US MENCIONA QUE ACUDE PARA TRAMITE DE PENSION ALIMENTICIA LA USUARIA REFIERE QUE EL ES ALCOHOLICO TIENE 5 MESES SEPARADA DE EL Y EL HACE 5 MESES LA VIOLENTO LE AVENTO UN ENVASE DE CAGUAMA Y MENCIONA QUE LE QUEBRO LOS VIDIOS DE LA CASA DONDE VIVIAN ASI MISMO MENCINOA QUE AYER FUE A SU CASA PARA VER SI LE DABA UNA CAMA PARA QUE SE DURMIERAN ELLA Y SUS HIJOS Y NO LE QUISO DAR NADA LE JALO DEL PEL Y SE COMENZRON A PELEAR.,0.666666666666667,1,0.666666666666667,0,0,0.333333333333333,0
27,"MENCIONA QUE SU EX PAREJA LE DICE QUE TIENE QUE ESTAR CON ELLA CUANDO VONVIVE CON EL MENOR SI NO ESTA CON EL LA VA A REPROTAR EN JUZGADO, DICE QUE A VECES SE PONE AGRESIVO EL Y LAMAMA DE EL, CUANDO LE TOCA LLEVAR A SU HIJO A CASA DE EL",0,0.333333333333333,0,0.666666666666667,0,0.333333333333333,0
29,MENCIONA QUE SU EX PAREJA TIENE TIEMPO QUE NO LE DA DINERO PARA LOS GASTOS DE SUS HIJOS,1,0,0,0,0,0,0
32,LA USUARIA ACUDE A DENUNCIAR LA SUSTRACCIÓN DE SU MENOR HIJO EL CUAL NO LE FUE DEVUELTO POR SU EX PAREJA DESDE HACE MESES. ÉL NO RESPETÓ EL CONVENIO QUE HICIERON ENTRE ELLOS. ADEMÁS LA BLOQUEÓ DE TODAS LAS VÍAS DE COMUNICACIÓN. ELLA SE ENTERÓ QUE SU EX PAREJA LLEVÓ A SU MENOR HIJO A CANTAR A UN BAR. TAMBIÉN DESEA TENER LA CUSTODIA LEGAL DE SU HIJO,0,0,0,0,0,1,0
46,SE CANALIZO A PERSONAS DESAPARECIDAS DE LA FICALIA DEL ESTADO,0,0,0,0,0,0,1
55,"LA USUARIA REFIERE QUE SE CASÓ SIENDO MENOR DE EDAD, SOLO ESTUVI UNOS MESES VIVIENDO EN MATRIMONIO, FUE POR LA VIOLENCIA QUE VIVÍA CON ÉL QUE SE SEPARÓ, LOS HECHO S OCURRIERON HACE 11 AÑOS, POR LO CUAL SOLICITA DIVORCIO .",0,0,0,0.333333333333333,0.333333333333333,0,0.333333333333333
57,"LA USUARIA MENCIONA TENER UNA RELACIÓN DE PAREJA DONDE ELLA ES CODEPENDIENTE, ÉL LA VIOLENTA PSICOLÓGICAMENTE, REFIERE QUE SU RELACIÓN ES A DISTANCIA YA QUE ÉL ES CASADO Y VIVE EN OTRO LUGAR.",0,0,0,1,0,0,0
58,"REFIERE USUARIA QUE TIENE 7 AÑOS SEPARADA DE SU ESPOSO, QUIEN DURANTE SU SEPARACION NO LA A APOYADO ECONOMICAMENTE CON SUS HIJOS, LA ULTIMA VES QUE LE PIDIO DINERO PARA SUS HIJOS FUE HACE TIEMPO , ELLA DESEA APOYO DE JURIDICO PARA INICIAR TRAMITE DE PENSION ALIMENTICIA.",1,0,0,0,0,0,0
62,"LA USUARIA REFIERE HACE 03 AÑOS NO LE DA PENSION DE ALIMENTOS PARA SU HIJOS YA QUE VA PARA 4 AÑOS DE SEPARADOS EL AGRESOR CUENTA CON TRABAJO ESTABLE NO DESEA DENUNCIAR LOS HECHOS DE VIOLENCIA PSICOLOGICA YA QUE ELLA DICE QUE NO EXISTE TAL DELITO 

JURIDICO/GUARDA Y CUSTODIA/PENSION DE ALIMENTOS
EDUCUACION",0.666666666666667,0,0,0.333333333333333,0,0,0
70,"LA USUARIA REFIERE 20 AÑOS DE MATRIMONIO Y 7 AÑOS SEPARADOS Y DESDE ENTONCES AVECES LES DA Y AVECES NO, Y LA MAYORIA ES NO, POR LO QUE DESEA INICIAR TRAMITE DE PENSION ALIMENTICIA.",0.666666666666667,0,0,0,0,0.333333333333333,0
81,"REFIERE USUARIA QUE EL PAPA DE SU HIJO NO LA APOYA ECONOMICAMENTE, DESDE HACE AÑOS, NO LE HABIA PEDIDO HASTA QUE ACTUAL MENTE SE ENCUNETRA MAL ECONOMICAMENTE, POR LO QUE DESEA APOYO DE JURIDICO PARA INICIAR TRAMITE DE PENSION ALIMENTICIA.",0.666666666666667,0,0,0,0,0,0
85,"LA USUARIA REFIERE QUE HACE 03 SEMANAS EL AGRESOR LE DIJO QUE LE DABA DINERO PARA QUE EL AGRESOR LE MANDA MENSAJE Y LE MANDA COMIDA Y HASTA DINERO CON TERCERAS PERSONAS LA USUARIA LLEGO SE LE HACE UN OFICIO A SUBPROCURADURIA VUELVE A MANDAR OFICIO LA INSTITUCION PARA QUE SE LE DE UNA ORDEN DE PROTECCION EL MP DE ESTE CENTRO REMITE QUE NO EXITSE DELITO ALGUNO EN CONTRA DE LA USUARIA, YA QUE TIENE QUE REALIZAR TAL DENUNCIA EN MP DEL DELITO DE SU HIJA MENOR DE EDAD/ SE LE OFRECE REFUGIO Y LO RECHAZA SE SIENTE SEGURA EN SU CASA EN COMPAÑIA DE SU ESPOSO SE LE DARA INFORMACION DE EDUCACION (PREPARATORIA) ESTA TOMANDO PSICOLOGIA EN",0,0,0,0,0,0,1
89,"LA USUARIA MANIFIESTA QUE TUVO UNA RELACIÓN DE UNIÓN LIBRE POR APROXIMADAMENTE 21 AÑOS. LA HIJA DE AMBOS DE ENTONCES 16 AÑOS DE EDAD, LE DIJO QUE NO SE SENTÍA AGUSTO EN COMPAÑÍA DE SU PADRE, PUES ÉL LE REALIZÓ TOCAMIENTOS. SE FUE 1 DÍA DE LA CASA; LA MADRE REALIZÓ EL REPORTE A SEGURIDAD PÚBLICA MUNICIPAL. EL PADRE NEGÓ TODO, PERO ACCEDIÓ A IRSE DE LA CASA PARA QUE SU HIJA ESTUVIERA "" A GUSTO"". DESDE ENTONCES ÉL LE HA ESTADO ENVIANDO MIL PESOS POR CONCEPTO DE PENSIÓN ALIMENTICIA A FAVOR DE SUS 03 MENORES HIJOS. MENCIONA LA USUARIA QUE HACIA ELLA NO HA HABIDO AGRESIONES POR PARTE DE SU EX PAREJA, PERO DADA LA SITUACIÓN QUE SU HIJA LE COMENTÓ, DESEA UNA MEDIDA DE PROTECCIÓN EN ATENCIÓN A LOS TOCAMIENTOS QUE ELLA LE MENCIONÓ.",0.666666666666667,0,0,0,0.666666666666667,0.666666666666667,0
119,"LA USUARIA MENCIONA TENER 10 AÑOS DE CASADA Y 6 AÑOS DE SEPARADA, MISMOS EN LOS CUAL SU ESPOSO NO SE HA HECHO CARGO DE LOS GASTOS DE SUS HIJOS .",1,0,0,0,0,0,0
122,"LA USUARIA REFIERE QUE LE LLEGO UNA NOTIFICACION DE DIVORCIO, REFIERE QUE QUIERE ASESORIA JURIDICA YA QUE EL CONVENIO TIENE IRREGULARIDADES. NO EXISTE DELITO REFIERE LA USUARIA.",0,0,0,0,0,0,1
133,"USUARIA REFIERE QUE EL NO PROPORCIONA ALIMENTOS, COMENTA QUE LO FINIQUITARON Y DESDE ESE MOMENTO NO HA PROPORCIONADO, TAMBIÉN MENCIONA QUE ELLA SOLICITA APOYO JURÍDICO PARA DAR CONTINUIDAD EN EL TRAMITE DE DIVORCIO QUE INICIO SU EX PAREJA.",1,0,0,0,0,0,0
136,"LA US REFIERE QUE EL DIA DE AYER SU ESPOSO SE ENOJO PORQUE LLEGO EL NOVIO DE LA MAMA DE CONOCIDA SE PUSO CELOSO PORQUE SU HIJO LE HABLA BIEN Y SE SALUDAN BIEN.
EL SE METIO AL CUARTO Y LA AVENTO A LA CAMA, LE DIO CACHETADAS Y UN GOLPE EN EL OJO.CON UNA BOTA GOLPEO SUS PIERNAS Y 3 VECES LA AGARRO Y SOLTO DEL CUELLO , DICIENDOLE QUE LA IBA A MATAR Y QUE ERA UNA PUTA.",0,1,0,1,0,0,0
150,"REFIERE USUARIA QUE HACE 9 MESES ABANDONO EL HOGAR POR PROBLEMAS ECONOMICOS , SU HIJO SE ENCUENTRA VIVIENDO CON EL AGRESOR, Y SU HIJA CON ELLA, EL LA AMENAZADO CON QUERERLE QUITAR A SU MENOR HIJA, ELLA DESEA PRESENTAR EL DIVORCIO Y ASESORIA JURIDICA Y ASESORIA PARA GUARDA Y CUSTODIA.",0,0,0,0.333333333333333,0,0.666666666666667,0
151,USUARIA ACUDE A TRAMITE DE PENSION ALIMENTARIA REFIERE QUE Y TIENE 7 MESES SEPARADA Y QUE DESDE ENTONCES SU EX PAREJA SOLO LE DA LECHE Y PAÑALES. SE CANALIZA A JURIDICO,1,0,0,0,0,0,0
158,"LA US REFIERE HABER DEJADO A SU HIJA CON SU MAMA YA QUE SALIO A UNA FIESTA PORQUE EL LE DIJO QUE SI FUERA, LE EMPEZO A MANDAR MENSAJES Y UN ADUDIO. LE PREGUNTABA DONDE ESTABA ? LE DIJO LEGANDO A LA CASA TE VOY APEGAR..ELLA LLEGO A LA CASA Y EL DORMIA, SE DESPERTO Y ELLA CORRIO Y EL LA SIGUIO, LA AGARRO DEL CABELLO Y LA TUMBO LA AARRASTRO POR LA CALLE Y LA EMPEZO A PATAERA EN LA CABEZA Y EN SU CUERPO, SUS MANOS Y BRAZOS.LA LEVANTO Y LA METIO A LA CASA Y LE VOLVIO A PEGAR EN LA CABEZA CON PUÑO CERRADO. SALIO Y ENTRO NUEVAMENTE A PEGARLE EN LA CABEZA. ELLA SE ACOSTO Y EL LEVANTO LA CAMA Y ELLA SE CAYO. DE AHI PUDO LEVANTARSE Y SALIR DE LA CASA. UNOS AMIGOS LA AYUDARON. SE PASO A MP (MEDICO LEGISTA) Y AL HOSPITAL.",0,1,0,0.333333333333333,0,0,0
164,LA US. REFIERE QUE INSTITUTO DE GOBIERNO RETIRO A SU HIJA COMENTA QUE UNA PERSONA ACUDIO Y LE RETIRO A LA NIÑA Y LA DEJARON EN EL DOMICILIO DE SU MAMA. COMENTAN QUE ELLA SE TENIA QUE SALIR DEL DOMICILIO DE SU SUEGRA.REFIERE QUE ESTA RENTANDO.COMENTA QUE INSTITUTO DE GOBIERNO NO HIZO INVESTIGACION. HAY VIDEO DONDE SE VE QUE INSULTAN A LA NIÑA Y LA AMENAZAN CON GOLPEARLA.,0,0.333333333333333,0,0.666666666666667,0,0.333333333333333,0
168,"USUARIA REFIERE QUE DEJO AL CUIDADO DE SU MENOR JIJO DE 5 AÑOS A SU EX PAREJA (PADRE DEL MENOR) Y AL REGRESAR POR EL MENOR ELLA TOMO EL CELULAR Y MIRO EN EL HISTORIAL QUE ESTABA VIENDO PORNOGRAFIA, ELLA PIENSA QUE SU EX PAREJA FUE EL QUE MIRO Y NO SABE SI SE LO ENSEÑO AL MENOR O EL SOLO MIRO.",0,0,0,0.333333333333333,0.333333333333333,0.333333333333333,0.333333333333333
171,REFIERE QUE SU EX PAREJA INCUMPLE EN SU OBLIGACIONES ALIMENTARIAS,1,0,0,0,0,0,0
179,LA USUARIA REFIERE QUE SE SEPARO DE SU PAREJA HACE 13 AÑOS. NO CUMPLE CON SUS OBLIGACIONES ALIMENTICIAS,1,0,0,0,0,0,0
180,"UN AÑO Y MEDIO VIVIENDO EN UNIÓN LIBRE CON SU PAREJA, DE VEZ EN CUANDO SE SUSCITABAN CONFLICTOS Y DIFERENCIAS POR EL MACHISMO DEL SUJETO DERIVANDO AGRESIONES VERBALES HACIA SUSCRITA Y QUE LE AVENTAR OBJETOS O COMIDA. HOY AMBOS SE ENCONTRABAN EN EL DOMICILIO EN COMÚN Y EL AGRESOR SE MOLESTÓ PORQUE USUARIA LE PEDÍA QUE LE AYUDARA ORDENAR UNAS COSAS DE LA CASA, POR LO QUE ESTÉ EMPEZÓ A AGREDIRLA VERBAL Y FÍSICAMENTE POR PRIMERA VEZ, LA AMENAZO CON GOLPEARLA, PRESENTA HEMATOMA VISIBLE EN OJO DERECHO, TAMBIÉN AMENAZÓ CON LLEVARSE SU MENOR. NO HAY DETENIDO, USUARIA SE RESGUARDA HASTA EL MOMENTO EN CASA DE SUS PADRES, AL PARECER EL SUJETO PLANEA IRSE DE LA CIUDAD. SOLO DESEA PRESENTAR DENUNCIA.",0,1,0,1,0,0.333333333333333,0
182,"SEPARADA HACE 7 MESES DEL AGRESOR, YA TRAMITO DIVORCIO CON PARTICULAR, CONTINUO EL TRÁMITE CON LAS DIFERENCIAS FAMILIARES EN RELACIÓN A SUS MENORES. USUARIA MENCIONA HABER VIVIDO VIOLENCIA PSICOLÓGICA Y ECONÓMICA EN SU MATRIMONIO Y EN ESTE TIEMPO SEPARADOS CONTINÚA LA MANIPULACIÓN, CIERTO CONTROL Y CONFLICTOS POR LA CONVIVENCIA CON SUS HIJOS. ÚLTIMO HECHO HOY. EL AGRESOR SE ENCONTRABA MOLESTO PORQUE SUSCRITA SE NEGÓ A PRESTARLE SUS MENORES HACIÉNDOLE SABER QUE SE HABÍA MODIFICADO LA CONVIVENCIA VÍA LEGAL, POR LO QUE EL SUJETO EMPEZÓ A OFENDERLA, DESCALIFICARLA AMENAZÓ CON PUBLICAR IMÁGENES Y VIDEOS ÍNTIMOS DE USUARIA EN REDES SOCIALES. A RAÍZ DE ESTO PRESENTA DAÑO EMOCIONAL, IDEACIÓN SUICIDA HACE 15 DÍAS. DESEA DENUNCIAR LOS HECHOS, TAMBIEN LLEVA ATENCION CON PSICOLOGO PARTICULAR",0.666666666666667,0,0,1,0.666666666666667,0,0
186,USUARIA ACUDE POR QUE CONSTANTEMENTE SU EX PAREJA LA ESTA A ESTADO AMENAZANDO QUE TE VA A QUITAR A LO NIÑOS,0,0,0,1,0,0.333333333333333,0
188,LA USUARIA REFIERE QUE DESDE HACE 05 AÑOS EL PADRE DE SUS HIJOS NO LE APORTA PENSION DE ALIMENTOS YA QUE MENCIONA QUE TIENE UN JUCIO DE ALIMENTOS PERO EL AGRESOR CUANDO LE VAN A REBAJAR POR VIA NOMINA EL SE SALE DEL TRABAJO. ASESORIA JURIDICA TERAPIA GRUPAL,1,0,0,0,0,0,0
192,"14 AÑOS VIVIENDO EN UNIÓN LIBRE, REFIERE QUE, SIEMPRE VIVIDO VIOLENCIA PSICOLÓGICA DEBIDO AL ALCOHOLISMO Y MACHISMO DE SU PAREJA, DERIVANDO QUE DE VEZ EN CUANDO LE GRITE, LA CELE Y LA CORRA DE LA CASA. ÚLTIMO CONFLICTO, AMBOS ENCONTRABAN EN EL DOMICILIO EN COMÚN Y EL AGRESOR ESTABA EN ESTADO DE EBRIEDAD, SE MOLESTÓ PORQUE USUARIO LE PIDIÓ QUE BAJARA EL VOLUMEN DE LA MÚSICA YA QUE TENDRÍA REUNIÓN EN SU CASA POR LO QUE ESTE REACCIONÓ GRITÁNDOLE, CELÁNDOLA Y CORRIENDO LA DEL DOMICILIO. AGRESOR DETENIDO, PASA MINISTERIO PÚBLICO PARA LO CORRESPONDIENTE Y SE BRINDA ASESORÍA Y REQUISITOS PARA TRÁMITE DE ALIMENTOS, ACUDIRÁ A ATENCIÓN PSICOLÓGICA.",0,0,0,0.666666666666667,0,0,0
195,"USUARIA MENCIONA QUE TIENE TRECE AÑOS CASADA, DOS HIJOS EN COMUN, VIOLENCIA PSICOLOGICA POR INFIDELIDAD POR PARTE DE SU ESPOSO, ESTUVIERON SEPARADOS POR OCHO MESES, REGRESO DEBIDO A PROMESAS DE CAMBIO POR SU ESPOSO, QUIEN EL OTRO DIA AGREDIO DE MANERA VERBAL FISICA A USUARIA, EL ESTABA BAJO EL EFECTO DEL ALCOHOL, EMPEZO A DISCUTIR CON USUARIA, DESPUES LA PATEO, LA GOLPEO EN LA CABEZA CON OBJETO DE VIDRIO, LOS HECHOS FUERON EN PRESENCIA DE SUS DOS HIJOS, USUARIA RECIBIO ATENCION MEDICA EN EL IMSS, ACUDE A DENUNCIAR, SE CANALIZA A PS, MP Y JURIDICO POR POSIBLE CANDIDATA A ESPECIALIZADO.",0,1,0,1,0,0,0
213,"LA USUARIA MANIFIESTA QUE HACE 02 AÑOS QUE SU ESPOSO SE FUE A VIVIR A OTRA CIUDAD, SI LA HA ESTADO APOYANDO ECONÓMICAMENTE PARA SUS HIJOS, PERO ELLA YA DESEA DESAHACER EL VINCULO MATRIMONIAL, POR TANTO DESEA ASESORÍA LEGAL SOBRE DIVORCIO.",0.333333333333333,0,0,0,0,0,0.666666666666667
218,"LA USUARIA REFIERE QUE LLEGÓ A SU DOMICILIO Y SU PAREJA ESTABA DORMIDO AL TOCARLE EL SE LEVANTÓ Y ELLA LE DIJO QUE TENÍAN QUE HABLAR, EL SE MOLESTÓ Y COMENZÓ A INSULTARLA Y LUEGO LA GOLPEO EN LA CARA, ELLA TOMÓ A SU HIJA Y SE SALIÓ DEL DOMICILIO.",0,1,0,0.666666666666667,0,0,0
234,"USUARIA REFIERE QUE DESDE EL AÑO PASADO SE SEPARO DE SU ESPOSOS, COMENTA QUE EL NO HA PROPORCIONADO ALIMENTOS POR CONCEPTO DE PENSION, SE LE BRINDA ASESORIA PARA TRAMITE FAMILIAR, DE DIVORCIO Y ALIMENTOS ,",1,0,0,0,0,0,0
240,"USUARIA ACUDE A ASESORIA , REFIERE QUE SU EX PAREJA LA CITO PARA VER LAS CONVIVENCIAS DE SU MENORES HIJO, ELLA MENCIONA QUE ELLA YA LO HA DENUNCIADO POR VIOLENCIA FAMILIAR, EL NO APORTA ECONOMICAMENTE CON LOS GASTOS DE LOS MENORES, Y ELLA MENCIONA TENER MIEDO POR LO VIOLENTO QUE ES.",1,0.333333333333333,0,0.333333333333333,0,0,0
252,"USUARIA REFIERE QUE DISCUTIÓ CON SU PAREJA, COMENTA QUE EL ES CELOSO, Y EL DÍA DE AYER EN LA NOCHE EL FUE A SU TRABAJO, LA INSULTO, LE RECLAMADABA QUE EL LA HABLABA CON VATOS DE AHI, YA VES NO QUE NO ERES UNA ""PUTA"", COMENTA QUE PERSONAS QUE ESTABAN EN EL LUGAR LE HABLARON A LA PATRULLA, Y SE LO LLEVARON DETENIDO.",0,0,0,1,0,0,0
255,"LA USUARIA REFIERE QUE NO RECIBE GASTOS DEL PADRE BIOLOGICO DE SU HIJA MENOR DE EDAD HACE 03 AÑOS, DESEA TRAMITAR LA GUARDA Y CUSTODIA/PENSION DE ALIMENTOS, ASEGURA QUE NO EXISTE VIOLENCIA PSICOLOGICA Y FISICA PARA DENUNCIAR AL AGRESOR. PASARA PARA INFORMACION DE PREPARATORIA.",1,0,0,0,0,0,0
266,"REFIERE USUARIA QUE DESDE HACE 3 MESES ELLA TIENE PROBLEMAS CON EL PAPA DE SU HIJO, EL SE DA CUENTA DE LOS PROBLEMAS QUE TIENEN ELLOS Y ESTA SIENDO PERJUDICADO EN SU AMBIENTE ESCOLAR , A LA USUARIA LE MANDO LLAMAR LA MAESTRA PARA DECIRLE QUE NECESITA TERAPIA PSICOLOGICA. ELLA DESEA TERAPIA INDIVIDUAL.",0,0,0,0.333333333333333,0,0.333333333333333,0.333333333333333
270,USUARIA ACUDE POR REQUISITOS DE GUARDIA Y CUSTODIA,0,0,0,0,0,0,1
275,"USUARIA REFIERE QUE SU ESPOSO LE DICE QUE YA SE VA IR DE LA CASA Y ELLA DEPENDE ECONOMCAMENTE DE EL Y ELLA ACUDE PARA VER SI EL LE PUEDE DAR PENSION PARA CUBRIR SUS GASTOS, SE LE DA REQUISITOS DE DIVORCIO",0.666666666666667,0,0,0,0,0.333333333333333,0.333333333333333
276,USUARIA ACUDE A DEMANDAR A SU EX PAREJA POR INCUMPLIMIENTO DE PENSIONES ALIMENTICIAS REFIERE QUE DESDE HACE UN AÑO NO APORTA LA PENSION,1,0,0,0,0,0,0
291,USUARIA ACUDE PARA TRAMITE DE DIVORCIO,0,0,0,0,0,0,1
292,"33 AÑOS DE CASADA Y SIEMPRE VIVIDO VIOLENCIA PSICOLÓGICA Y ECONÓMICA DEBIDO A INFIDELIDAD Y MACHISMO DE SU ESPOSO, LA VIOLENCIA FÍSICA ES ESO HACE UN AÑO SIN EMBARGO A LA FECHA CONTINÚAN LAS OFENSAS, GRITOS, MENOSPRECIO, ETC. ; RECIENTEMENTE EL SEÑOR INSISTE EN QUE SE VAYA DELA CASA, ME REFIERE QUE VENDERÁ EL INMUEBLE PARA REPARTIRLO POR PARTES IGUALES, SIGUE LA LIMITACIÓN ECONÓMICA. ÚLTIMO CONFLICTO EMPEZARON A DISCUTIR NUEVAMENTE POR EL TEMA DE LA CASA, EL SEÑOR CORRE A USUARIO DEL DOMICILIO Y LE DICE QUE LA VA A DEJAR SIN NADA. DESEA TRAMITAR DIVORCIO, SE PROPORCIONAN DATOS PARA ATENCIÓN PSICOLÓGICA, SE LE OFRECE DENUNCIA POR VIOLENCIA PSICOLÓGICA Y ECONÓMICA PERO REFIERE QUE LA PRESENTARA CUANDO TRAIGA PAPELERIA.",1,0.333333333333333,0.333333333333333,1,0,0,0
305,"LA USUARIA MANIFIESTA QUE NUERA HACE TRES SEMANAS LE DEJO A SUS DOS NIETOS PARA QUE SE HICIERA CARGO DE ELLOS, YA QUE ELLA SE IRIA A TRABAJR FUERA DE LA CIUDAD, EL HIJO DE LA USUARIA LLEGO BAJO LOS EFECTOS DEL ALCOHOL PIDIENDO LLEVAR A LOS NIÑOS DE PASEO, PERO LA USUARIA SE NEGO POR LA CONDICION EN QUE EL SE ENCONTRABA Y LA AMENAZO DICIENDOLE QUE SE LLEVARIA LOS NIÑOS. LA USUARIA DESEA ASESORAMIENTO JURIDICO PARA TENER LA GUARDA Y CUSTODIA DE SUS DOS NIETOS PARA CUIDARLOS Y BRINDARLES EDUCACION.",0.333333333333333,0,0,0.666666666666667,0,0.666666666666667,0.333333333333333
307,USUARIA ACUDE PARA TRAMITE DE DIVORCIO,0,0,0,0,0,0,1
309,"LA USUARIA MANIFIESTA QUE DESEA UN ASESOR JURIDICO PARA LLEVAR SU DIVORCIO CON SU ACTUAL CONYUGE, YA QUE LA USUARIA SE SIENTE HOSTIGADA PORQUE LE PROHIBE SALIR, VESTIRSE DE CIERTA MANERA, NO LA DEJA ENTRAR A LA CASA, NO LE AYUDA CON LOS GASTOS.",1,0,0,1,0,0,0
312,USUARIA ACUDE PARA PODER SEGUIR CON SU TRAMITE DE DIVORCIO,0,0,0,0,0,0,1
316,"USUARIA ACUDE A TRAMITE DE PENSION ALIMENTICIA, MEWNCIONA QUE LA MENOR TIENE 15 AÑOS Y EL PADRE QUIERE QUE TRENGAS CONVIVENCIAS AL TIEMPO DEL PADRE Y NO DE LA MENOR Y CUANDO LA MENOR NO PUEDE AMENAZA CON NO DARLE PENSION ALIMENTICIA",1,0,0,0,0,0.333333333333333,0
348,"USUARIA ACUDE A ASESORÍA PARA TRAMITE DE PENSIÓN ALIMENTICIA Y DIVORCIO, MENCIONA QUE ACTUALMENTE QUE TIENE 2 MESES QUE NO PROPORCIONA ALIMENTOS, SE CANALIZA A JURÍDICO. USUARIA TAMBIÉN MENCIONA QUE DISCUTEN EN REFERENCIA A LA CONVIVENCIA DE LA MENOR",1,0,0,0.333333333333333,0,0,0
349,"USUARIA REFIERE QUE HACE DOS MESES QUE SE SEPARO DE SU EX PAREJA SE SEPARARON POR QUE LA DEJO POR OTRA PERSONA Y DESDE ENTONCES EL NO LE HA PASADO LOS GASTOS DEL NIÑO NI LO BUSCA, NO LO HA VISTO DESDE QUE SE SEPARARON .MENCIONA QUE ELLA QUIERE TRAMITAR DIVORCIO, PENSION ALIMENTICIA Y GUARDIA Y CUSTODIA",1,0,0,0,0,0,0
371,"LA USUARIA MANIFIESTA QUE DESDE EL AÑO PASADO EL PAPA DE SU HIJA NO LA APOYA ECONOMICAMENTE, NO PROCURA A LA MENOR NI LA VISITA, POR TANTRO SOLICITA ASESORIA SOBRE PERDIDA DE LA PATRIA POTESTAD.",1,0,0,0,0,0,0
408,"LA USUARIA MANIFIESTA QUE RECIBIO UN CORREO ELECTRONICO DE SU EX ESPOSO DICIENDOLE ""REVISANDO MIS CORREOS VIEJOS VI ESTO, Y TE LO QUIERO COMPARTIR"" LE ENVIO UNA FOTO DE UNA NOTA QUE ELLA LE MANDO CUANDO ESTABAN CASADOS, RECIBIO OTRO CORREO DONDE LE DECIA ""NO HAS CASO OMISO AL CORREO POR FAVOR, CREO QUE PODEMOS TERMINAS YA LAS COSAS BIEN. POR TODO LO BUENO QUE PASAMOS VAMOS A TERMINAR YA BIEN"". LA USUARIA DESEA PRESENTAR UNA DENUNCIA PERO NO PROCEDE PORQUE SU EX ESPOSO NO HA COMETIDO NINGUN DELITO.",0,0,0,0,0,0,1
415,LA USUARIA ACUDE A SOLICITAR ATENCIÓN PSICOLÓGICA Y DAR CONTINUIDAD A SU DEMANDA DE DIVORCIO YA QUE TIENE SENTENCIA DE DIVORCIO PERO AÚN NO SALE SU ACTA DE DIVORCIO.,0,0,0,0,0,0,1
416,"LA US. ESTABA AFUERA DE SU CASA DISCUTIENDO CON SU PAREJA Y UN ""VECINO"" METICHE FUE A DECIRLE ""DEJALA""...Y LA US CONTESTO ""TU NO TE METAS"". AGARRARONA GOLPES A SU PAREJA, Y ELLA QUISO METERSE Y ELLOS LA GOLPEARON Y PARA CUBRIR SU CARA METIA SUS MANOS Y SE LAS DEJARON TODAS MORETONEADAS Y LASTIMADAS.EL DEDO ANULAR DE LA MANO DERECHA ESTA QUEBRADO Y TIENE FRACTURA DESDE EL CODO HASTA LA MUCÑECA DEL BRAZO IZQUERDO.
MP. DENUNCIA",0,1,0,0.333333333333333,0,0,0
421,"REFIERE USUARIA QUE ELLA LE PRESTO A SU HIJA A SU EX PAREJA , CON EL QUE TIENE DOS SEMANAS SEPARADA, A ELLA LE MARCO EL ABUELITO DEL SEÑOR Y LE DIJO QUE LA NIÑA NO HABIA COMIDO Y ESTABA LLORANDO, TAMBIEN LE MARCARON DE LA ESCUELA Y LE DIJERO QUE ELLA NO FUE, ELLA LE HABLO A SU EX PAREJA Y LE PREGUNTO QUE PORQUE NO HABIA IDO LA NIÑA A LA ESCUELA Y LE DIJO QUE SE HABIA QUEDADO DORMIDO, ELLA DESEA APOYO DEL AREA DE JURIDICO PARA INICIAR TRAMITE DE GUARDA Y CUSTODIA.",0.333333333333333,0.333333333333333,0,0,0,0.666666666666667,0
424,"ACUDE PARA TRAMITE DE PENSION ALIMENTICIA, MENCIONA QUE EL SOLO PROPORCIONA UNA CANTIDAD SEMANALE, PERO ESTO NO CUBRE LOS GASTOS DE LA MENOR",1,0,0,0,0,0,0
433,"REFIERE USUARIA TENER DOS AÑOS SEPARADA DEL PADRE DE SUS HIJOS, PERO EL NO LA APOYA ECONOMICAMENTE DESDE HACE UN AÑO, REQUIERE APOYO DEL AREA DE JURIDICO PARA TRAMITE DE PENSION. Y TOMAR TERAPIA PSICOLOGICA.",1,0,0,0,0,0,0
436,"USUARIA REFIERE QUE EMPEZARON UNA DISCUCION Y ELLA LO CORRIODE LA CASA, EL TOMO SUS COSAS Y SE FUE MENSIONA QUE YA HAY MUY POCA COMIUNICACION CON EL Y QUE EN CIERTAS OCACIONES LA HA AMENAZADO DE QUITARLE A LA NIÑA PERO DESDE EL DIA QUE SE SEPARARON NOLA HA AYUDADO ECONOMICAMENTE, EL SABE QUE ELLA ESTA ESTUDIANDO Y LE AYUDAN SUS PADRES PERO EL NO SE HA HECHO RESPONSABLE DE LA NIÑA Y TAMPOCO LA HA IDO A VER, REFIERE USUARIA QUE TEME QUE SE LA QUITE PUES CUANDO ESTUVO CON EL HABIA GOLPES E INSULTOS DE PARTE DE EL HACIA LA USUARIA.",1,1,0,0.333333333333333,0,0.333333333333333,0
442,"LA USUARIA MANIFIESTA QUE APROXIMADAMENTE HACE UN AÑO ACUDIO AL CENTRO DE JUSTICIA PARA LA MUJER PARA PEDIR ASESORAMIENTO JURIDICO PARA LA PENSION ALIMENTICIA DEL HIJO QUE TIENE EN COMUN CON SU EX PAREJA PERO YA NO SIGUIO EL PROCESO PORQUE NO CONTBA CON EL DINERO SUFICIENTE PARA RECABAR LA PAPELERIA QUE NECESITABA, DECIDE ACUDIR NUEVAMENTE PARA PRESENTAR UNA DEMANDA POR PENSION ALIMENTICIA Y GUARDA Y CUSTODIA DE SU HIJO.",0.666666666666667,0,0,0,0,0,0.333333333333333
444,"LA USUARIA ACUDE A SOLICITAR ASESORIA JURIDICA PARA DIVORCIO, MENCIONA TENER 20 AÑOS SEPARADA DE SU ESPOSO DEBIDO A LA VIOLENCIA QUE VIVIA CON ÉL Y DESDE ENTONCES NO TIENEN CONTACTO.",0,0.333333333333333,0,0.333333333333333,0,0,0.333333333333333
445,"LA USUARIA REFIERE QUERER ASESORIA JURIDICA PARA DEMANDA DE ALIMENTOS, MENCIONA QUE NO CUMPLE CON SUS OBLIGACIONES ALIMENTICIAS.",1,0,0,0,0,0,0
451,"LA USUARIA DICE QUE NO EXISTEN HECHOS DE VIOLENCIA FISICA O PSICOLOGICA DESEA PRESENTAR DEMANDA DE DIVORCIO PENSION DE ALIMENTOS, GUARDA Y CUSTODIA, YA QUE EL AGRESOR LA LIMITA DE DINERO,",0.666666666666667,0,0,0,0,0,0.333333333333333
455,"USUARI ACUDE A ASESORIA PARA TRAMITE DE PENSION ALIMENTICIA, REFIERE QUE SU EX PAREJA TIENE ALREDEDOR DE 2 AÑO QUE NO PROPORCIONA ALIMENTOS, MENCIONA QUE EN DOS OCASIONES SOLO LE HA LLEVADO CEREAL, FRIJOL Y LECHE",1,0,0,0,0,0,0
466,"LA USUARIA MENCIONA QUE SU EX PAREJA Y PADRE DE SU HIJO, NO CUMPLE CON SUS OBLIGACIONES ALIMENTICIAS, POR LO QUE SOLICITA SE LE BRINDE ASESORIA JURÍDICA PARA DEMANDA DE ALIMENTOS.",1,0,0,0,0,0,0
477,"LA USUARIA MENCIONA QUE SU PAREJA CON EL QUE VIVE EN UNIÓN LIBRE, LA VIOLENTA DE FORMA PSICOLOGICA.",0,0,0,1,0,0,0
490,"LA USUARIA MANIFIESTA QUE NO EXISTEN HECHPOS DE VIOLENCIA FISICA Y PSICOLOIGICA, SE LE NOTIFICO A LA USUARIA POR UNA DEMANDA DE JUICIO DE CONVIVENCIA, LA USUARIA DICE QUE DESDE HACE UN AÑO NO PERCIBE PENSION DE ALIMENTOS .",1,0,0,0,0,0,0
499,"LA USUARIA MANIFIESTA QUE SU EX PAREJA CON EL CUAL PROCREO DOS HIJOS, LOS CUALES SON MENORES DE EDAD, ES MUY IREGULAR CON LA PENSION ALIMENTICIA, LE DEPOSITA UNA VEZ POR MES O CUANDO NO QUIERE NO LE DEPOSITA Y NO RESPETA EL ACUERDO QUE TENIAN SOBRE EL TEMA DE LAS CONVIVENCIAS DE LOS MENORES. LA USUARIA HACE MENCION QUE HACE TRES SEMANAS APROXIMADAMENTE SE LLEVO A SU HIJA Y NO QUERIA ENTREGARLA. LA USUARIA DESEA ASESORIA LEGAL PARA LLEVAR A CABO EL TRAMITE DE LA PENSION ALIMENTICIAY LA GUARDA Y CUSTODIA DE LOS MENORES HIJOS.",1,0,0,0,0,0.666666666666667,0
509,"LA USUARIA MANIFIESTA QUE NO EXISTEN HECHOS DE VIOLENCIA FISICA O PSICOLOGICA, DESEA PASAR A LA AREA JURIDICA PARA ASESORIA YA QUE ELLA TIENE UN EXPEDIENTE . EN EL JUZGADO TERCERO DE PRIMERA INTANCIA EN MATERIA FAMILIAR.",0,0,0,0,0,0,1
515,"LA USUARIA MANIFIESTA QUE ESTA CASADA, CON QUIEN TIENE 10 AÑOS AÑOS DE CASADOS PERO HACE UN AÑO Y MEDIO SE SEPARARON A CAUSA DE UNA INFIDELIDAD POR PARTE DE EL, INICIARON EL TRAMITE DE DIVORCIO Y ESTABLECIERON UN CONVENIO PARA LA PENSION ALIMENTICIA Y GUARDA Y CUTODIA DE LA MENOR HIJA QUE TIENEN EN COMUN, EL CUAL YA SE FIRMO Y SE ESTABLECIO QUE LA USUARIA SE HARIA CARGO DE TODOS LOS GASTOS DE LA MENOR Y EL PAGARA LA CASA, PERO HAY MESES DONDE EL NO PAGA LA MENSUALIDAD DE LA CASA Y LA USAURIA LA TIENE QUE PAGAR. SU AGRESOR DICE QUE NO PAGA PORQUE TIENE OTROS GASTOS. LA USUARIA DESEA ASESORIA LEGAL PARA VER QUE SIGUE EN SU TRAMITE DEL DIVORCIO Y ESTABLECER DE NUEVO LA PENSION ALIMENTICIA.",1,0,0,0.333333333333333,0,0,0
521,"LA USUARIA MANIFIESTA QUE NO EXISTEN HECHOS DE VIOLENCIA PSCIOLOGICA Y FISICA, ELLA SOLO DESEA PASAR A DEMANDAR POR GUARDA Y CUSTODIA. YA QUE DICE QUE SU HIJA ESTA VIVIENDO CON SU PADRE BIOLOGICO PERO ACTUALMENTE LA CUIDA SU S TIAS PATERNAS, Y ELLAS EN OCASIONES NO LA DEJAN VER A SU HIJA",0,0,0,0,0,0.666666666666667,0.333333333333333
523,LA USUARIA MANIFIESTA QUE NO EXISTEN HECHOS DE VIOLENCIA FISICA Y PSICOLOGICA ELLA SOLO DESEA UN ASESORIA JURIDICA SOBRE LIQUIDACION DE SOCIEDAD CONYUGAL.,0,0.333333333333333,0,0.333333333333333,0,0,0.666666666666667
530,USUARIA ACUDE A SOLICITAR ATENCIÓN PSICOLÓGICA ( POR DUELO) Y ASESORÍA JURÍDICA. 8MENCIONA QUE TIENE UNA SEMANA SEPARADA),0,0,0,0,0,0,1
531,"LA USUARIA REFIERE QUE DESEA ASESORIA JURIDICA YA QUE QUIERE EL TRAMITE DE DIVORCIO PUES DURO 3 AÑOS CASADA Y EL LOS 3 AÑOS VIVIO CON VIOLENCIA FAMILIAR, LA GOLPEABA, LE QUEBRABA SUS CELULARES, LE FUE INFIEL, Y SI ELLA BUSCABA TRABAJO EL LE ROMPIA LA PAPELERIA Y EL NO QUERIA TRABAJAR Y TAMPOCO LA DEJABA TRABAJAR A ELLA, REFIERE QUE EL TAMIEN SE DROGABA CUANDO SE DEJARON QUE FUE HACE APROXIMADAMENTE 2 AÑOS EL LA BUSCABA AMENAZANDO QUE IBA A IR A CASA DE SUS PADRES PARA HACERLE DESASTRE ES POR ESTO QUE ELLA DESEA EL DIVORCIO PARA SEPARARSE JURIDICAMENTE YA",0.333333333333333,0.666666666666667,0.666666666666667,0.666666666666667,0,0,0
549,"USUARIA REFIERE QUE ELLA DESCUBRIO QUE SU ESPOSO LE ERA INFIEL Y ELLA DECIDIO IRSE DE LA CASA Y SOLAMENTE TOMO UN POCO DE ROPA Y UN DINERO QUE TENIAN, MENCIONA QUE SU EX PAREJA LE DIJO QUE YA NO SE ANDUVIERA PARANDO EN LA CASA, SI NO LA IBA A SACAR A PATADAS , MENCIONA QUE ELLA QUIERE REALIZAR EL TRAMITE DE DIVORCIO",0,0,0,1,0,0,0
558,"REFIERE USUARIA QUE LE NOTIFICARON LA SENTENCIA DE DIVORCIO. ELLA ESTABA LLEVANDO SU CASO CON UN ABOGADO PARTICULAR, PERO YA NO LA QUISO APOYAR CON EL ULTIMO ESCRITO QUE EL PIDIO EL JUEZ ,, PIDE APOYO DEL AREA DE JURIDICO PARA UNA ASESORIA YA QUE EL NO LA QUIERE APOYAR ECONOMICAMENTE.",1,0,0,0,0,0,0
561,"LA USUARIA MANIFIESTA QUE ELLA ESTABA EN SU DOMICILIO CONYUGAL CUANDO ALGUIEN LLEGO A ENTREGARLE UN DOCUMENTO ELLA LE DIJO QUE LO0 DEJARA EN LA PUERTA Y EL SEREFITO AL VERLO SE DIO CUENTA QUE ERAN TRAMITES DE DIVORCIO Y CUANDO EL LLEGO EL DEL TRABAJO ELLA LE HABLO A SUS HIJOS POR QUE ERA TEMA FAMILIAR Y EMPEZARON A PLATICAR, EL AGRESOR LE DIJO QUE QUERIA QUE SE FUERA DE LA CASA SU MAMA Y LOS NIÑOS EMPEZARON A LLORAR Y QUERIAN SABER PORQUE, EL LE DIJO QUE ELLA YA NO ES SU ESPOSA, QUE ELLA YA NO QUERIA SERLO Y QUERIA QUE SE FUERA Y QUE IBAN A CONTRATAR A ALGUIEN QUE LE AYUDE EN LA LIMPIEZA Y EL LE DIJO QUE A ELLA NO LE CORRESPONDE NADA, NI LA CASA, NI DINERO, NI NADA Y QUE TIENE LA SARTEN POR EL MANGO REFIRIENDOSE A QUE EL PUEDE HACVER LO QUE QUIERE Y CUANDO PUEDA QUE ASI NO SE PUEDE VIVIR, QUE ESTO ERA ESCARMIENTO PARA ELLA, QUE EN REALIDAD NO ES LEGAL PERO SI ELLA NO CAMBIA, QUE QUIERTEN SER COMO PAREJA, COMO NOVIOS LO VA PRESENTAR LEGAL Y SE IRA CON LO QUE TRAE OPUESTO, QUE SOLO FUE UN SUSTO PARA ELLA, NO PENSO QUE LOS NIÑOS SE IBAN APONER ASI, QUE EL LO IBA A PENSAR PARA HACERLO LEGAL",0.666666666666667,0,0.333333333333333,0.333333333333333,0,0,0.333333333333333
574,"LA USUARIA MANIFIESTA QUE SU EX PAREJA NO LE HA OTORGADO LA PENSION ALIMENTICIA A LA MENOR HIJA QUE TIENEN EN COMUN, DEBIDO A QUE EL RENUNCION EN EL TRABAJO ENE L CUAL SE LE DESCONTABA UN PORCENTAJE DE SU SUELDO. LA USUARIA HACE MENCION QUE LE DABA PENSION ALIMENTICIA PERO LE DEJO DE DAR. LA USUARIA HACE REFERENCIA QUE INTERPUSO UNA DEMANDA POR PENSION ALIMENTICIA, EN EL JUZGADO TERCERO DE LO FAMILIAR. LA USUARIA DESEA ASESORIA LEGAL PARA SOLICITAR NUEVAMENTE LA PENSION ALIMENTICIA DE LA MENOR HIJA.",1,0,0,0,0,0,0
580,"REFIERE USUARIA QUE REQUIERE ASESORIA PARA PENSION ALIMENTICIA YA QUE TIENE SEPARADA DE SU EX ESPOSO 10 AÑOS Y NO LA APOYA ECONOMICAMENTE, DESEA INICIAR TRAMITE PARA PENSION.",1,0,0,0,0,0,0
589,"USUARIA SEPARADA ACUDE A SOLICITAR ASESORÍA LEGAL PARA TRÁMITE (SEGUIMIENTO) DIVORCIO INICIO EL PROCESO SIN EMBARGO EL SEÑOR ESTA INCUMPLIENDO CON LA PENSION ALIMENTICIA, HAY DIAS QUE LE DEPOSITA Y OTROS NO LA PERSONA QUE QUEDO COMO AVAL ACTUALMENTE TAMBIEN INCUMPLE",1,0,0,0,0,0,0
590,"LA USUARIA MANIFIESTA QUE HACE MESES SE SALIO DE SU DOMICILIO DEBIDO A QUE SU ESPOSO NO ESTABA APORTANDO PARA EL GASTO Y YA ERAN MUCHAS DISCUSIONES, ELLA REGRESO Y DESDE ESA FECHA EL NO APORTA PARA EL GASTO DE LA CASA Y LA USUARIA SE HACE CARGO DE TODOS LOS GASTOS DE LA CASA Y DE LOS MENORE SHIJSO QUE TIENE EN COMUN CON SU ESPOSO. LA USUARIA DESEA ASESORIA LEGAL PARA LLEVAR A CABO SU DIVORCIO, SOLICITAR PENSION ALIMENTICIA, LA GUARDA Y CUSTODIA, DESEA SEPARACION DE PERSONAS.",1,0,0,0.333333333333333,0,0,0
591,"LA USUARIA MANIESTA QUE NO EXISTEN HECHOS DE VIOLENCIA FISICA NI PSICOLOGICA, ELLA DESEA PRESENTAR DEMANDA DE PENSION DE ALIMENTOS, GUARDA Y CUSTODIA, YA QUE DICE QUE DESDE LA SEMANA PASADA NO LE DIO EL DINERO SUFICIENTE YA QUE PROCREARON UNA HIJA QUE TIENE UNA DISCAPACIDAD, Y ELLA NECESITA ATENCION ESPECIAL.TERAPIA PSICOLOGICA GRUPAL",1,0,0,0,0,0,0
608,"USUARIA REFIERE QUE SU ESPOSO LLEGO DE OTRO PAIS DESPUES DE AÑOS DE NO VERLO PERO SI HABLABAN CUANDO ESTABA EL ALLÁ, Y AL LLEGAR DURO 4 MESES CON SU FAMIIA Y NO ERA EL, YA NO SE COMUNICABAN PARA NADA, COMO SI FUERAN EXTRAÑOS NI A ELLA NI A SUS HIJOS, EL COMPRABA SUS CENA Y SE METIA AL CUARTO DESPUES DE ESOS 4 MESES EL SE FUE A VIVIR CON SU MAMA Y HASTA EL DIA DE HOY NO HAN TENIDO COMUNICACION Y EL NO LA HA AYUDADO EN NADA PARA SUS HIJOS USUARIA DESEA ASESORIA JURIDICA PARA EL DIVORCIO Y PENSION ALIMENTICIA PARA SU MENOR HIJA",0.666666666666667,0,0,0,0,0,0.333333333333333
612,"LA USUARIA MANIFIESTA QUE EN EL DOMICILIO , EL SEÑOR HACE MENCIÓN QUE NO LE VA A VOLVER A DAR DINERO DICIENDO ""QUE AL CABO LOS ABOGADOS NO LE IBAN A QUITAR PARA DARLE DINERO Y QUE LA ASA ERA DE EL"", LA USUARIA SOLICITA APOYO JURIDICO PARA TRAMITE DE PENSIÓN ALIMENTICIA.",1,0,0,0.333333333333333,0,0,0
627,"LA USUARIA MANIFIESTA QUE ESTANDOEN EL DOMICILIO, ESTANDO ELLA ACOMPAÑADA DE SU ACTUAL PAREJA, PASA EL SEÑOR, SE ESTACIONO Y EMPEZO A DECIR ""QUE EL ME HABIA COGIDO PRIMERO, QUE ERA UNA DE LO PEOR, Y ASI ESTUVO HASTA QUE SU PAREJA ACTUAL, SE ARRIMO JUNTO A SU FAMILIA Y DECIRLE DE LA MEJOR MANERA QUE SE FUERA, QUE SE RETIRARA DE AHI POR FAVOR. LA USUARIA PASA A MP PARA SOLICITAR UNA ORDEN DE PROTECCIÓN PARA EVITAR QUE ESTA PERSONA LA SIGA MOLESTANDO E INSULTANDO.",0,0,0,1,0,0,0
630,"USUARIA ACUDE A SOLICTAR ASESORÍA LEGAL PARA TRÁMITE DE DIVORCIO Y PENSION ALIMENTICIA, ESTA CASADA POR BIENES MANCOMUNADOS, SE SEPARARON HACE AÑOS, TIENE 2 HIJOS EN COMÚN. EL SEÑOR INCUMPLE CON OBLIGACIONES ALIMENTICIAS, NO CONVIVE CON LOS MENORES. LA ULTIMA VEZ QUE SE COMUNICO FUE HACE 2 MESES. ACTUALMENTE NO TIENE CONTACO CON EL SEÑOR.",1,0,0,0,0,0,0
635,"LA USUARIA MANIFIESTA QUE EL SEÑOR LLEGO, PARA HACERLE LLEGAR UN CITATORIO, PARA QUE SE PRESENTARA CON UN ABOGADO DE OFICIO EL CUAL LE ESTABA TRAMITANDO SU DIVORCIO, LA USUARIA SOLICITA APOYO PARA JURIDICO Y SE LE APOYE EN EL CONVENIO PARA TRAMITE DE CONVENIO, YA QUE ELLA SOLICITA QUE SE LE TRAMITE UNA COMPENSACIÓN POR EL TIEMPO QUE DURO CASADA.",0,0,0,0,0,0,1
643,"LA USUARIA MANIFIESTA QUE SE SEPARÓ DEL PADRE DEL MENOR DE SUS HIJOS HACE MESES. DICE QUE ÉL PRETENDE REGRESAR CON ELLA PERO ELLA YA DESEA ""HACER VIDA"" CON OTRO HOMBRE. MENCIONA QUE ÉL LA CITÓ CON AL PARECER UNA ABOGADA Y FIRMÓ ALGO DONDE CREE QUE DECÍA QUE TENÍAN LA CUSTODIA COMPARTIDA, DÍAS CON ÉL Y DÍAS CON ELLA Y ÉL LE DARÍA UNA CANTIDAD A LA SEMANA, DICE QUE SI BIEN NO LE HAN NOTIFICADO NADA, NO HA IDO A ALGUNA AUDIENCIA O JUICIO. NARRA QUE ACUDIERON A SU DOMICILIO TANTO SU EX PAREJA COMO SU MAMÁ Y LE DIJERON QUE IRÍAN A CENTRO PARA QUE LE QUITARAN A SUS HIJOS. A USUARIA DESEA ASESORÍA LEGAL",0,0,0,0,0,0.666666666666667,0
650,"LA USUARIA MANIFIESTA QUE SE DIVORCIÓ HACE AÑOS. DICE QUE ACTUALMENTE SU EX ESPOSO LE HABLA MAL DE ELLA A SUS HIJOS, PERO DICE QUE NO QUIERE QUE SE SUSPENDAN LAS CONVIVENCIAS ENTRE ELLOS. DICE QUE ÉL LA CRITICA MUCHO COMO MADRE Y NO SABE COMO HACER QUE ESO NO LE AFECTE.FUERON ELLA Y SU ACVTUAL PAREJA A CASA DE ÉL PARA INTENTAR HABLAR LAS COSAS, PERO DICE QUE DISCUTIERON Y SU EX ESPOSO DENUNCIÓ EN FGE, ASIGNANDOLE A LA PAREJA DE ELLA CITA A MASC POR EL DELITO DE LESIONES. DICE QUE NO ESTÁ SIENDO VÍCTIMA DE LA COMISIÓN DE UN DELITO. LA USUARIA ES CANALIZADA PARA INTERVENSIÓN PS.",0,0,0,0.666666666666667,0,0.333333333333333,0.333333333333333
684,"LA USARIA MANIFIESTA QUE, ACUIDIO SU EX PAREJA ACUANDO DE MAENERA AGESIVA EXIGIENDO HABLAR CON ELLA Y ANTE LA NEGATIVA ROMPIO EL CRISTAL DE ENFRENTE DELCARRO CON UN DESARMADOR Y EL VIDRIO DE ATRAS CON UNA PIEDRA ROMPIENDOLO TODO, LA USUARIA ESTABA MARCANDO A LA POLICIA EL SE PERCATO Y SE FUE. LA USUARIA ACUDE A DENUNCIAR Y POR UNA MEDIDA DE PROTECCION",0,0,1,1,0,0,0
687,"USUARIA REFIERE QUE ESTABAN EN EL DOMICILIO DEL AGRESOR EN UNA REUNION CON AMIGOS Y SU PAREJA CUANDO ELLA LE DIJO A SU PAREJA QUE NO TENIAN AGUA QUE SI IBAN, EL NO QUISO Y ELLA TOMO LA CAMIONETA PERO YA ESTABA UN POCO TOMADA Y EL SE SUBIO DE COPIOLOTO PARA ACOMPAÑARLA, Y NO TUVO MUCHO CUIDADO Y CASI CHOCA CON OTRO CARRO Y EL SE MOLESTO Y LE DIJO QUE POR QUE TOMABA LA CAMIONETA POR COMO ANDABA Y ELLA SE MOLESTO TAMBIEN SE SALIO ENOJADA Y SE CAMBIO DE LUGAR CON EL, AHORA EL MANEJABA Y EMPEZARON A DISCUTIR QUE POR QUE CASI LE PEGA NO SOLO AL CARRO SI NO A UN CAMION QUE VENIA AL OTRO LADO, Y DISCUTIRON MAS COSAS PERSONALES DE ELLOS QUE ERAN PELEAS ANTIGUAS, MENSIONA ELLA QUE ES LA PRIMERA VEZ QUE EL SE EXALTA TANTO EL LES QUISO MARCAR A LOS PAPAS DE LA USUARIA PUES LE DIJO QUE YA NO QUERIA QUE VIVIERAN JUNTOS ELLA LES DIJO QUE NO LOS MOLESTARA Y LE QUITO EL CELULAR, EL SE LO QUITO DE UELTA ENOJADO Y LO LANZO HACIA EL SUELO, ROMPIENDOLO Y LE QUITO EL TELEFONO A LA USUARIA Y ELLA SE LO QUISO QUITAR PERO NO PODIA, PERO EN ESE MOMENTO LLEGO LA HERMANA DE EL Y AHI APROBECHO ELLA PARA QUITARLE SU TELEFONO DESPUES ELLA LE MARCO A SUS PAPAS Y FUERON POR ELLA Y SE FUE",0,0,1,1,0,0,0
691,"LA USUARIA DICE QUE EXISTEN HECHOS DE VIOLENCI APSICOLOGICA (NO DICE DE QUE TIPO )NO DESEA DENUNCIAR SOLO TRAMITAR LA PENSION DE ALIMENTOS, GUARDA Y CUSTODIA DICE QUE HACE 02 AÑOS Y MEDIO NO LE DA DINERO PARA SUS HIJAS QUE AMBOS PROCREARON ELLA DESEA DEMANDAR",1,0,0,0.666666666666667,0,0,0
698,USUARIA ACUDE POR ASESORIA POR TRAMITE DE PENSION ALIMENTICIA,0.666666666666667,0,0,0,0,0,0.333333333333333
699,USUARIA ACUDE PARA ENTREGA DE REQUITOS DE PENSION ALIMENTICIA,0.666666666666667,0,0,0,0,0,0.333333333333333
703,"USUARIA REFIERE QUE SU EX PAREJA NO CUMPLE CON SU PENSION ALIMENTICIA, MENCIONA QUE EL VIERNES SU EX PAREJA FUE A LA ESCUELA DE LA MENOR Y LE DIJO QUE EL IBA A SER LO POSIBLE POR QUE ELLA SE FUERA CON EL Y QUE LA TENDRIA EN UN LUGAR MEJOR,",1,0,0,0.333333333333333,0,0.666666666666667,0
704,"LA USUARIA MANIFIESTA QUE NO EXISTEN HECHOS DE VIOLENCIA HACIA ELLA, DESEA PRESENTAR DEMNADA DE PENSION DE ALIMENTOS, GUARDA Y CUSTODIA DE SUS DOS HIJOS QUE PROCREARON HACE 04 AÑOS Y MEDIO EL AGRESOR NO LE DA PENSION DE ALIMENTOS",1,0,0,0,0,0.333333333333333,0
706,USUARIA ACUDE PARA REQUISITOS DE PENSION ALIMENTICIA,0.666666666666667,0,0,0,0,0,0.333333333333333
713,"LA USUARIA MANIFIESTA QUE ESTANDO EN ELDOMICILIO, LE TOCAN SU PUERTA, PARA LO QUE SALE SU HERMANO Y ESCUCHA QUE LA BUSCA A ELLA LA SEÑORA, ACOMPAÑADA DE SU ESPOSO E HIJOS, PERO ESTE LE DICE QUE NO ESTA, SALE SU MAMA Y LA EMPIEZAN A AGREDIR VERBALMENTE ENTONCES SALE ELLA Y EMNPIEZA A DECIR QUE LAS COSAS CON RESPETO,PERO ESTE LE EMPIEZA A DECIR QUE ES UNA LADRONA QUE ROBO SUS PASOS DEL SHOW Y QUE AHORA LOS USA EN OTRO SHOW LA AGREDE FISICAMENTE DANDOLE Y UN PUÑETAZO EN LA NUCA Y JALANDO LOS CABELLOS, EN EL ESTRUJON LE ROMPE UNA UÑA DEL DEDO ANULAR DE LA MANO IZQUIERA. LA USUARIA ES CANALIZADA A FISCALIA",0,1,0,1,0,0.333333333333333,0
720,"LA USUARIA MANIFIESTA QUE IBA LLEGANDO A SU CASA, SU VECINO LA ESCUCHA LLEGAR Y SALE A LA BANQUETA, COMIENZA A CHISTABA Y LE GRITABA ""VECINA, VECINA, VECINA"" ELLA LO IGNORO Y ENTRO A LA CASA. LA USUARIA HACE MENCION QUE DESDE HACE MESES QUE QUEDO VIUDA SU VECINO SE SIENTA EN EL PATIO DE LA CASA DE EL Y SE QUEDA OBSERVANDO LA CASA DE ELLA, SIEMPRE LE GRITA ""VECINA"", EN UNA OCASION LE DEJO CERVEZA EN SU VENTANA, Y SU VECINO HIZO UN FACEBOOK FALSO Y LE MANDO MENSJAES DICIENDOLE QUE LA QUIERE CONOCER, QUE ESTABA QUE ESTA SOLA Y NECESITA UN HOMBRE, Y QUE EL QUERIA ESTAR CON ELLA, ""YA ES MUCHO TIEMPO, NO TE DAN GANAS DE TENER SEXO"", LE DIJO QUE ERA SU VECINO. LA USUARIA TIENE MIEDO PORQUE CASI SIEMPRE ESTA ALCOHOLIZADO Y ES UNA PERSONA AGRESIVA, PORQUE GOLPEA A SU ESPOSA. LA USUARIA DESEA PRESENTAR DENUNCIA, OBTENER UNA MEDIDA DE PROTECCION.",0,0,0,1,0.666666666666667,0,0
725,"USUARIA MENCIONA QUE OTROGABA VALES DE PRÉSTAMO Y MUCHAS PERSONAS, DEJARON DE PAGARLE, REALIZO UN CONVENIO PARA PODER PAGAR EL DINERO ATRASADO, SIN EMBARGO EL DEPARTAMENTO DE COBRANZA DE LA FINANCIERA LE LLEVO UN DOCUMENTO EXTRAOFICIAL,EN DONDE EXIGEN EL PAGO. SOLICITA ASESORÍA LEGAL CANALIZADA A DEFENSORÍA PÚBLICA , NO REFIERE VIOLENCIA POR PARTE DE SU PAREJA, HACE AÑOS INTERPUSO UNA DENUNCIA SIN EMBARGO EN LA ENTREVISTA ARROJA VIOLENCIA PSICOLÓGICA . POR EL MOMENTO NO DESEA ATENCIÓN PSICOLOGICA, YA QUE LE INTERESA ARRGLARLA SITUACION CON L A FINANCIERA",0,0,0,0.666666666666667,0,0,0.333333333333333
726,LA USUARIA MANIFIESTA QUE NO VIVE VIOLENCIA PSICOLOGICA NI FISICA POR PARTE DEL AGRESOR ELLA SOLO DESEA TRAMITAR LA PENSION DE ALIMENTOS DIVORCIO GUARDAY CUSTODIA. TERAPIA PSICOLOGICA GRUPAL LOS DIAS SABADOS,0.666666666666667,0,0,0,0,0,0.333333333333333
727,"LA USUARIA MANIFIESTA QUE ESTA CASADA CON EL CUAL PROCREO HIJOS, DE LOS CUALES DOS SON MENORES DE EDAD Y UNO ESTA ESTUDIANDO LA UNIVERSIDAD, HACE MESES SE SEPARARON DEBIDO A DIFERENCIAS EN EL MATRIMONIO, DESDE ESA FECHA SU ESPOSO NO LE DA PENSION ALIMETICIA PARA SUS HIJOS, Y CUANDO LA USURIA LE SOLICITA DINERO EL LE DICE QUE NO TIENE Y QUE PONGA A TRABAJAR AL HIJO QUE ES MAYOR DE EDAD. LA USUARIA HACE MENCION QUE CUANDO SE SALIO DEL DOMICILIO CONYUGAL, SU ESPOSO SE QUEDO CON TODOS LOS MUEBLES DE LA CASA, PORQUE NO LE PERMITIO LLEVARSE MAS QUE SOLAMENTE UN REFRIGERADOR Y UN MICROONDAS. LA USUARIA DESEA ASESORIA LEGAL PARA TRAMITAR SU DIVORCIO, PENSION ALIMENTICIA Y GUARDA Y CUSTODIA DE LOS MENORES.",1,0,1,0.666666666666667,0,0,0
742,"USUARIA ACUDE A SOLICITAR ATENCIÓN PSICOLÓGICA, DEBIDO A QUE HACE 1 AÑO FALLECIO SU PADRE,MENCIONA QUE O PUEDE HACER LO QUE QUIERE. SIENTE QUE SU ESPOSO NO LA DEJA AVANZAR, QUIERE VOLVER A SENTIR ENTUSIASMO POR LA VIDA, EN ENTREVISTA INICIAL REFIRIO VIOLENCIA ´PSICOLÓGICA Y ECONÓMICA EJERCIDA POR SU ESPOSO",1,0,0,1,0,0,0
751,"USUARIA REFIERE QUE ACUDIO A DENUNCIAR VIOLENCIA A SU EX PAREJA, COMENTA QUE ES EL TOIEMPO QUE TIENEN SEPARADOS, COMENTA QUE CUANDO SE SEPARO ELLA QUEDO EMBARAZADA Y SU BEBE LA CUAL NO HA SIDO RECONOCIDA POR EL, TAMBIEN COMENTA QUE INTERPUSO DEMANDA DE ALIMENTOS PERO SU EX PAREJA SE SALE DE LOS EMPLEOS PARA EVITRAR PROPORCIONAR ALIMENTOS POR LO QUE YA FUE A MINISTERIO PUBLICO Y AHI LE SOLICITARON COPIA DE SU EXPEDIENTE ANTE MINISTERIO PUBLICO POR LA VIOLENCIA Y COPIAS DE SU TRAMITE D E PENSION ALIMENTICIA, (TRAE ESCRITO DE SOLICITUD) SE CANALIZA A DEFENSORIA PARA EL TRAMITE DE RECONOCIMIENTO DE PATERNIDAD.",1,0,0,0.666666666666667,0,0.333333333333333,0
758,"REFIERE USUARIA QUE SE ENCUENTRA SEPARADA DEL PADRE DE SU HIJA, EL NUNCA LA HA APOYADO ECONOMICAMENTE POR LO QUE DESEA ASESORIA JURIDICA PARA PENSION ALIMENTICIA.",1,0,0,0,0,0.333333333333333,0
761,"L AUSUARIA MANIFIESTA QUE NO EXITEN HECHOS DE VIOLENCIA PSICOLOGICA NI FISICA POR PARTE DEL AGRESOR , ELLA DESEA ASESORIA JURIDICA YA QUE EL HIJO QUE AMBOS PROCREARON NO QUIERE VER A SU PADRE DURANTE LAS VISITAS DE CONVIVENCIA, ELLA DICE QUE PENSARA EN REALIZAR EL TRAMITE DE GUARDA Y CUSTODIA.",0,0,0,0,0,0,1
772,"USUARIA MENCIONA QUE TUVO UNA CRISIS DE ANSIEDAD, PRESENTO TAQUICARDIA, SENTIA QUE SE IBA VA A MORIR, TAMBIEN ALGO EN LA GARAGTANTA QUE NO LA DEJABA RESPIRAR. ACUDIA A TERAPIA, PERO LE QUEDA MUY LEJOS DE SU DOMICILIO, Y NO CUENTA CON SOLVENCIA ECONÓMICA PARA TRASLADARSE HASTA ALLA. TUVO AÑOS DE RELACION CON EL PADRE DE SU HIJA, PERO CUANDO ÉL SE ENTERO QUE ESTABA EMBARAZADA SE REGRESO A SU ESTADO POR CUESTIONES LABORALES, SIN EMBARGO YA NO REGRESO NI SE COMUNICO CON LA USUARIA, POR LO QUE ELLA TUVO QUE REGISTRAR A LA MENOR CON SUS APELLIDOS. EN ENTREVISTA INICIAL REFIERE VIOLENCIA PISCOLOGICA, FÍSICA Y ECONÓMICA. DESEA ATENCIÓN PSICOLÓGICA Y ASESORÍA LEGAL PARA TRÁMITE DE PENSIÓN ALIMENTICIA",1,0.666666666666667,0,0.666666666666667,0,0,0
774,"USUARIA MENOR DE EDAD ACOMPAÑADA POR SU MADRE ACUDE A SOLICITAR ATENCIÓN PSICOLÓGICA , DEBIDO A QUE PRESENTO UNA CRISIS DE ANSIEDAD EN LA SECUENDARIA PORQUE UNA COMPAÑERA LA ESTABA ACUSANDO DE HABER LASTIMADO EMOCIONALMENTE A OTRA, LA MENOR COMENZO SENTIR MUCHO CORAJE, DOLOR EN EL PECHO Y NO PODIA RESPIRAR, UNA PRIMA LA TRANQUILIZO Y PUDO LLAMARA AS U MADRE. REFIERE EN ENTREVISTA INICIAL VIOLENCIA PSICOLÓGICA POR PARTE DE SU EX NOVIO, CON EL CUÁL TUVO UNA RELACIÓN Y TERMINO CON ÉL, YA QUE DISCUTIAN MUCHO, COMENTA QUE SE ABURRIO Y DESEA ENFOCARSE EN SUS ESTUDIOS Y TRABAJAR. HA PERDIDO PESO, APETITO, PRESENTA FALTA DE SUEÑO, MENCIONA QUE SE SIENTE TRISTE Y LE DAN GANAS DE LLORAR SIN RAZON. HACE MESES PRESENTO UN INTENTO DE SUICIDIO.",0,0,0,1,0,0,0
778,"LA USUARIA MANIFIESTA QUE TIENE DOS MENORES HIJOS CON SU EX PAREJA, SE SEPARARON Y DESDE ESA FECHA NO LE HA PASADO PENSION ALIMENTICIA PARA LOS MENORES, SOLO EN UN MES DEL AÑO EN CURSO LE DIO COVID A LA USUARIA CON LOS DOS MENORES Y ELLA LE PIDIO AYUDA Y EL LE MANDO UNA CANTIDAD, PERO DESDE ENTONCES YA NO LE MANDO DINERO Y TAMPOCO A VISITADO A LOS MENORES, LA ULTIMA VEZ QUE LOS VIO FUE HACE TIEMPO, EN ESA OCASION SE VIERON DEBIDO A QUE LE PIDIERON LAS ACTAS DE NACIMIENTO PORQUE EL LOS IBA A DAR DE ALTA EN EL SEGURO PERO NO NUNCA LE DIO EL NUMERO DE SEGURO SOCIAL. LA USUARIA DESEA ASESORIA LEGAL PARA TRAMITAR LA PENSION ALIMENTICIA, GUARDA Y CUSTODIA DE LOS MENORES HIJOS QUE TIENE ENE COMUN CON SU EX PAREJA.",1,0,0.333333333333333,0.666666666666667,0,0,0
797,"LA USUARIA MANIFISTA QUE NO EXISTEN HECHOS DE VIOLENCIA FISICA NI PSICOLOGICA HACIA ELLA, SOLO DESEA TRAMITAR EL DIVORCIO YA HACE AÑOS NO VICE CON SU ESPOSO, ELLA DICE QUE EL AGRESOR NO LE DA PARA LOS GASTOS DE LA HIJA QUE AMBOS PROCREARON DESEA DEMANDAR POR DIVORCIO. TERAPIA PSICOLOGICA GRUPAL",0.666666666666667,0,0,0.333333333333333,0,0.333333333333333,0.333333333333333
813,USUARIA ACUDE PARA REQUISITOS DE GUARDIA Y CUSTODIA,0,0,0,0.333333333333333,0,0,0.666666666666667
815,"LA USUARIA HACE MENCION QUE LA USUARIA VA CAMINANDO, Y ELLA IBA CON UN AMIGO Y COMIENDOSE UNA NIEVE, CUANDO EL SEÑOR SE LE ACERCA Y EL LE DICE QUE QUIERE HABLAR CON ELLA, ELLA LE DICE QUE YA NO QUIERE NADA CON EL, Y QUE POR ESO NO LE CONTESTA LOS MENSAJES. ESTE LE ESTIRA LA BLUSA Y EL BRASSIER A LO QUE EL LE DICE QUE LA VA A ENCUERAR, A LO QUE ELLA LE DICE QUE YA SE VA CASA DE SUS TIAS, PASAN LOS DIAS Y LA VUELVE A BUSCAR, A ACOSARLA POR LO QUE ELLA TOMA TERAPIA PSICOLOGICA Y SE VIO EN LA NECESIDAD DE CAMBIAR DE NUMERO DE TELEFONICO. LA USUARIA SOLICITA UNA MEDIDA DE PROTECCIÓN ANTE MP. D",0,0.333333333333333,0.333333333333333,1,1,0,0
821,USUARIA ACUDE PARA REQUISITO DE DIVORCIO,0,0,0,0,0,0,1
844,USUARIA ACUDE A PEDIR ORIENTACION A YA QUE MENCIONA TIENE 6 MESES DE EMBARAZO Y REFIERE QUE ELLA SUFRE DE QUE S ELE BAJA LA PRESION Y ELLA YA HBLO CON SU SUB GERENTE Y ESTE NO LA AYUDA Y ELLA TIENE MIEDO A PERDER A SU BEBE Y NO QUIERE DEJAR EL TRABAJO POR SU INCAPACIDAD .,1,0,0,0.333333333333333,0,0,0
848,"REFIERE USUARIA QUE TIENE SEPARADA 5 MESES DEL PADRE DE SUS HIJOS, PERO EL NO LA APOYA ECONOMICAMENTE, SOLO LA AMENAZA DICIENDOLE QU ESE LOS VA A QUITAR ELLA DESEA ASESORIA POR PARTE DEL AREA JURIDICA PARA TRAMITE DE GUARDA Y CUSTODIA Y PENSION ALIMENTICIA,",1,0,0,0.666666666666667,0,1,0
850,"LA USUARIA MANIFIESTA QUE ESTANDO EN SU DOMICILIO, CON SU NUEVA PAREJA EL SEÑOR, SUFRIO UNA CRSIS DE ESTRES Y ANSIEDAD, PARA LO CUAL ELLA SE ESTRESA MUCHO Y SOLICITA AYUDA PSICOLOGICA, ASÍ COMO BUSCA EL APOYO JURIDICO PARA EL TRAMITE DE PENSIÓN DE SUS DOS MENORES HIJOS QUE SON HIJOS DE SU EX PAREJA. LA USUARIA ESTA DESUBICADA, NO SABE LO QUE QUIERE, BUSCA MAS APOYO PARA LA PAREJA QUE TUVO UN INTENTO DE SUICIDIO, QUE NO HACE CIERTAS COSAS PARA QUE EL NO SUFRA, PERO ELLA ESTA COMPLETA DEPRESION Y DEPENDIENTE DE SU PAREJA. LA USUARIA SE CANALIZA A JURIDICO Y PSICOLOGICA.",0.666666666666667,0,0,0.666666666666667,0,0,0.333333333333333
860,"LA USUARIA MANIFIESTA QUE SE SEPARO CON QUIEN VIVIA EN UNION LIBRE Y PROCREO DOS MENORES HIJOS, LA USUARIA HACE MENCION QUE DESDE QUE SE SEPARARON EL ES MUY IRREGULAR CON LA CANTIDAD DE DINERO, A VECES NO LE DA Y EN POCAS OCASIONES VA POR ELLOS O DEJA PLANTADOS A LOS NIÑOS CUANDO EL LES DICE QUE TAL DIA IRA. LA USUARIA DESEA ASESORIA JURIDICA PARA TRAMITAR LA PENSION ALIMENTICIA, GUARDA Y CUSTODIA DE SUS DOS MENORES HIJOS QUE TIENE EN COMUN CON SU EX PAREJA.",1,0,0,0.333333333333333,0,0.333333333333333,0
865,"LA USURIA DESEA ASESORIA JURIDICA PARA LA GYC DE SU MENOR HIJO,",0,0,0,0.333333333333333,0,0,0.666666666666667
871,"LA USUARIA MANIFIESTA QUE ACTUALMENTE ESTÁ ESTUDIANDO LA LICENCITURA, PERO ESTÁ TENIENDO COMPLICACIONES PARA PODER PAGAR LA CARRERA. DESEA DEMANDARLE PENSIÓN ALIMENTICIA A SU PAPÁ YA QUE DESDE QUE ELLA TENÍA 3 AÑOS, DEJÓ DE APOYARLA ECONÓMICAMENTE",1,0,0,0.333333333333333,0,0,0
879,"USUARIA MENCIONA QUE TIENE 25 AÑOS DE CASADOS Y REFIERE QUE HACE DOS MESES DESCUBRIO QUE LE ERA INFIEL, ELLA QUIERE QUE EL SE SALGA DEL DOMICILIO MENCIONA QUE LA AGREDE PSICOLOGICAMENTE. Y SE QUIERE DIVORCIAR",0,0,0,1,0,0,0
884,"LA USUARIA MANIFIESTA QUE EN EL DOMICILIO DICE QUE SU ESPOSO, EVADE LA SITUACIÓN QUE VIVE, QUE SU HIJA VIVE EN DEPRESIÓN Y ENOJO CONSTANTEMENTE POR EL TRAUMA QUE VIVIO CON SU PAPA EN CUESTION DE DROGAS, PERO QUE SU HIJA LE AFECTO Y ESO HA HECHO QUE SU HIJA ESTA A DEFENSIVA DE TODOS, ACUDE LA USUARIA PORQUE SIENTE QUE YA NO AGUANTA LA SITUACIÓN, LA USUARIA FUE ATENDIDA POR TRAUMATOLOGO POR PROBLEMAS DE RODILLAS, ESTE LA CANALIZO A PSIQUIATRIA, EL CUAL LE DIJO QUE TENIA QUE SOLTAR TODO LOS PROBLEMAS QUE ELLA SE HA COMIDO, ELLA DICE QUE NECESITA MUCHA PAZ, ESTA DESESPERADA POR CUESTIONES QUE NO SON DE ELLA PERO QUE ELLA CARGA. LA USUARIA SOLICITA AYUDA PSICOLOGICA.",0,0,0,1,0,0,0
3506,"USUARIA MENCIONA QUE TIENEN 17 AÑOS CASADA, UNA HIJA EN COMUN CON SU ESPOSO CON QUIEN HA VIVIDO VIOLENCIA PSICOLOGICA Y ECONOMICA, ES USUARIA QUIEN CUBRE CON LOS GASTOS Y NECESIDADES EL HOGAR Y DE SU HIJA. HACE DOS SEMANAS OPTO POR SEPARARSE PERO SU ESPOSO HA ESTADO INSISTIENDO EN REGRESAR CON ELLA POR LO QUE USUARIA NO TIENE NINGUN INTERES EN RETOMAR SU RELACION, HOY ACUDE A SOLICITAR ASESORIA JURIDICA PARA INICIAR EL TRAMITE DE DIVORCIO, SE RESUELVEN DUDAS Y SE BRINDAN REQUISITOS CORRESPONDIENTES.",1,0,0,1,0,0,0
3524,"HACE 1 AÑO MI EX PAREJA YA NO FUE AL DOMICILIO YA QUE ME DIJO QUE SU ESPOSA ESTABA ENFERMA Y TENIA QUE CUIDAR A SUS HIJAS, LO ESTUVE APOYANDO DURANTE ESE TIEMPO QUE ESTUVO CON SU ESPOSA PERO MI EX PAREJA NO ACUDÍA A NUESTRO DOMICILIO, FALLECIÓ SU ESPOSA ANTERIOR Y MI EX PAREJA SOLO VIO EN 3 OCASIONES A NUESTROS MENORES HIJOS Y DESDE ESE ENTONCES YA NO ACUDE A VER A NUESTROS HIJOS APROXIMADAMENTE TIENE 7 MESES QUE NO HA IDO A VERLOS.

POSTERIORMENTE ACUDÍ A PRONNIF PARA CITAR A MI EX PAREJA Y LLEGAR A UN CONVENIO PARA EL PAGO DE LA PENSIÓN ALIMENTICIA Y LAS CONVIVENCIAS, AUN ASÍ REALIZADO EL CONVENIO MI EX PAREJA NO LES HA LLAMADO A NUESTROS HIJOS Y NO ACUDE A VERLOS, PARA LA PENSIÓN ALIMENTICIA ME DEPOSITA $500 PESOS POR PERSONA PERO SE LE PASA A VECES EN DEPOSITARME.",1,0,0,0.666666666666667,0,0.333333333333333,0
3530,"USUARIA REFIERE QUE AGRESOR ES SU EXNOVIO, EN EL ULTIMO HECHO EL AGRESOR EN ESTADO DE EBRIEDAD, AGRESOR CONSUMIO DROGAS REFIERE QUE AGRESOR ESTABA MOLESTO POR CELOS, USUARIA LE PUDE QUE SE VAYA DE SU CASA, AGRESOR SE VA, REGRESA Y LE QUITA EL TELEFONO A USUARIA, LA INSULTA ""ERES UNA PUTA, ZORRA, NACA, PENDEJA"" LE PIDE EL TELEFONO, AGRESOR LO AGARRA , AGRESOR LE AVIENTA EL TELEFONO, SE LO ESTRELLA EN LA CARA , EMPIEZA A SANGRAR, USUARIA SALE Y PIDE AYUDA AUNOS AMIGOS DE AGRESOR, LLAMA A LA POLICIA, Y SE VA AL HOSPITAL PARA RECIBIR ATENCION",0,1,1,1,0,0,0
3539,ATENCION PSICOLOGICA Y DIVORCIO,0,0,0,0.666666666666667,0,0,0.333333333333333
3557,DESEA SOLAMENTE ATENCION PSICOLOGICA,0,0,0,0.333333333333333,0,0,0.666666666666667
3560,"USUARIA MENCIONA QUE TIENE 18 AÑOS CASADA, TRES HIJOS EN COMUN CON SU ESPOSO CON QUIEN HA VIVIDO VIOLENCIOA PSICOLOGICA Y VERBAL, REFIERE QUE EL DIA EN ENERO REVISO EL CELULAR DE SU ESPOSO Y ENCONTRO MENSAJES DE WHATSAPP CON OTRA MUJER, USUARIA LE RECLAMA Y LE PIDE QUE SE RETIRE DEL DOMICILIO, ELLA SALIO POR UN MOMENTO PARA QUE EL SE PUDIERA IR, SIN EMBARGO EL NO SE RETIRO Y HA TRATADO DE CONVENCERLA PARA QUE NO TERMINEN LA RELACION, USUARIA COMENTA QUE NO ESTA TRANQUILA, SE SIENTE TRISTE, DEPRIMIDA, LE DICE A SU ESPOSO QUE YA NO LE TIENE CONFIANZA, HA LLEADO A PREGUNTARLE QUE QUIERE SABER QUE HA PASADO CON ESA MUJER Y HASTA QUE PUNTO, SU ESPOSO LA CULPABILIZA A ELLA Y LE DIJO QUE SI HA SIDO INFIEL, EL DIA EN FEBRERO AL ESTAR DISCUTIENDO CON SU ESPOSO Y SABER QUE SI FUE INFIEL EMPEZO A TENER UNA CRISIS A LLORAR, GRITAR Y SALIO DE LA CASA PERO SU ESPOSO LA ALCANZO Y TRATO DE SUBIRLA A UN VEHICULO POR LA FUERZA, POSTERIORMENTE LLEGO UN HERMANO DE USARIA QUIEN LA TRASLADO A UNIF EN DONDE LE BRINDARON ATENCION PSICOLOGICA, USARIA REGRESA A SU DOMICILIO Y VUELVE A CONFRONTAR A SU ESPOSO A QUIEN GOLPEO, VUELVE A TENER UNA CRISIS, EN EL DOMCILIO SE ENCONTRABA UN CUÑADO Y LLAMARON A EMERGENCIAS, ACUDIERON ELEMENTOS DE PRONNIF Y TRASLADARON A USUARIA A CESAME EN DONDE RECIBIO ATENCION CORRESPONDIENTE, ES REFERIDA A CJEM Y SOLICITA ATENCION PSICOLOGICA.",0,1,0.333333333333333,1,0,0,0
3561,"USUARIA REFIERE QUE EL DIA DE AYER POR LA NOCHE ACUDIO AL DOMICILIO DE AGRESOR A DEJARLE A SUS HIJAS PUES EL LAS CUIDA MIENTRAS USUARIA TRABAJA, ELLA QUERIA PLATICAR CON AGRESOR, REFIERE QUE CARGA A SUS HIJAS Y SE RETIRA DEL DOMICILIO PUES AGRESOR NO QUERIA HABLAR CON ELLA. AL CAMINAR AGRESOR SALE, LA ALCANZA Y LA ESTRUJA LE CUESTIONA A DONDE VA, USUARIA LE DICE QUE SE LLEVARIA A LAS NIÑAS Y AGRESOR LE ESTIRA L PELO Y LE DA DOS PUÑETAZOS MIENTRAS USUARIA TRAIA A LA MENOR CARGADA. REFIERE QUE AGRESOR SE LLEVO A SU MENOR HIJA, QUE LLAMO A UNA PATRULLA PARA QUE LA APOYARAN PERO NO LA PUDIERON AYUDAR",0,1,0,0.666666666666667,0,0.666666666666667,0
3569,"USUARIA REFIERE QUE AGRESOR ES SU ESPOSO, SEPARADA DESDE HACE SEIS MESES, COMENTA QUE EL AGRESOR CONSTANTEMENTE LA SIGUE, NO LE DEJA EN PAZ, QUE ESTA AFUERA DE SU CASA, Y QUE INCLUSO PERDIO UN TRABAJO DOND EL FUE A BUSCARLA Y LE DICE QUE NO SERA FELIZ CON NADIE, USUARIA MANIFIESTA HABERLE DICHO QUE LA DEJE EN PAZ, A LO QUE AGRESOR SE NIEGA Y LE DICE QUE ESO NO PASARA
LE MARCA DE DIFERNETES NUMEROS PARA HOSTIGARLA",0.666666666666667,0,0,1,0,0,0
3570,"LA USURIA MANIFIESTA QUE CUIDA A SU NIETADESDEQUE TIENE 2 AÑOS, LA NIÑA ACTUALMENTE TIENE 9 AÑOS, LAUSURIA DESEA GUARDA Y CUSTODIA DE SU NIETA, DEBIDO A QUE LOS PAPAS DE LA MANOR NO SE HACEN CARGO DE ELLA, NO RECIBE PENSION, NI FRECUENTAN A LA MENOR",1,0,0,0.666666666666667,0,0,0
3574,"LA USUARIA REFIERE QUE UN DIA DE FEBRRERO POR LA TARDE LA USUARIA QUERIA METERSE A SU DOMICILIO Y REFIERE QUE SU EX PAREJA NO LA DEJO ACCEDER AL DOMICILIO NEGANDOLE LA ENTRADA, Y NO LE PERMITIO NI SACAR SUS COSAS PERSONALES, AMENAZANDOLA QUE SI SE METIA AL DOMICILIO POR SUS COSAS EL LA SACARIA A GOLPES.",0,0.333333333333333,1,0.666666666666667,0,0,0
3578,"LA USUARIA REFIERE QUE SU ESPOSO QUIEN YA TIENE SEPARADA DE EL 10 MESES NO LE DA PARA LOS GASTOS DE LA MENOR.
LA USUARIA DESEA ASESORIA JURIDICA PARA LA PENCION DE SU MENOR HIJA Y ELLA.",1,0,0,0.333333333333333,0,0.333333333333333,0
3583,USUARIA ACUDE A TRAMITE DE PENSIÓN ALIMENTICIA,0.333333333333333,0,0,0,0,0,0.666666666666667
3587,"VIOLENCIA PSICOLOGICA.
USUARIA MANIFIESTA QUE NO DESEA INICIAR UN PROCESO LEGAL, ASI COMO TAMPOCO ESTA INTERESADA EN LLEVAR TERAPIA PSICOLOGICA",0,0,0,0.666666666666667,0,0,0.333333333333333
3598,USUARIA SOLICITA PENSION ALIMENTCIA. ACUDE A JURIDICO,0.666666666666667,0,0,0,0,0,0.333333333333333
3601,"USUARIA REFIERE QUE EL DIA DE AYER SE DIRIGIAN A LA CIUDAD, QUE AGRESOR IBA MANEJANDO EN ESTADO DE EBRIEDAD, LLEGAN A CASA DE SUS SUEGROS Y AGRESOR SE BAJA DEL CARRO, USUARIA SE QUEDA PUES NO SE LLEVA BIEN CON SU FAMILIA, QUE USUARIA LE ESTABA PITANDO PARA QUE SALIERA , SALE AGRESOR MOLESTO Y LE DICE QUE QUE CHINGADOS QUERIA, USUARIA LE DICE QUE ESTA INCOMODA QUE SE QUERIA IR, AGRESOR SE SUBE Y SE VAN, REFIERE IBA MANEJANDO MUY FUERTE Y LE DECIA QUE SE IBAN A MATAR, QUE SE IRIA A LA CARRETERA Y SE ATRAVESARIA. REFIERE LLEVABAN A SU HIJO DE DOS AÑOS. REFIERE LE ESTIRA EL PELO A USUARIA. AL LLEGAR AL DOMICILIO LA INTENTA AHORCAR Y LA AVIENTA CONTRA LA CARREOLA DE SU HIJO. USUARIA LE ESCRIBE A LA MAMA DE AGRESOR PARA QUE FUERAN A CALMARLO. LLEGAN Y LA SEÑORA L ECHA LA CULPA A USUARIA QUE POR PROVOCARLO. REFIERE QUE AGRESOR SE VA CON SUS PAPAS Y LA DEJA SIN DINERO",0.666666666666667,1,0,1,0,0,0
3605,USUARIA SOLICITA GUARDIA Y CUSTODIA. ACUDE A JURIDICO.,0,0,0.333333333333333,0,0,0,0.666666666666667
3606,"USUARIA REFIERE QUE AGRESOR ES CONOCIDO CON EL QUE POR UN TIEMPO ESTUVO SALIENDO, PERO NUNCA FORMALIZARON, ULTIMOS HECHOS DE VIOLENCIA UN DIA DE FEBRERO, MANIFIESTA QUE USUARIA ESTABA CON UNOS AMIGOS, USUARIA LE RECLAMA UNAS COSAS, AGRESOR LE DICE QUE NO VAYAS A DECIR NADA PORQUE TE RECUERDO QUE VEO LOS VIDEOS Y LOS PUEDO PUBLICAR EN CUALQUIER MOMENTO, USUARIA LE DICE QUE HAGA LO QE QUIERA, Y QUE PORQUE NO LOS HABIA BORRADO CUANDO LE PIDIO QUE LOS BORRARA, USUARIA YA NO LE CONTESTA LOS MENSAJES",0,0,0.333333333333333,1,0.666666666666667,0,0
3608,"LA USUARIA REFIERE QUE UN DIA DE FEBRERO RESIBIO UNA LLAMADA POR LA NOCHE DE SU AMIGA, QUIEN LE COMENTA QUE APARECE FOTOS Y VIDEO INTIMOS DE LA USUARIA EN UN GRUPO, CUAL LOS PROTAGONISTAS, SEÑALA LA USUARIA SON EL Y OTRO, LA USUARIA REFIERE QUE SU EX NOVIO EN EL MES DE ABRIL MANDO ARREGLAR SU CELULAR A UNA EMPRESA Y DE AHI FUE DONDE EXTRAJERON DICHOS VIDEO Y FOTOS.",0,0,0.333333333333333,0.666666666666667,1,0,0
3618,"USUARIA REFIERE QUE EN SEPTIEMBRE DEL AÑO PASADO TUVO UNA DISCUSION CON AGRESOR MIENTRAS ESTABA EBRIO, QUE YA NO TENIAN UNA RELACION. QUE MIENTRAS DISCUTIAN AGRESOR LA TIRO AL PISO EN VARIAS OCASIONES, LA STRUJO Y SE BURLABA DE ELLA DICIENDOLE QUE ASI LA QUERIA VER ARRASTRANDOSE. (HECHOS OCURRIERON EN OTRO ESTADO).
AGRESOR LA CHANTAJEABA LE PEDIA OBSEQUIOS A CAMBIO DE NO DEJARLA, QUE LA INSULTABA DICIENDOLE QUE ERA UNA PUTA, ENTRE OTROS. QUE ESTA SITUACION LA HA CONFLICTUADO MUCHO, LE PROVOCO PROBLEMAS EMOCIONALES. 
REFIERE QUE AGRESOR TIENE FOTOGRAFIAS INTIMAS DE USUARIA, QUE POR REDES SOCIALES LA HA HOSTIGADO DESPUES DE ESTO, AGRESOR NO RESIDE EN LA CIUDAD.",0,1,0,1,0.333333333333333,0,0
3635,"USUARIAA REFIERE QUE AGRESOR ES SU EXPAREJA, ULTIMO HECHO UN DIA DE FEBRERO, AGRESOR Y USUARIA TIENEN UNA DISCUSION POR MOTIVOS ECONOMICOS, USUARIA NO SALIA DE LA CASA, USUARIA LE DICE AL AGRESOR QUE QUIERE DE ALMORZAR, MAMA DE AGRESOR LE SIRVE DE ALMORZAR Y EL SE MOLESTA PORQUE USUARIA NO LE SIRVIO, Y DE AHI SE DERIVO LA PELEA, DISCUTEN POR VARIAS DIFERENCIAS, USUARIA DESEA RECUPERAR PERTENENCIAS PUES AGRESOR Y MAMA DE AGRESOR LE DIJERON QUE NO SE LLEVARIA",0.666666666666667,0,0.666666666666667,0.666666666666667,0,0,0
3643,"USUARIA REFIERE QUE SU EX PAREJA TIENE 3 SEMANAS YENDO A SU DOMICILIO A MOLESTARLA, COMENTA QUE TIENEN UN HIJO EN COMUN Y LO MIRA LOS FINES DE SEMANA Y EL MENOR LE COMENTOA SU PAPA QUE SU MAMA ESTABA SALIENDO CON UNA PERSONA Y DESDE ESA VEZ NO HA DEJADO DE HOSTIGARLA , MENCIONA USUARIA QUE HASTA ARRIBA DE SU TECHO DE LA CASA SE SUBE Y ELLA YA NO QUIERE QUE SE LE ACERQUE MAS A SU DOMCILIO. ACUDE A MINISTERIO PUBLICO Y JURIDICO.",0,0,0.333333333333333,0.666666666666667,0,0,0
3652,SE ANEXA HOJA DE HECHOS AL FINAL DE CEDULA,0,0,0,0,0,0,1
3659,USUARIA SOLICITA ASESORIA PARA RECUPERAR PERTENENCIAS Y CONVIVENCIAS CON EL PAPA DE SUS HIAJS. ACUDE A JURIDICO.,0,0,1,0.666666666666667,0,0,0
3660,USUARIA ACUDE A JURIDICO POR VIOLENCIA PATRIMONIAL.,0,0,1,0.333333333333333,0,0,0
3662,"REFIERE USUARIA QUE ELLA AUN VIVE CON SU ESPOSO PERO YA NO SE LLEVAN BIEN , ELLA DESEA ASESORIA JURIDICA DE DIVORCIO. Y SABER QUE LE CORRESPONDE DE BIENES.",0,0,0,0.666666666666667,0,0,0.333333333333333
3663,"USUARIA REFIERE QUE AGRESOR ES SU ESPOSO, ULTIMO HECHO UN DIA DE MARZO, AGRESOR RECIBE UNA QUEJA DE SI HIJO MENOR, DICIENDOLE QUE IBA A REPROBAR, PORQUE NO PONE ATENCION, USUARIA SE METE A DEFENDER A SU HIJO PUES SU AGRESOR LOS REGAÑA, AGRESOR EMPIENZA A INSULTARLA ""CHINGA TU MADRE, NO VALES MADRE "" REFIERE QUE HAY MAS, PERO USUARIA NO MENCIONA CUALES",0,0,0,1,0,0,0
3664,"USUARIA REFIERE QUE AGRESOR ES SU ESPOSO QUIEN ES ALCOHOLICO, QUE EL DIA VIERNES AGRESOR SALE DE FIESTA Y REGRESA HASTA EL DIA DOMINGO POR LA MADRUGADA, AL USUARIA ABRIRLE AGRESOR LA AMEDRENTA, DISCUTEN Y AGRESOR LE DICE QUE EL HACE LO QUE QUIERE, QUE A ELLA QUE LE IMPORTA, USUARIA SE VA AL CUARTO A DORMIR. AGRESOR VA TRAS ELLA Y LE PIDE TENER RELACIONES USUARIA SE NIEGA Y AGRESOR SE VA AL SILLON A DORMIR.
REFIERE QUE LA SEMANA PASADA LE DSCUBRIO A AGRESOR UNA INFIDELIDAD, QUE LE PIDIO DEJAR EL DOMICILIO PUES LA AMEDRENTA CONSTANTEMENTE, NO LE DA DINERO PARA LOS GASTOS DE LA CASA, LA MNOSPRECIA Y USUARIA SE CANSO DE ESTA SITUACION. DESEA INICIAR EL TRAMITE DE DIVORCIO Y REFIERE AL PEDIRLE A AGRESOR QUE DEJE EL DOMICILIO SOLO LE DA LARGAS. REFIERE QUE HACE MAS DE UN AÑO AGRESOR LA GOLPEO, QUE POR SU CONSUMO DE ALCOHOL TEME QUE LE PUEDA CAUSAR ALGUN DAÑO MAYOR",1,1,0,1,0.333333333333333,0,0
3667,"USUARIA ACUDE POR ASESORIA DE DIVORCIO, CASADOS DESDE HACE 15 AÑOS, CONSTANTE VIOLENCIA FISICA, PSICOLOGICA, ECONOMICA.
VIOLENCIA PSICOLOGICA (INFIDELIDAD), GOLPES, HACE UN AÑO LE LLEGÓ NOTIFICACION A SU ESPOSO AL DOMICILIO CONYUGAL, PUES LO HABIAN DENUNCIADO POR VIOLENCIA.
HACE UN AÑO LO CORRIO DEL DOMICILIO, PERO A LOS DÍAS, REGRESÓ, Y LLEGARON AL ACUERDO DE QUE VIVIRIAN JUNTOS POR LOS HIJOS PERO SIN RELACION SENTIMENTAL, Y DICIENDOLE QUE COMO PAREJA YA NO HABIA POSIBILIDAD, EL DIA VIERNES EN FEBRERO USUARIA TUVO UNA REUNION EN SU TRABAJOY LLEGO EN LA MADRUGADA, AGRESOR SE MOLESTA, LA INSLUTA Y LE DA UN GOLPE AL PARECER CON LA ALMOHADA.
USUARIA NO DESEA DENUNCIAR, SOLO DESEA DIVORCIARSE.",1,1,0,1,0,0,0
3669,"REFIERE USUARIA QUE TIENE UN AÑO Y MEDIO SEPARADA DE SU ESPOSO, EL TIENE A SUS HIJOS PUES CUANDO EL PAPA DE LA USUARIA SE ENFERMO LE DIJO QUE SI LE PODIA AYUDAR A CUIDAR A SUS HIJOS PORQUEELLA NO PODIA CUIDAR A SU PAPA Y A SUS HIJOS, Y EL LE DIJO QUE SI, Y DESPUES DE LOS 15 DIAS LE DIJO QUE YA SE LOSLLEVARA PERO SUS HIJOS DECIDIERON QUEDARSE CON EL, USUARIA SOSPECHA QUE LA MAMA DE EL NO LOS DEJO REGRESARSE PERO ELLA ESTUVO DEACUERDO, PERO AUN ASI ELLA ESTA EN CONSTANTE COMUNICACION, Y CON SU ESPOSO SE LLEVA MUY BIEN COM AMIGOS, PERO ELLA ESTA HACIENDO SU VIDA NUEVAMENTE Y DECIDIO QUE QUIERE EL DIVORCIO PUES SU ACTUAL PAREJA LE DICE QUE SE QUIERE CASAR CON ELLA, APARTE QUE EL LE HABLA COMO SI FUERA DE SU PROPIEDAD, QUE QUIERE ESTAR CON ELLA NUEVAMENTE Y A ELLA ESO SI NO LE PARECE CORRECTO, ELLA SE SEPARO DE EL POR QUE EL LA ACUSABA DE TENER UNA INFIDELIDAD COSA QUE NO ERA VERDAD PERO EL SE FUE DE LA CASA ABANDONANDOLA",0,0,0,0.333333333333333,0,0.333333333333333,0.333333333333333
3676,"EL DIA SABADO DE MARZO POR LA TARDE USUARIA REFIERE: ESTABA EN LA CASA LLEGO EL Y LE IDJE QUE YA NO ESTABA AGUTO CON EL Y ME IGNORO, ME PUSE A LADO DE EL, Y ME DIJO ""COMO CHINGAS QUE QUIERES"" ""TU TAMBIEN YA ME FASTIDIASTE, SACA TODO LO DEL REFRI PORQAUEW ES MIO"" EL SE FUE EN SU MOTO Y A LOS 20 MINUTOS REGRESA CON EL HERM,ANO EN UNA CAMIONETA Y ROMPIO LA PUERTA, ERA COMO UNA LAMINA Y EMPEZO A ARRASTRAR LA LAVADORA Y EMPEZAMOS A FORCEJJEAR Y EMPEZO A EMPUJARME Y AVENTO LA LAVADORA AL PISO Y ME AVENTO Y CAI EN UNAS BOLASA DE BASURA, LOS VECINOS HABLARON A LA POLICIA. LLEGA LA POLICIA Y VENIMOS A ATESTIGUAR LO QUE HABIA SUCEDIDO.",0,1,0.666666666666667,1,0,0,0
3677,"EN EL MES DE FEBRERO MIENTRAS TENIA 6 MESES DE EMBARAZO ME SEPARE DE MI EX PAREJA YA QUE TENÍAMOS MUCHAS DISCUSIONES PERO SI ME AYUDABA PARA LOS GASTOS MÉDICOS QUE NECESITABA, CUANDO NACIÓ NUESTRA HIJA, MI EX PAREJA ME BRINDABA LA PENSIÓN ALIMENTICIA PERO A PARTIR DEL MES DE SEPTIEMBRE MI PAREJA NO ME BRINDA LA PENSIÓN ALIMENTICIA, LE E MANDADO MENSAJES PARA QUE ME MANDARA DINERO Y PARA QUE FUERA A VER A NUESTRA HIJA Y MI EX PAREJA ME DECÍA ""SI TE VOY A DAR"" PERO NUNCA LLEGABA EL DEPOSITO DE LA PENSIÓN ALIMENTICIA Y HASTA LA FECHA NO ME BRINDA PENSIÓN.",1,0,0,0.666666666666667,0,0,0
3687,"USUARIA REFIERE QUE AGRESOR TRAMITO EL DIVORCIO, QUE NO LE NOTIFICO A USUARIA SOBRE ESTO HASTA EL DIA VIERNES PASADO, TRES DIAS ANTES DE IR A LA AUDIENCIA EN LA QUE USUARIA REFIERE SE DICTO SENTENCIA DE DIVORCIO, QUE AGRESOR LE COMENTO QUE REGRESARIA A LA CIUDAD SOLO POR SU MENOR HIJA. AMBOS SON NACIDOS EN OTRO ESTADO. USUARIA TEME QUE AGRESOR PUEDA LLEVARSE A SU MENOR HIJA.",0,0,0,0.666666666666667,0,0.333333333333333,0
3698,"USUARIA REFIERE ESTAR SEPARADA DESDE EL MES DE OCTUBRE, QUE AGRESOR NO LE PROPORCIONA PENSION DESDE ESA FECHA, TIENE TRES MENORES HIJOS EN COMUN. QUE SU HIJO MENOR D 7 AÑOS VIVE CON SUS ABUELOS PATERNOS. DESEA ASESORARSE SOBRE LA PENSION ALIMENTICIA Y EL DIVORCIO.",1,0,0,0.333333333333333,0,0,0
3717,"ME SEPARE HACE DOS SEMANAS POR INSULTOS A MI CUERPO, 
CUANDO ESTÁBAMOS JUNTOS DEJABA DE PAGAR LOS GASTOS ALEGANDO “ES QUE TE ESTOY DEJANDO PARA VER SI TÚ PUEDES MANTENER UNA CASA”, SE MOLESTABA CONMIGO SI LE PEDÍA PARA LOS GASTOS, CUANDO PEDÍA COMIDA NO LE COMPARTÍA AL NIÑO CUANDO LE PEDÍA. 
DESPUES DE SEPARARNOS SENTI QUE VOLVIA A SER YO, SIN EMBARGO HACE UNA SEMANA LO VI EN LA CALLE Y ME SENTÍ MAL, EMPECE A TENER MIEDO, ME PUSE NERVIOSA.",0.333333333333333,0.333333333333333,0,1,0,0.333333333333333,0
3736,SE ANEXA HOJA DE HECHOS AL FINAL DE CEDULA,0,0,0,0,0,0,1
3744,USUARIA ACUDE A TRAMITE DE PENSION ALIMENTICIA,0.666666666666667,0,0,0,0,0,0.333333333333333
3746,"USUARIA MENCIONA QUE VIVIO NUEVE AÑOS EN UNION LIBRE, CUATRO HIJOS EN COMUN CON SU EX PAREJA DE QUIEN SE ENCUENTRA SEPARADA DESDE HACE DOS AÑOS POR VIOLENCIA FAMILIAR, DESDE ENTONCES USUARIA VIVE EN EL DOMICILIO DE SUS PADRES. ACTUALMENTE USUARIA TRABAJA PARA CUBRIR CON LOS GASTOS Y NECESIDADES DE SUS HIJOS YA QUE DESDE SU SEPARACION SU EX PAREJA SE HA DESLINDADO ECONOMICAMENTE, SOLO DE VEZ EN CUANDO CONTRIBUYE CON LOS CUIDADOS PERO LOS NIÑOS AL ESTAR EN SU DOMICILIO EN OCASIONES NO COMEN O SE LA PASAN EN LA CALLE PORQUE NO ESTA AL PENDIENTE DE LOS MENORES, USUARIA ACUDE A EXPONER LOS HECHOS Y SOLICITO ASESORIA JURIDICA, SE BRINDAN REQUISITOS PARA TRAMITE DE CUESTIONES FAMILIARES DE PENSION Y GYC, SE RESUELVEN DUDAS AL RESPECTO.",1,0,0,0.666666666666667,0,0.666666666666667,0
3747,"USUARIA REFIERE QUE AGRESOR ES SU EXPAREJA, ULTIMO HECHO EN MARZO, AGRESOR LE MANDA UN AUDIO CON AMENAZAS CON QUE QUEMARA A SU HERMANA QUE ES SERVIDORA PUBLICA, ""TE AVISO, AHI CON PAPA NO ANDEN MAMANDO LA VERGA"", LA HA AMENAZADO CON MATARLA, LE ESTA PIDIENDO LOS PAPELES DE UNA CAMIONETA, NO SE LA DEVUELTO, NO CUMPLE CON SUS OBLIGACIONES ALIMENTARIAS, LA HA INSULTADO ""ERES UNA PENDEJA, SI QUIERO TE DEJO, ESTAS SOLA, SIN MI NO ERES NADA"" LE ADVIERTE QUE LE DE LOS PAPELES PARA QUE LE DEN SU PARTE, NO LA DEJA EN PAZ, LA AMENAZA DICIENDOLE QUE NO SE LA VA ACABAR, HACE UNOS MESES LA GOLPEO E INTENTO AHORCARLA, USUARIA SOLAMENTE LE INTERESA RECUPERAR SUS CAMIONETA, Y LE DICE QUE SI NO LE DA SUS PAPELES LA VA A DESMANTELAR",0.666666666666667,1,1,1,0,0.333333333333333,0
3749,SE ANEXA HOJA DE HECHOS AL FINAL DE CEDULA,0,0,0,0,0,0,1
3751,"USUARIA REFIERE QUE ASISTE A TERAPIAS PSICOLOGICAS EN UNA FUNDACION Y REFIERE SE DIO CUENTA QUE SUFRE VIOLENCIA PSICOLOGICA, REFIERE EN OCACIONES SU ESPOSO LE DICE QUE ELLA NO PUEDE SALIR DE LA CIUDAD CON LA NIÑA, YA QUE USUARIA REFIERE EN LA CIUDAD SOLO TIENE 2 FAMILIARES Y TODA SU FAMILIA ESTA EN OTROS ESTADOS, PERO LA INTIMIDA QUE NO SE PUEDE LLEVAR A LA NIÑA, ADEMAS QUE ELLA NO TRABAJA Y NO PUEDE IRSE. 
USUARIA REFIERE TIENE 2 AÑOS APROXIMADAMENTE QUE SU ESPOSO SE SALE A TRABAJAR EL VIERNES Y REGRESA HASTA EL DOMINGO EN LA TARDE, USUARIA CREE QUE EL PUEDE TENER OTRA RELACION, PERO SU ESPOSO NO LE DICE NADA. HACE UNOS MESES USUARIA PERDIO A UN BEBE Y AGRESOR LE DECIA QUE NO SABIA SI EL NIÑO ERA DE EL, ADEMAS QUE NO FUE PLANEADO. 
EL DIA LUNES DE MARZO USUARIA LE DICE A EL QUE YA NO ESTA BIEN SU RELACION, PERO SU ESPOSO NO LE DICE NADA.",0,0,0,1,0,0.333333333333333,0
3758,"UN DIA DE ENERO POR LA TARDE EN EL DOMCIILIO. LLEGUE AL EDIO DIA LO NOTE MOLESTO SE FUE A TRABAJAR Y EN LA NOCHE LLEGO LE DI DE COMER ME DIJO QUE LIMPIARA LA CASA ""SI NO SABES TRAPEAR YO TE ENSEÑO"" SEGUN SE FUE EL Y A LOS DIEZ MINUTOS REGRESO ""VEN MIRA COMO TIENES AQUI Y SI NO TEGUSTA VETE. VAMOS A DIVIDIR LA CASA"" ME FUI A LA COCINA Y EL AGARRO EL AROBL DE NAVIDAD Y LO AVENTO HASTA EL FONDO DEL CUARTO, SE FUE Y ENTRO AL CUARTO Y VI QUE TAMBIEN EL DVD LO HABIA DESTRUIDO.",0,0,1,1,0,0,0
3761,"ME SEPARE DE MI EX PAREJA HACE 10 AÑOS YA QUE ESTABA CON OTRA MUJER A LO CUAL TENEMOS UN HIJO EN COMÚN Y AL TERMINAR NUESTRA RELACION REALIZAMOS UN CONVENIO ANTE EL DIF PARA LAS CONVIVENCIAS Y PENSIÓN ALIMENTICIA DE NUESTRO MENOR HIJO EN EL CUAL SE ESTABLE LA PENSIÓN ALIMENTICIA POR LA CANTIDAD DE $150 PESOS Y LAS CONVIVENCIAS LOS DÍAS SÁBADOS Y DOMINGOS A LO CUAL MI EX PAREJA NO ES CONSTANTE CON LOS PAGOS DE PENSIÓN ALIMENTICIA Y YA MI HIJO ENTRARA A LA PREPARATORIA LO CUAL CONLLEVA MÁS GASTOS, NO A CONVIVIDO CON NUESTRO HIJO MÁS QUE SOLAMENTE 2 O 3 VECES AL AÑO Y SOLAMENTE PORQUE ME LO PIDE SUS ABUELOS DE MI HIJO.",1,0,0,0.666666666666667,0,0.333333333333333,0
3766,"LA USUARIA MANIFIESTA Q2UE SU ESPOSO ESTA EN EL EXTRANJERO,PERO ELLA YA TIENE MESES SALIENDO CON OTRA PERSONA, LA USUARIA LE LLAMA A SU ESPOSO PARA DECIRLE QUE SE VA A DIVORCIAR Y QUE QUIERE LA PENSION DE SUS HIJOS , EL SE NIEGA A DARSELA Y DICE QUE SE LA DARA A OTRA PERSONA POR QUE ELLA PUEDE HACER MAAL USO, LA USUARIA PIDE ASESORIA PARA DIVORCIARSE Y PENSION DE SUS HIJOS",1,0,0,0.333333333333333,0,0.333333333333333,0
3796,"DESDE HACE DIEZ AÑOS SUS PADRES SE ENCUENTRAN SEPARADOS, DESDE QUE SU PAPA SE FUE DEL DOMICILIO SE DESLINDO AFECTIVA Y ECONOMICAMENTE DE USUARIA Y DE SU HERMANA DE NUEVE AÑOS DE EDAD, USUARIA ACTUALMENTE VIVE CON FAMILIARES, AQUI SE ENCUENTRA ESTUDIANDO CARRERA PROFESIONAL, SU MAMA Y HERMANA VIVEN EN OTRA CIUDAD. ACUDE A SOLICITAR ASESORIA JURIDICA YA QUE TIENE USUARIA INTERES POR DEMANDAR LA PENSION ALIMENTICIA PARA QUE SU PADRE APORTE ECONOMICAMENTE PARA SUS ESTUDIOS, POR LO QUE SE RESUELVEN DUDAS Y SE CANALIZA AL INSTITUTO DE DEFENSORIA PUBLICA,",1,0,0,0.666666666666667,0,0.333333333333333,0
3804,"USUARIA REFIERE QUE HOY AL MEDIO DIA ENCONTRANDOSE EN EL DOMICILIO CON AGRESOR, LE DESCUBRE MENSAJES CON LA MAMA DE SU PRIMER HIJO, QUE AGRESOR LE DICE QUE ESTA LOCA Y NIEGA TODO, REFIERE QUE FORCEJEAN Y DE UN MOMENTO A OTRO AGRESOR TOMA A SU HIJO Y EMPUJA A USUARIA. USUARIA LE DA UNA CACHETADA Y SU HERMANO DE 15 AÑOS INTERVIENE. POR LO QUE AGRESOR SE AVALANZA CONTRA EL TENIENDO AL BEBE EN BRAZOS Y USUARIA AHORA LOS SEPARA Y LE DICE QUE ES SUFICIENTE, QUE SE VAYA. SALE SU HERMANO DE 22 Y ENTRE LOS TRS CALMAN A AGRESOR.
USUARIA PRESENTA DENUNCIA, SE LE DAN REQUISITOS DE GUARDA Y CUSTODIA",0,1,0,0.666666666666667,0,0,0
3805,"USUARIA MENCIONA QUER VIVIO SIETE MESES EN UNION LIBRE, UNA HIJA EN COMUN CON SU EX PAREJA DE QUIEN USUARIA SE SEPARO HACE CINCO AÑOS DEBIDO A VIOLENCIA ECONOMICA, A LA FECHA SE HA DESLINDADO ECONOMICAMENTE DE LA NIÑA ASI COMO AFECTIVA, LA NIÑA A LA FECHA NO ESTA RECONOCIDA POR SU PADRE, USUARIA Y PADRES SON QUIENES CUBREN CON LAS NECESIDADES Y GASTOS DE LA MENOR, REFIERE QUE HA AUMENTO SUS GASTOS DEBIDO A QUE LA NIÑA ESTA EN CONSTANTE REVISION POR POSIBLE DSICAPACIDA MOTRIZ. SE RESUELVEN DUDAS Y SE BRINDAN REQUISITOS PARA EL JUICIO DE RECONOCIMIENTO DE PATERNIDAD.",1,0,0,0.333333333333333,0,0.333333333333333,0
3810,"LA USUIARIA REFIERE QUE SU EX PAREJA TIENE MAS DE UN MES SIN DARLE PENCION, Y QUE ADEMAS LA AMENAZO CON SUBIR FOTOS INTIMAS DE LA USUARIA SI SEGUIA MOLESTANDOLO CON LO DE LA PENCION.",1,0,0,0.666666666666667,0.333333333333333,0,0
3817,"USUARIA REFIERE QUE AGRESOR ES SU ESPOSO, ULTIMO HECHO EL 21/03/2024, AGRESOR EN ESTADO DE EBRIEDAD, DISCUTEN POR TEMAS DE CELOS, AGRESOR PIENSA QUE LO ENGAÑA, AGRESOR SE HA VUELTO MUY CONTROLADOR, AGRESOR INTENTA ABRAZARLA, USUARIA NO SE DEJA, QUE MEJOR PLATICARAN, AGRESOR LE DICE QUE NO ESTAN BIEN PORQUE USUARIA NO QUERIA QUE SI LA USUARIA SE PORTARA BIEN TODO ESTARIA BIEN, USUARIA LE DICE QUE YA NO QUIERE GRITOS, QUE MEJOR BUSQUEN SOLUCION, UNA TERAPIA, AGRESOR LE DICE QUE NO TIENE NI DINERO NI TIEMPO PARA IR A TERAPIA, USUARIA LE DICE QUE SI QUIERE QUE SU MATRIMONIO SE SALVA ACUDIRIAN, AGRESOR LE DICE QUE SI, PERO DESPUES LE DICE QUE AHORA RESULTA QUE ALGUIEN MAS TIENE QUE AYUDARLOS.",0,0.333333333333333,0,1,0,0,0
3835,"RELACION DE UNION LIBRE DE 10 AÑOS; USUARIA ACUDE SOLICITANDO ASESORIA JURIDICA, PUES A INICIOS DEL AÑO INICIO TRAMITE DE PENSION ALIMENTICA CON ABOGADO PARTICULAR, Y SE LE OTORGÓ EL 45% DE PENSION VIA NOMINA, RECIBIENDO LA CANTIDAD APROXIMADA DE $5000 A LA QUINCENA, DESDE EL AÑO PASADO SU EX PAREAJA LE PIDIO HACER UNA REDUCCIÓN DE PENSIÓN ALIMENTICA, PERO USUARIA SE NEGÓ, Y DESDE EL AÑO PASADO A LA FECHA, LE HA ESTADO ROGANDO REGRESAR A LA RELACIÓN PUES EL SEÑOR TENIA ENTENDIDO QUE SI REGRESABAN SE ANULABA LA PENSIÓN ALIMENTICA, EL DIA MARTES DE MARZO AGRESOR LE DIJO QUE LA HABIA DEMANDADO PARA REDUCCIÓN DE PENSIÓN Y UNA POR INTERVENCION EN RELACION Y REDES, Y AMENAZANDOLA CON QUE DERVIADO A ESAS DEMANDAS, LE VA A QUITAR A SUS HIJOS, QUE ESPERARA AL ACTUARIO EN ABRIL. 
DESEA ASESORIA PARA REDUCCION DE PENSIÓN Y DENUNCIAR POR HOSTIGAMIENTO Y AMENAZAS",0.666666666666667,0,0,1,0,0.666666666666667,0
3837,"LA USUARIA MANIFIESTA QUE EL DIA DE AYER DE MARZO POR LA TARDE SU HIJO MAYOR SACO PERTENENCIAS DE ELLA DE SU CASA, REFIERE QUE EL NO VIVE AHI, SE BRINCO POR LA PARTE DE ATRAS DE LA CASA FORZANDO LA CERRADURA, CUANDO ELLA LLEGO Y ABRIO LA PUERTA PRINCIPAL EL SALIO CORRIENDO CON UNA TELEVISION, FUERON DETRAS DE EL, EN ESE MOMENTO IBA PASANDO UNA PATRUYA Y FUE QUIEN LO DETUVO Y SE LO LLEVARON, COMENTA QUE ANTERIORMENTE YA LE A SACADO COSAS DE SU CASA. DESEA DENUNCIAR EL HECHO PARA LA REPARACION DEL DAÑO, ACTUALMENTE SE ENCUENTRA DETENIDO.",0,0,1,0.333333333333333,0,0,0
3840,"USUARIA REFIERE QUE EL DIA SABADO DE MARZO ELLA SE ENCONTRO A SU HIJO SOLO YA QUE SU HIJO LO TENIA SU EX PAREJA (PAPA DEL MENOR) REFIERE QUE ELLA SACO EL CELULAR PARA MARCARLE A SU MAMA Y DECIRLE QUE HABIA VISTO SU HIJO Y LO PERDIO DE VISTA , MENCIONA QUE SU EX PAREJA LA IBA SIGUIENDO Y LE ARREBATO EL CELULAR.A CUDE A MINISTERIO PUBLICO",0,0.333333333333333,0.666666666666667,0,0,1,0
3842,"USUARIA REFIERE QUE AGRESOR QUIEN ES SU AUN ESPOOS, ACUDE AL DOMICILIO A BUSCAR A SUS HIJOS, QUE USUARIA LE PIDE LOS ESPERE PUES ESTABAN COMIENDO, AGRESOR SE MOLESTA Y SE VA, REGRERSA DESPUES Y LE PIDE LOS PAPELES DE LA CASA, DISCUTTEN, LA AMEDRENTA Y AGRESOR ROMPE LA PROTECCION DE UNA VENTANA. LUEGO INGRESA AL DOMICILIO Y USUARIA ENCERRO A LOS MENORES PARA QUE NO VIERAN, USUARIA LE PIDE QUE SE VAYA, QUE NO VERA A SUS HIJOS EN ESE ESTADO. USUARIA LO SACA DE LA CASA Y AGRESOR SE QUEDA AFUERA GRITANDO. REFIERE AGRESOR TIENDE A SER MUY VIOLENTO 
PRESENTA DENUNCIA POR LOS HECHOS DE VIOLENCIA",0,0,1,1,0,0,0
3853,REFIERE USUARIA QUE EL PADRE DE SUS HIJOS HACE DOS SEMANAS QUE NO LA APOYA ECONOMICAMENTE POR LO QUE DESEA ASESORIA JURIDICA A¿PARA PENSION.,1,0,0,0.333333333333333,0,0,0
3860,VIOLENCIA PATRIMONIAL Y PSICOLOGICA,0,0,0.666666666666667,0.666666666666667,0,0,0.333333333333333
3864,"USUARIA REFIERE QUE POR CUESTION DE CELOS AGRESOR LA EMPEZO A INSULTAR DICIENDOLE QUE ERA UNA CUALQUIERA, QUE LE GUSTABA ANDAR DE LOCA, QUE EL NO TENIA NADA QUE HABLAR CON ELLA, QUE ELLA QUERIA PLATICAR SOBRE LA SITUACION. QUE AGRESOR LE RECLAMA Y USUARIA LE DICE QUE NO LE TIENE QUE RECLAMAR, REFIER TODO FUE PORQUE SU PRIMO LE REVISABA EL PERFIL EN UNA RED SOCIAL, AGRESOR LE DICE QUE ES UNA PUTA, USUARIA LE DICE QUE NOSABE PORQUE LE DIC ESO SI NO SALE, NI HACE NADA MALO. AGRESOR LE DICE QUE TAMBIEN DEBE ANDAR DE MAS EN LA PREPA, REFIERE QUE AGRESOR NO TRABAJA Y USUARIA LE CUESTIONA CUANDO IBA A CONSEGUIR UN TRABAJO. USUARIA REFIERE QUE LE DICE QUE IBA A EMPEZAR CON ESO, QUE SIEMPRE ERA LO MISMO, USUARIA LE DICE QUE CUANDO SE HARA RESPONSABLE Y AGRESOR LE DICE QUE EL SABRA. AGRESOR LA IGNORA Y TOMA SU CELULAR, USUARIA SE LO QUITA Y AGRESOR LE DICE QUE ES UNA PINCHE GUERCA MOCOSA QUE NO TENIA PORQUE QUITARSELO, QUE ELLA NO LE HACIA DE COMER Y NO TENIA DERECHO A QUITARLE EL CELULAR. EL LE DICE INMADURA, AGRSOR LA ESTRUJA Y FORCEJEAN PARA QUITARLE EL CELULAR, USUARIA SE NIEGA A DARLE EL CELULAR Y AGRESOR SE LO TRATA DE QUITAR, USUARIA LO EMPUJA CON EL PIE Y AGRESOR LE DICE QUE QUIEN SE CREE PARA PEGARLE, USUARIA LE DICE QUE SOLO LO EMPUJO. AGRESOR LA TOMA DEL CUELLO FUERTEMENTE Y USUARIA LE DICE ""TEN TU PINCHE TELEFONO"" Y SE SALE. AGRESOR VA TRAS ELLA Y LE DICE QUE LE DESCOMPUSO EL CELULAR QUE SE LO ARREGLE. USUARIA LLAMA AL 911 PERO NO RECIBIO RESPUESTA, AGRESOR LE DECIA QUE SI TIENE TANTOS PINCHES HUEVOS LLAME A LA POLICIA, QUE NO TENIA LOS SUFICIENTES HUEVOS PERO EL SI, REFIERE QUE ANTERIORMENTE LE HABIA HECHO AMENAZAS CON MATARLA, QUE CON EL NO SE JUGABA. ENTRA MAMA DE AGRESOR Y MEDIA LA SITUACION, USUARIA REFIERE QUE LA MAMA DE AGRESOR SABIA DE LA VIOLENCIA QUE EXISTIA HACIA ELLA.
SE CANALIZA A LA MESA DE MENORES INFRACTORES Y REQUISITOS DE GYC.",0,0.666666666666667,0.333333333333333,1,0,0,0
3866,"RELACION DE MATRIMONIO DE 1 AÑO; ACUDE SOLICITANDO APOYO PARA TRAMITE DE DIVORCIO, ESTAN SEPARADOS DESDE HACE 2 SEMANAS, NO HAY VIOLENCIA DE POR MEDIO, YA NO HABIA COMUNICACIÓN ASERTIVA, PELEAS CONSTANTE, Y GROSERO.
DESEA CITA PARA PSICOLOGÍA.",0,0,0,0.666666666666667,0,0,0.333333333333333
3870,"USUARIA REFIERE QUE AGRESOR ES SU EXNOVIO, ULTIMO HECHO EN MARZO, AGRESOR EN ESTADO DE EBRIEDAD, SE ENCONTRABAN EN UNA COMIDA FAMILIAR, AGRESOR SE MOLESTA CON SU FAMILIA, SE VAN EN EL CARRO, LLEGAN AL RANCHO DE SUS FAMILIARES, USUARIA LE DICE QUE NO QUIERE ESTAR AHI, AGRESOR LE DICE QUE EL NO LA OBLIGO, PELEAN PORQUE USUARIA SE QUERIA IR, AGRESOR SE NIEGA, USUARIA SE ENCIERRA EN EL BAÑO, AGRESOR SE METE, USUARIA Y AGRESOR FORCEJEAN, AGRESOR LA GOLPEA, LA CACHETEA Y LE AVENTABA COSAS DE VIDRIO, USUARIA DEJA QUE SE DUERMA PARA SALIRSE, USUARIA PIDE AUXILIO A UNAS PERSONAS, LA LLEVAN A LA ENTRADA DE LA CIUDAD Y SUS FAMILIARES LA RECOGEN",0,1,0,0.666666666666667,0,0,0
3872,"USUARIA MENCIONA RELACION DE UNION LIBRE DE 1 AÑO 4 MESES. EL DIA MIERCOLES LLEGÓ DE SU TRABAJO DESPUES DE MEDIA NOCHE, SU CONCUBINO ESTABA TOMADO, AL AGRESOR LE COMENZARON A LLEGAR MENSAJES SOBRE UNA MUJER, USUARIA LE RECLAMA, LE QUITA EL TELEFONO Y DESCUBRE LA SUPUESTA INFIDELIDAD, AGRESOR LE GRITA QUE ES POR S CULPA, PORQUE ELLA SUBIA HISTORIAS A TIKTOK CON CANCIONES, USUARIA SE SALE A CAMINAR Y CUANDO REGRESA, AGRESOR YA LE ESTABA CAMBIANDO LA CHAPA A LA PUERTA, LE DIJO QUE ERA PORQUE ELLA LA VEZ ANTERIOR QUE SE DEJARON SE HABIA LLEVADO MUEBLES, PERO ERAN MUEBLES QUE USUARIA HABIA COMPRADO, USUARIA LE DICE QUE LA ESTUFA Y UN MICROONDAS SE LOS HABIA PRSTADO SU FAMILIAR QUE SE LOS IBA A LLEVAR, POR LO QUE AGRESOR SACÓ UNA PALA Y COMENZÓ A ROMPER LA PUERTA, LA ESTUFA, EL MICRONDAS, USUARIA LE ROMPIÓ UNA TELEVISIÓN, NO LA AGREDIÓ FISICAMENTE, PERO USUARIA AL QUERER SALIR, SE CORTA CON VIRDIOS DE LAS VENTANAS DE LA PUERTA; SE BURLABA DE ELLA, PORQUE QUERIA LLAMAR AL 911 Y LE DECIA QUE SI HABLA IBAN A MANDAR A SUS CONOCIDOS Y NO LE IBAN A HACER NADA, POR LO QUE USUARIA NO LLAMÓ AL 911, SOLO RECOGÍO ALGUNAS PERTENENCIAS PUES AGRESOR YA HABIA ESCONDIDO MUCHAS DE ELLAS, Y SE FUE CON SU FAMILIAR, QUIEN ES SU UNICA RED DE APOYO EN LA CIUDAD. YA RECIBIO ATENCIÓN MÉDICA EN LA CLINICA.
USUARIA DESEA QUE LE PAGUE LOS DAÑOS OCASIONADOS A LOS MUEBLES PUES ESTAN A SU NOMBRE, DESEA DENUNCIA PARA OBTENER MEDIDA DE PROTECCIÓN, NO HAY HIJOS EN COMÚN. TAMBIEN DESEA ATENCION PSICOLOGICA.",0,0,1,1,0,0,0
3909,"USUARIA MENCIONA QUE VIVIO DOS AÑOS EN UNION LIBRE, TIENE UNA HIJA EN COMUN CON SU EX PAREJA DE QUIEN SE ENCUENTRA SEPARADA DESDE HACE SESIS AÑOS, ACTUALMENTE TIENE CONFLICTOS CON SU EX PAREJA POR LA CONVIVENCIA Y PENSION, REFIERE QUE ELLA NUNCA HA NEGADO QUE SU HIJA CONVIVA CON SU PADRE, SIN EMBARGO EN VARIAS OCASIONES SE HAN PRESENTADO OMISIONES DE CUIDADOS YA QUE LA NIÑA HA LLEGADO A TENER ACCIDENTES AL ESTAR BAJO EL CUIDADO DE SU PADRE, ADEMAS QUE EL APORTA SOLO DE VEZ EN CUANDO Y LIMITA ECONOMICAMENTE PARA LOS GASTOS DE SU HIJA, ES USUARIA QUIEN CUBRE CON LA MAYORIA DE SUS NECESIDADES, ADEMAS DE CONTAR CON EL APOYO DE SUS PADRES, USUARIA ACUDE SOLICITANDO EL APOYO PARA INICIAR CON TRAMITE DE GYC Y PENSION ALIMENTICIA, POR LO QUE SE RESUELVEN DUDAS Y SE ENTREGARON REQ CORRESPONDIENTES.",1,0,0,0.666666666666667,0,0.666666666666667,0
3913,"ACUDO A SOLICITAR ASESORIA PARA PENSION ALIMENTICIA YA QUE EL PADRE DE MI HIJA MENRO NO ME APOYA, YA LE E PEDIDO QUE EM APOYE Y ME DICE QUE CUANDO LE DEN UTILIDADES ME VA A DAR LO QUE LE CORRESPONDE, HASTA LA FECHA NO HE TENIDO ACTOS DEMOELSTIA NI VIOLENCIA HACIA MI POR PARTE DE EL.
DE MIS HIJOS MAYOREA SU PAPA FALLECIO HACE CUATRO AÑOS Y CONVIVEN CON SU ABUELA.",1,0,0,0.333333333333333,0,0.333333333333333,0
3919,"ACUDO PORQUE YO VIVIA CON MIS SUEGROS EPRO YA NO ME SENTI COMODA PORQUE SIEMPRE ME ESTAN CRITICANDO DOMO HACIA MIS QUEHACERES, YO LE PEDI A MI ESPOSO QUE NO S FUERAMOS A RENTAR, Y EL NO QUISO, AYER EN ABRIL ME DIJO SI ME QUERIA IR ME FUERA PERO QUE EL NIÑO SE IBA A QUEDAR AHI CON EL, CUANDO LLEGA MI ESPOS EN LA NOCHE MI ESPOSO MI SUEGRA LE DICE QUE NO SE VAYAN DE LA CASA, TAMBIEN SE MOELSTA PORQUE VAN MIS PADRES A VISITARME,
YO ME SALI HOY DEL DOMCILIO Y ME FUI A VIVIR CON UN FAMILIAR. YO DESEA SEPARME DE MI PAREJA YA QUENO QUIERE QUE VIVIAMOS SOLOS EL ESTA TERCO DE QUEDARSE CON SUS PADRES. YA E TENIDO MUCHAS DISCUSIONES CON MI SUEGRA POR ESO DESEO CAMBIAR DE DOMCILIO.",0,0,0,1,0,0.666666666666667,0
3923,"USUARIA MENCIONA QUE TIENE OCHO AÑOS CASADA, DOS HIJAS EN COMUN CON SU ESPOSO CON QUIEN HA VIVIDO VIOLENCIA PSICOLOGICA Y , ADEMAS QUE TIENEN CONSTANTES DISCUSIONES POR PROBLEMAS ECONOMICOS, USUARIA YA SE HA SEPARADO DE SU ESPOSO Y ACTUALMENTE TIENE DOS SEMANAS SEPARADA DE SU ESPOSO, ACUDE A LA INSTITUCION A SOLICITAR ASESORIA JURIDICA PORQUE TEME QUE SU ESPOSO LA DENUNCIE POR ABANDONO DE HOGAR, POR LO QUE SE RESUELVEN DUDAS AL RESPECTO, TAMBIEN COMENTA QUE INICIARA TRAMITE DE DIVORCIO CON ABOGADO PARTICULAR, SOLICITA ATENCION PS.",0.333333333333333,0,0,1,0,0,0
3925,"USUARIA REFIERE QUE NO SUFRE VIOLENCIA, SOLICITA ASESORIA PARA REALIZAR TRAMITE DE GUARDA Y CUSTODIA DE SUS NIETOS. USUARIA PASA A JURIDICO PARA ASESORIA, SE LE OFRECEN LOS SERVICIOS DEL CENTRO.",0,0,0,0,0,0,1
3931,"USUARIA MENCIONA QUE TIENE 23 AÑOS CASADA, TRES HIJOS EN COMUN CON SU ESPOSO DE QUIEN SE ENCUENTRA SEPARADA DESDE HACE DIAS, ESTO DEBIDO A QUE USUARIA ENCONTRO EN EL CELULAR DE SU ESPOSO CONVERSACIONES, IMAGENES Y VIDEOS DE OTRAS MUJERES. HOY ACUDE A SOLICITAR ASESESORIA PARA EL TRAMITE DE PENSION YA QUE ES ELLA QUIEN CUBRE CON LOS GASTOS DE SUS HIJOS, ES EL UNICO TRAMITE QUE POR EL MOMENTO LE INTERESA. TAMBIEN SE INVITA A TERAPIA GRUPAL PSICOLOGICA.",1,0,0,0.666666666666667,0,0,0
3937,"USUARIA MENCIONA QUE DESDE ABRIL TOMO LA DECISION DE IRSE A VIVIR EN UNION LIBRE CON SU ACTUAL PAREJA, CON QUIEN TIENE OCHO MESES DE RELACION DE NOVIAZGO, USUARIA HA ESTADO VIVIENDO EN CASA DE SUS PADRES QUIENES NO ESTAN DE ACUERDO CON LA RELACION, LLEGARON A PROHIBIRLE A USUARIA QUE SE FUERA A VIVIR CON EL, SIN EMBARGO USUARIA AL VER LA NEGATIVA DE SUS PADRES AL NO ACEPTAR AL NOVIO DE USUATRIA ELLA OPTO POR IRSE CON EL A SU DOMICILIO, REFIERE QUE SUS PADRES LA HAN ESTADO LLAMANDO CONSTANTEMENTE, USUARIA APAGO SU RTELEFONO CELULAR Y SUS PADRES AL NO TENER RESPUESTA DE ELLA REALIZARON UNA PUBLICACION DESDE LA CUENTA DE FACEBOOK DE USUARIA , ESTO PARA DECIR QUE SE ENCUENTRA DESAPARECIDA, QUE DESDE EL DIA QUE SE FUE POR LA NOCHE NO HAN TENIDO COMUNICACION CON ELLA, USUARIA ACUDE A INSTITUCION ACOMPAÑADA DE SU PAREJA PARA MENCIONAR QUE ESTA CON EL POR VOLUNTAD PROPIA, REFIERE QUE NO HAY ALGUN HECHO DE VIOLENCIA HACIA ELLA POR PARTE DE SU PAREJA, TOMO DICHA DECISION AL NO CONTAR CON EL APOYO DE SUS PADRES, INCLUSO ANTES DE IRSE CON SU PAREJA SU HERMANO AMENAZO A USUARIA CON GOLPEARLA A ELLA Y A SU PAREJA, SIN EMBARGO NO DESEA PRESENTAR DENUNCIA AL RESPECTO. LA INTENCION DE USUARIA ES SOLO DEJAR ASENTADO LA SITUACION. SE INVITA A TERAPIA PSICOLOGICA PERO USUARIA COMENTA QUE YA RECIBE ATENCION PS DE MANERA PARTICULAR.",0,0,0,0.666666666666667,0,0,0
3938,"USUARIA REFIERE QUE AGRESOR ES SU HIJO Y MENCIONA ULTIMO HECHO DE VIOLENCIA AYER (ABRIL) USUARIA LLEGO A SU DOMICILIO POR LA NOCHE Y AGRESOR SE LA PASO TODO EL DIA TOMANDO ALCOHOL Y AGRESOR COMENZO A GRITARLE INSULTOS Y MALDICIONES, DICIENDOLE QUE ES UNA MUJER DE LA CALLE Y QUE LA CASA ES DE SU PAPA,Y A CUALQUIER HORA LA PUEDE SACAR.
USUARIA SOLICITA MEDIDAS DE PROTECCION PARA QUE SU HIJO SE SALGA DEL DOMICILIO Y SOLICITA REQUISITOS DE DIVORCIO, PASA A MP Y SE LE BRINDAN REQUISITOS DE DIVORCIO.",0,0,0.333333333333333,1,0,0,0
3945,"USUARIA ,MENCIONA QUE ESTUVO EN UNION LIBRE POR TRES AÑOS, SE SEPARO HACE UN AÑO DEBIDO A INFIDELIDAD DE SU EX PAREJA, DESDE SU SEPARACION EL SE HA DESLINDADO AFECTIVA Y ECONOMICAMENTE DEL MENOR, SOLO DE VEZ EN CUANDO LO BUSCA PERO DESPUES DESAPARECE POR VARIOS MESES, USUARIA Y PAREJA ACTUAL SE HACEN CARGO DE LAS NECESIDADES DEL MENOR, POR LO QUE ACUDE A SOLICITAR ASESORIA JURIDICA PARA TRAMITE DE PENSION, POR LO QUE SE RESUELVEN DUDAS Y SE ENTREGARON REQ.",1,0,0,0.666666666666667,0,0,0
3968,"LA USUARIA REFIERE QUE CON SU ACTUAL PAREJA CON QUIEN LLEVA 13 AÑOS CASADA HUBO INFIDELIDAD POR PARTE DE EL, POR LO QUE ELLA DESEA ASESORARSE PARA TRAMITE DE DIVORCIO Y ATENCION PSICOLOGICA POR LOS DAÑOS PSICOLOGICOS.",0,0,0,0.666666666666667,0,0,0.333333333333333
3975,"USUARIA REFIERE QUE SU SBUELA COMENZO A GRITARLE COSA Y LA COMENZO A GOLPEAR, USUARIA LA AGARRO DE LSO BRAZOS Y SU ABUELA LA JALO DEL CABELLO Y UNA TIA DE USUARIA TAMBIEN LA JALO DEL CABELLO Y SE METE UNA TIA DEL NOVIO DE USUARIA QUE ESTABA EMBARAZADA Y AGRESORAS COMIENZAN A GOLPEARLA EN EL ESTOMAGO, UN TIO DE USUARIA LE PEGO A USUARIA DANDOLE UNA CACHETADA, AGRESOR LE GRITABA QUE SE IBA A MORIR Y SU ABUELA LE GRITO QUE SE IBA ARREPENTIR.",0,1,0,1,0,0,0
3983,"CASADA HACE 8 AÑOS, Y SEPARADA DESDE HACE 3 AÑOS, POR INFIDELIDAD POR PARTE DE SU ESPOSO; MENCIONA QUE DESDE ANTES DE LA SEPARACIÓN NO LA APOYABA ECONOMICAMENTE COMO ANTES. MENCIONA QUE NO TUVO EPISODIOS DE VIOLENCIA QUE DESEE DENUNCIAR; ACUDE A SOLICITAR APOYO PARA INICIAR EL TRAMITE DE DIVORCIO, Y DEMAS TRAMITES FAMILIARES, DESDE QUE SE SEPARARON ESPORADICAMENTE LE DA ENTRE $200 Y $300. DESEA PASAR A JURIDICO A ENTREGAR PAPELERIA",1,0,0,0.333333333333333,0,0,0
3989,ENTREGA DE PAPELERIA,0,0,0,0,0,0,1
3995,"USUARIA REFIERE QUE HACE DOS MESES SU HIJO QUIEN ES MAYOR DE EDAD, REGRESO A VIVIR AL DOMICILIO PROVISIONALMENTE, REFIERE QUE LE BRINDO LA VIVIENDA A SU HIJO Y NUERA, EN CONJUNTO DE SUS DOS HIJOS DE 3 Y 1 AÑO Y MEDIO. REFIERE QUE POR PARTE DE AMBOS HA EXISTIDO UNA OMISION DE CUIDADOS RESPECTO A LOS MENORES POR LO QUE USUARIA TENDRA LA CUSTODIA PROVISIONAL. AMBOS TIENEN ACTITUDES EXPLOSIVAS
EL DIA DE AYER POR LA NOCHE, AGRESOR (HIJO) LE COMENTA QUE SI NO LO DEJABA QUEDARSE EN LA CASA HARIA QUE SU PAREJA SE FUERA CON EL Y CON LOS MENORES, USUARIA LE DICE QUE ESO ES UN CHANTAJE Y NO LA OBLIGA A TENERLO EN SU CASA, EL AMENAZA CON QUE PODIA MANIPULAR A SU PAREJA Y LOS DEJARIA IN VER A SUS NIETOS. REFIERE QUE AGRESOR Y SU PAREJA VEN A LOS MENORES COMO UNA FUENTE DE INGRESOS PUES POR ELLOS USUARIA LOS MANTENIA Y APOYABA, USUARIA AL ESCUCHAR A SU NIETA LLORAR SE LEVANTA PUES NINGUNO DE LOS DOS PODIA CALMAR A LA MENOR,. REFIERE QUE SU NIETA DE 3 AÑOS LA RECONOCE A ELLA COMO SU MAMA, USUARIA REFIERE QUE AL INTERVENIR Y TRATAR DE CALMAR A LA MENOR FORCEJEA CON AGRESOR, QUIEN LE DICE QUE LA MENOR ES MAS SU HIJA QUE DE ELLA Y LE DA UNA CACHETADA. USUARIA SUELTA A LA MENOR Y SALE DE LA CASA, AL DARSE CUENTAQUE SU HIJO LA SIGUE PIDE A UN VECINO QUE LLAME A LA PATRULLA. SE CALMA Y LUEGO ENTRA, DISCUTE CON AGRESOR Y LLEGAN LOS OFICIALES. USUARIA PIDE QUE NO DETENGAN A AGRESOR, REFIERE QUE SU NUERA ESTABA MAS PREOCUPADA POR SU PAREJA QUE POR LOS MENORES. LOS MENORES SE QUEDAN CON USUARIA Y LA MAMA DE ELLOS NO SE OPONE, LE REFIERE A LOS OFICIALES QUE ELLA NO ES APTA PARA TENERLOS Y QUE NO PENSABA LLEVARSELOS. 
USUARIA ACUDE A DENUNCIAR A SU HIJO POR LA AGRESION Y SE LE CANALIZA A PRONNIF PARA QUE SE LE ASESORE SOBRE LA GUARDA Y CUSTODIA",0,0.666666666666667,0,1,0,0,0
3996,"USUARIA REFIERE QUE DESDE HACE 6 AÑOS QUE TERMINO SU RELACION CON AGRESOR, FECHA DESDE LA QUE LA SIGUE HOSTIGANDO, REFIERE QUE SE HAN HECHO PERFILES FALSOS CON INFORMACION DE ELLA, REFIERE SOSPECHAR QUE SEA SU AGRESOR QUIEN LO HAYA HECHO. QUE HAN INVOLUCRADO A SU HERMANO EN ESTA PROBLEMATICA, QUE ESTA CANSADA DE ESTA SITUACION, PUES LA FAMILIA DE AGRESOR Y EL MISMO LE ESCRIBEN, LA LLAMAN. LA HA INSULTADO POR MENSAJES, LE DICE QUE SE VAYA A LA VERGA, QUE EL SABE DONDE VIVE. 
PRESENTA DENUNCIA Y PASA A AREA DE PSICOLOGIA",0,0,0,1,0,0.333333333333333,0
3998,"USUARIA REFIERE QUE AGRESOR EL DIA DE AYER EN ESTADO DE EBRIDAD, AGRESOR YA TENIA TRES DIAS SEGUIDOS TOMANDO, REFIERE QUE AL ACUDIR A RECOGER A AGRESOR PUES ESTABA EN UNA RIÑA,, LA AGREDE A ELLA Y A SUS HIJOS, LA ESTRUJA Y DISCUTEN. QUE TIENE 30 AÑOS DE RELACION, ESTA CANSADA Y YA NO QUIERE CONTINUAR CON EL. REFIERE QUE MAYORMENTE LA VIOLENCIA HA SIDO VERBAL. REFIERE TEMER POR SU SEGURIDAD PUES HA RECIBIDO AMENAZAS DE MUERTE 
PRESENTA DENUNCIA",0,1,0,1,0,0,0
4003,"USUARIA REFIERE QUE AGRESOR ES SU EXPAREJA, ULTIMO HECHO EN ABRIL, TRES AÑOS DE RELACION, AGRESOR LA EMPIEZA A ESTRUJARLA A DECIRLE QUE SE VAYA CON EL, AGRESOR LA EMPUJA, AGRESOR LA AGARRA DE LOS CABELLOS, LA TIRA AL PISO Y LE EMPIEZA A PEGAR, AGRESOR LA INSULTA DICIENDOLE HIJA DE TU PERRA MADRE, MAMA DE USUARIA INTERFIERE Y SE LO QUITA DE ENCIMA, AGRESOR LA AMENAZA CON QUEMARLE LA CASA Y EL CARRO, NO HA RECIBIDO ATENCION MEDICA, DECIDE IR POR SUS PROPIOS MEDIOS/ DESEA DENUNCIAR/ MEDIDAS DE PROTECCION/ CITA A PSICOLOGIA",0,1,0.333333333333333,1,0,0,0
4012,"USUARIA REFIERE QUE EL DIA DOMINGO DE ABRIL, SUS HIJOS INICIARON UNA DISCUSION PUES REFIERE QUE A SU HIJO AGRESOR LO HAN ACUSADO DE ROBAR UN CELULAR DE SU OTRO HIJO. QUE AL ESCUCHAR A SUS HIJOS DISCUTIENDO INTERVIENE, AL IGUAL PAPA DE USUARIA INTERVIENE PERO AMBOS HIJOS DE USUARIA SE AGARRAN A GOLPES, AL USUARIA INTENTR INTERVENIR RESULTA GOLPEADA POR AGRESOR, QUE AGRESOR ES UN TANTO VIOLENTO Y QUE PRESUME CONSUME DROGAS. 
USUARIA PRESENTA DENUNCIA PUES REFIERE QUE NO ES LA PRIMERA SITUACION DE VIOLENCIA, QUE EN UNA OCASION INTENTO PROVOCAR UN INCENDIO EN LA CASA, ASI QUE TEME POR SU SEGURIDAD Y LA DE SU PAPA. REFIERE QUE AGRESOR FUE DETENIDO EN LA COMANDANACIA",0,1,0.666666666666667,0.333333333333333,0,0,0
4015,"USUARIA ACUDE A SOLICITAR TRAMITE DE PENSIÓN ALIMENTICIA DE SU MENOR HIJO DE 3 AÑOS, MENCIONA QUE TIENE UN AÑO Y MEDIO QUE NO RECIBE APOYO ECONOMICO, ANTES LA APOYABA ESPORADICAMENTE EN ESPECIE CON PAÑALES. MISMO TIEMPO QUE TAMPOCO CONVIVE CON EL MENOR. HACE UNA SEMANA USUARIA LE SOLICITÓ APOYO ECONOMICO PARA CUBRIR LO GASTOS DEL MENOR Y LE DIJO QUE NO, NO HAY HECHOS DE VIOLENCIA QUE QUIERA DENUNCIAR. DESDE QUE TENIA 2 MESES DE EMBARAZO SE SEPARARON.",1,0,0,0,0,0,0
4019,"USUARIA MENCIONA QUE TIENE UN AÑO SEPARADA DE SU ESPOSO POR INFIDELIDAD, TIENEN TRES HIJAS EN COMUN Y TODAS SON MAYORES DE EDAD, SOLO UNA VIVE EN EL DOMIDILIO CONYUGAL CON USUARIA, QUIEN DEJO DE TENER CONTACTO CON SU ESPOSO POR VARIOS MESES Y SOLO POR MEDIO DE SU HIJA LE ENVIABA MENSAJES PARA INVITARLA A COMER, SIN EMBARGO USUARIA NO TIENE INTENCION DE CITARSE CON EL, REFIERE QUE HACE UNA SEMANA RECIBIO UNA LLAMADA DE SU ESPOSO PARA INSITIR EN VERLA PARA INVITARLA A SALIR, USUARIA LE DIJO QUE NO Y QUE APROVECHA PARA HABLAR SOBRE EL TRAMITE DE DIVORCIO, POR LO QUE SU ESPOSO LE DICE QUE TIENEN QUE HABLARLO EN PERSONA Y QUE PIENSA BUSCARLA, REFIERE QUE EL DIA DE ABRIL POR LA NOCHE SU ESPOSO LA LLAMA A SU CELULAR PARA DECIRLE QUE ESTA ENTERADO QUE USUARIA TIENE UNA PAREJA, EMPEZO A INSULTARLA "" ERES UNA HIJA DE TU PERRA MADRE, QUIERO QUE TE SALGAS DE LA CASA"" USUARIA OPTA POR BUSCAR A SU ESPOSO PARA TRATAR DE HABLAR Y LA ACOMPAÑA SU PAREJA ACTUAL Y UNA DE SUS HIJAS, AL ESTAR EN EL EXTERIOR DEL FRACCIONAMIENTO EN DONDE VIVE SU ESPOSO, EL SALIO Y SE FUE ENCIMA DE LA PAREJA DE USUARIA PARA GOLPEARLO, A USUARIA LA ESTUVO INSULTANDO , REALIZO COMENTARIOS OFENSIVOS A SU PERSONA, AMENAZO CON SACARLAS DEL DOMICILIO CONYUGAL, USUARIA REGRESA A SU DOMICILIO Y POR LA MADRUGADA LA BUSCA OTRA HIJA JUNTO CON EL YERNO DE USUARIA PARA GOLPEAR NUEVAMENTE A LA PAREJA, DURANTE LA AGRESION USUARIA INTERVINO Y SU YERNO ALCANZO A GOLPEARLA EN LA CARA, SE LLAMO A EMERGENCIAS PERO NO HUBO DETENIDO. ACUDE A EXPONER LOS HECHOS Y DESEA PRESENTAR DENUNCIA EN CONTRA DE SU ESPOSO Y YERNO, SE BRINDA PLAN DE SEGURIDAD",0,0.666666666666667,0.333333333333333,1,0,0,0
4020,"DOMINGO DE ABRIL PERSONA ACUDIÓ AL DOMICILIO DE MI MAMÁ, PREGUNTÁNDOME “¿TE VAS A IR PARA LA CASA? ES LA ÚLTIMA VEZ QUE TE PREGUNTO” CON LA CONDICIÓN DE QUE MI FAMILIA NO PODÍA VISITARME, NO PUEDO HACER REUNIONES NI INGERIR ALCOHOL, ACEPTE SUS CONDICIONES PERO QUE ÉL TENÍA QUE PAGAR LOS RECIBOS PENDIENTES, “NADA MÁS TE DIGO UNA COSA, NO QUIERO A NADIE DE TU PINCHE FAMILIA EN LA CASA”, COMO MIS HIJOS NO ESTABA A GUSTO EN CASA DE MI MAMÁ, DECIDÍ REGRESARME.
DESPUÉS EMPEZÓ A DECIRME “NO QUIERO QUE TOMES CAPAZ Y AMANECES CON UN HOMBRE” “EXTRAÑO MUCHO TUS COMIDAS, VAMOS A HACER NEGOCIO TU Y YO, ÁNDALE TE CONVIENE” “ÁNDALE, QUE TANTO SON DOS HORITAS” HACIÉNDOME LA INSINUACIÓN DE QUE A CAMBIO DE COMIDA EL ME DARÍA SEXO, AL NEGARME ME DIJO “A POCO NO EXTRAÑAS MIS NALGADAS” AL DECIRLE QUE NUNCA ME GUSTO QUE ME TRATARA ASÍ ÉL SE BURLÓ DE MÍ. 
EL DÍA DE HOY DE ABRIL ACUDIÓ A MI DOMICILIO A RECOGER A NUESTROS HIJOS, CUANDO LLEGO ME BARRIO Y ME DIJO “QUÍTATE ESOS TENIS, ME LOS DEJAS AHÍ” PORQUE COMO EL ME LOS HABÍA COMPRADO NO QUERÍA QUE LOS USARA.",0.666666666666667,0.333333333333333,0.333333333333333,1,0.666666666666667,0,0
4027,"USUARIA REFIERE QUE AGRESOR ES SU EXPAREJA, ULTIMO HECHO EN ABRIL, AGRESOR LE GRITA A LA NIÑA, USUARIA LE DICE QUE ES UN PENDEJO, AGRESOR LA INSULTA ""TE PEGO POR VERGUERA"" Y LE SUELTA UNA CACHETADA, AGRESOR NO LE QUIERE DAR AL NIÑO, LE DICE QUE SE LO VA A LLEVAR, AGRESOR ES LUCHADOR Y LE EMPIEZA A AVENTAR LAS MALETAS A USUARIA, HERMANA DE USUARIA LE QUITA EL NIÑO, USUARIA LO CORRE Y EL SE VA EN UN TAXI.",0,0.666666666666667,0,1,0,0.333333333333333,0
4041,DENUNCIA A PAREJA POR V. FISICA Y PSICOLOGICA,0,0.666666666666667,0,0.333333333333333,0,0,0.333333333333333
4061,UUSUARIA ACUDE PUES JUEZ LA ENVIA PARA RETTMOAR TRAMITE DE PSICOLOGIA.,0,0,0,0,0,0,1
4064,"USUARIA REFIERE QUE HACE AÑOS AL FALLECER SUS PADRES TUVO CONFLICTOS CON SUS HERMANOS Y HERMANAS DEBIDO A LOS BIENES QUE SUS PADRES DEJARON, USUARIA DEJO DE TENER CONTACTO CON SUS HERMANOS DESDE HACE VEINTE AÑOS APROXIMADAMENTE, SIN EMBARGO EL DIA DE ABRIL POR LA TARDE USUARIA ENCONTRO UNA NOTA EN LA COCHERA DE SU CASA, EN ESA NOTA ESCRIBIERON "" LO QUE ME RESTA DE VIDA, NO VOY A DESCANSAR HASTA PARTIRLE SU MADRE A TU HIJO QUE ABUSO DE UNA PERSONA"" USUARIA REFIERE QUE LA AMENAZA ESTA ESCRITA EN LA PARTE DE ATRAS DE UNA NOTA DE UN DEPOSITO DE CERVEZA , EL CUAL SE ENCUENTRA A MEDIA CUADRA DEL DOMICILIO DE USUARIA, ELLA OPTO POR ACUDIR Y PREGUNTAR, EL DUEÑO DEL LUGAR LE MOSTRO LAS CAMARAS DE VIGILANCIA QUE TIENE EN EL INTERIOR Y USUARIA PUDO VER QUE FUE SU HERMANO QUIEN PIDE EL PAPEL Y UNA PLUMA PARA ESRCIBIR UNA NOTA Y POSTERIORMENTE SE RETIRA DEL DEPOSITO, POR LO QUE ACUDE A EXPONER LOS HECHOS Y DESEA EL APOYO PARA PRESENTAR DENUNCIA CORRESPONDIENTE.",0,0,0,1,0,0.333333333333333,0
4098,"ME DIVORCIO DE MI EX PAREJA HACE 5 AÑOS DENTRO DE LA SENTENCIA SE ESTABLECIÓ LA PENSIÓN ALIMENTICIA DE NUESTRO MENOR HIJO EL CUAL SERÍA POR LA CANTIDAD DE $500 PESOS POR SEMANA A LO CUAL MI EX PAREJA A VECES PASAN 3 SEMANAS Y ME DA EL TOTAL DE $1000 PESOS PERO NO LO QUE DEBERÍA NO ES CONSTANTE EN LOS PAGOS DE LA PENSIÓN, EN LA SENTENCIA SE DICTÓ QUE ÉL SE HARÍA CARGO DE LOS ÚTILES ESCOLARES Y DE LA INSCRIPCIÓN DE NUESTRO HIJO EN EL CUAL TAMPOCO SE HA HECHO RESPONSABLE, ACTUALMENTE TIENE 1 MES QUE NO ME DEPOSITA LA PENSIÓN ALIMENTICIA, MI HIJO LE MANDO MENSAJE PIDIÉNDOLE LA PENSIÓN Y SOLAMENTE DICE “SI AHORITA VOY AL OXXO” PERO NO LO DEPOSITO, TRATO DE EVITAR CONTACTO CON ÉL YA QUE ES MUY VIOLENTO Y ME COMIENZA A INSULTAR, SOLO ME CONTACTO CON EL CUANDO MI HIJO SE LLEGA A ENFERMAR.",1,0,0,1,0,0,0
4105,"USUARIA REFIERE QUE HACE UN AÑO DECIDIO SEPARARSE DE AGRESOR QUIEN ES SU ESPOSO, PORQUE EL CONSUME CRISTAL, HACE SEIS MESES AGRESOR DECIDIO INGRESAR A UN ANEXO. FECHA DESDE LA QUE USUARIA HA NEGADO VERLO Y A SU MENOR HIJO PUES NO ES UN EJEMPLO QUE LE QUIERA DAR. HA DECIDIDO LLEVAR A CABO EL DIVORCIO Y TEME POR LA REACCION DE AGRESOR. SE LE DAN REQUISITOS DE DIVORCIO.",0,0,0,0.666666666666667,0,0,0.333333333333333
4112,"USUARIA TIENE TREINTA AÑOS CASADA , TRES HIJOS EN COMUN CON SU EPSOSO CON QUIEN HA VIVIDO VIOLENCIA PSICOLOGICA Y VERBAL, CONSTANTEMENTE SU ESPOSO TIENE ARRANQUES DE ENOJO SIN RAZON, GRITA GROSERIAS, INSULTA, USUARIA HA PENSADO EN VARIAS OCASIONES EN SEPARARSE E INCLUSO SUS HIJOS QUIENES SON MAYORES DE EDAD LE PIDEN QUE SE SEPARE DE SU ESPOSO, ADEMAS REFIERE QUE DURANTE SU MATROMONIO HA VIVIDO CONFLICTOS ECONOMICOS PORQUE ES ELLA QUIEN CUBRE CON SUS GASTOS Y NECESIDADES, INCLUSO DE SUS HIJOS CUANDO ERAN MENOR DE EDAD. USUARIA COMENTA QUE EL DIA DE HOY ABRIL TUVO LA ULTIMA DISCUSION DE SU ESPOSO Y EN ESE MOMENTO SE SIENTE AGOTADA, DESMOTIVADA POR CREER QUE SU ESPOSO PUEDA CAMBIAR, HOY ACUDE A CENTRO A SOLICITAR APOYO PSICOLOGICO.",0.666666666666667,0,0,1,0,0,0
4116,"USUARIA REFIERE QUE NO SUFRE VIOLENCIA, MENCIONA DESEA ASESORIA DEL TRAMITE DE DIVORCIO PASA A JURIDICO PARA REQUISITOS, PERO AUN NO SE SIENTE SEGURA DE REALIZARLO.
SE LE OFRECEN LOS SERVICIOS DEL CENTRO, SE LE DA PLAN DE SGURIDAD.",0,0,0,0.333333333333333,0,0,0.666666666666667
4132,"USUARIA REFIERE QUE AGRESOR ES SU HERMANO, ULTIMO HECHO EN ABRIL, USUARIA ES DISCAPACITADA, AGRESOR LA AGREDE, LA EMPUJA, LA JALONEA PORQUE DICE QUE ELLA NO SE CALLA, USUARIA MANIFIESTA QUE ELLA NO SE VA A CALLAR CUANDO LA ESTAN AGREDIENDO, SUFRE VIOLENCIA ECONOMICA AGRESOR LE DICE QUE ES MUY MALAGRADECIDA, NO VALES MADRE, SEMANAS ATRAS METIO SUS MUEBLES, Y AGRESOR SE LOS QUERIA QUITAR, LE GRITA, LE HUMILLA, LA ECHA A LA CALLE (NO SABE DECIR CON EXACTITUD) SE HIZO REPORTE CON LA POLICIA, LA CUAL LE ASESORO QUE VINIERA, LA AUXILIARON LAS VECINAS, LA USUARIA FUE A DAR AL HOSPITAL, PORQUE ANTE EL ESTRES ELLA CONVULSIONA",1,1,0.666666666666667,1,0,0,0
4137,"USUARIA MENCIONA QUE ESTÁ VIVIENDO VIOLENCIA PSICOLÓGICA POR PARTE DE SU ESPOSO, YA QUE ESTABAN DISCUTIENDO POR PROBLEMAS ECONÓMICOS YA QUE EL GASTA MUCHO DINERO, ESTO LE MOLESTA MUCHO A LA USUARIA A LO QUE EL DICE QUE LOS GASTOS ESTÁN JUSTIFICADOS PERO ELLA REFIERE QUE YA LE HABÍA DICHO QUE TENÍAN QUE CUIDAR EL DINERO A LO CUAL ELLA ESTA QUIERE REALIZAR TRAMITE DE DIVORCIO, GUARDIA Y CUSTODIA DE SUS HIJOS..",0.333333333333333,0,0,1,0,0,0
4171,"USUARIA ACUDE A TRÁMITE DE GUARDIA Y CUSTODIA DE SUS HIJOS, REFIERE QUE LA CASA EN QUE EL VIVE SU EX PAREJA ES DE ELLA YA QUE ERA DE SU MADRE",0,0,0.666666666666667,0,0,0,0.333333333333333
4180,"MENCIONA QUE AGRESOR ES SU PADRE ADULTO MAYOR REFIERE EN DICIEMBRE DENUNCIÓ VIOLENCIA FAMILIAR FISICA CONTRA SU HERMANA CON DISCAPACIDAD, EL MP LO EXCLUYO DEL DOMICILIO, DESCONOCEN DONDE SE ENCUENTRA, YA QUE TIENE PROPIEDADES EN OTROS ESTADOS, YA QUE LA CASA ESTA A NOMBRE DE USUARIA Y SU HERMANA, MENCIONA QUE CUANDO SU PADRE SE FUE, SE LLEVA SU CAMIONETA, SU PADRE SE LLEVO POLIZA DEL SEGURO, COPIA DE LA FACTURA, HACE 15 DIAS ACUDIO A FISCALIA A PONER UNA DENUNCIA LE HICIERON SABER QUE LE TOMARIAN LA DENUNCIA POR ABUSO DE CONFIANZA Y NO POR ROBO. EL DIA VIERNES DE ABRIL, LE LLEGO UNA DEMANDA CIVIL A SU DOMICILIO A USUARIA Y SU MADRE, POR QUE QUIERE ANULAR LAS ESCRITURAS QUE EN SU MOMENTO LE CEDIÓ A SUS HIJAS, ALEGANDO QUE USUARIA LO ENGAÑO PARA FIRMAR HOJAS EN BLANCO, EN ESTA DEMANDA, SE DAN CUENTA QUE EL PADRE DE USUARIA ESTÁ CASADO CON OTRA PERSONA EN OTRO ESTADO, EN LA DEMANDA PADRE SOLICITA QUE SALGAN DEL DOMICILIO, Y LE ENTREGUEN EL NEGOCIO DE ROPA PORQUE ESE ES EL SUSTENTO QUE ENVIA A SU PRIMER ESPOSA. MENCIONA QUE TIENE APOYO LEGAL DESDE EL MES DE DICIEMBRE CON UNA ABOGADA PARTICULAR QUE ES SU FAMILIAR Y ESTA PERSONA LE MENCIONÓ QUE NO ESTABA DE MAS ACUDIR AL CENTRO PARA QUE QUEDE UN EXPEDIENTE INTERNO, 
SOLO DESEA ASESORIA JURIDICA PARA UNA SEGUNDA OPINION, MENCIONA QUE RECIBEN ATENCION PSICOLOGICA, DESDE EL MES DE ENERO DE ESTE AÑO, NO HAY HECHOS PARA DENUNCIAR EN EL CENTRO.",0.333333333333333,0.666666666666667,1,0.666666666666667,0,0,0
4181,"USUARIA REFIERE TENER TRES AÑOS SEPARADA DE AGRESOR, CON QUIEN ESTUVO EN UNION LIBRE 20 AÑOS. QUE ELLA EL AÑO PASADO ESTUVO PIDIENDOLE QUE REGRESARAN. REFIERE QUE LA SEPARACION FUE PORQUE L HABIA ENCONTRADO MENSAJES A AGRESOR CON ALGUNAS CLIENTAS PUES HASTA EL DIA DE HOY TIENEN UN NEGOCIO JUNTOS.
EL DIA DE ABRIL USUARIA LE DICE A AGRESOR QUE YA ESTA CANSADA, QUE AGRESOR LE PROHIBE TENER CIERTAS AMISTADES, LA CELA, LA MENOSPRECIA. USUARIA REFIERE QUE NO DESEA DENUNCIAR LA SITUACION DE VIOLENCIA.
SE CANALIZA A DEFENSORIA PUBLICA PARA QUE LA APOYEN CON LA DEMANDA MERCANTIL.",0.333333333333333,0,0,1,0,0,0
4182,DENUNCIA A HERMANO POR V. FISICA Y PSICOLOGICA,0,0.666666666666667,0,0.666666666666667,0,0,0.333333333333333
4195,SE ANEXA HOJA DE HECHOS AL FINAL DE CEDULA,0,0,0,0,0,0,1
4212,"USUARIA REFIERE QUE AGRESOR ES SU EX PAREJA Y MENCIONA TIENE 2 HIJOS EN COMUN CON EL, EN OCTUBRE AGRESOR LLEGO AL PAIS Y LOS MENORES SE FUERON A VIVIR CON EL, PERO AGRESOR CONSUME DROGAS Y UNO DE SUS HIJOS TAMBIEN CONSUME DROGA, UN TIEMPO USUARIA RECUPERO A UNO DE SUS HIJOS Y VIVIO CON ELLA, PERO EL MENOR SE FUE DE NUEVO CON SU PADRE. 
USUARIA REFIERE QUE CUANDO LE LLAMA A AGRESOR LE GRITA MALDICIONES Y LE DICE QUE LAS DROGAS NO TIENEN NADA DE MALO, COMO ELLA SI SE SALE A TOMAR. 
USUARIA DESEA RECUPERAR A SUS HIJOS, Y SOLICITAR MEDIDAS DE PROTECCION PARA QUE AGRESOR NO SE LES ACERQUE.",0,0,0,1,0,0.666666666666667,0
4221,"USUARIA REFIERE QUE AGRESOR ES SU ESPOSO Y MENCIONA SE SEPARARON HACE 2 SEMANAS APROXIMADAMENTE, EL DIA MARTES DE ABRIL FUE EL ULTIMO HECHO DE VIOLENCIA, AGRESOR FUE AL DOMICILIO Y LE DIJO A USUARIA QUE YA VALIO TODO Y QUE MEJOR SUS HIJOS SE ENTERARAN DE LA VERDAD, AGRESOR LE DIJO A ELLA Y SUS HIJOS QUE EL TENIA OTRO HIJO CUANDO Y FUE CUANDO SE DROGABA, COMENZO A INSULTAR A USUARIA CON MALDICIONES. AGRESOR SE FUE A TOMAR ALCOHOL Y MAS TARDE REGRESO AL DOMICILIO DE USUARIA PARA ENTREGARLE UN CELULAR.
EL MIERCOLES DE MAYO AGRESOR LE DIJO QUE EL ESTAB SUFRIENDO MUCHO Y QUE NECESITABA LA CASA, ELLA LE DIJO QUE NO HABIA PROBLEMA PERO HAY QUE VER SI SUS HIJOS SE QUIEREN IR CON ELLA O QUEDARSE. 
USUARIA NO DESEA PRESENTAR DENUNCIA POR EL MOMENTO, SE LE DA PLAN DE SEGURIDAD Y REQUISITOS DE DIVORCIO.",0,0,0.333333333333333,1,0,0,0
4234,"USUARIA REFIERE ESTAR SEPARADA DE AGRESOR Y ESTAR EN TRAMITES DE DIVORCIO, QUE AGRSOR ACUDE AL DOMICILIO DE USUARIA EN ESTADO DE EBRIEDAD Y LA AMEDRENTA, ENTRA POR LA FUERZA Y LE DICE QUE EL TIENE DERECHO A IR CUANDO QUIERA, PESE A QUE LA CASA ES PRESTADA POR UNO DE SUS HIJOS Y DE LA QUE NO TIENE NINGUN DERECHO. USUARIA REFIERE VIVIR AHI SOLA CON UNA HIJA Y QUE BATALLA MUCHO PARA QUE AGRESOR SE VAYA, PIDE UNA ORDEN DE RESTRICCION.
PASA A MINISTERIO PUBLICO.",0,0,0.333333333333333,1,0,0.333333333333333,0
4250,DENUNCIA A ESPOSO POR V. FISICA Y PSICOLOGICA,0,1,0,1,0,0,0
4262,"5 AÑOS DE RELACION, SEPARADOS DESDE HACE 1 MES, POR QUE YA NO HABIA CONVIVENCIA NI COMUNICACION SANA USUARIA SE FUE A VIVIR CON SU MADRE.
DESDE HACE 1 MES HAY CONVIVENCIA CON LA MENOR, PERO NO HAY APOYO ECONOMICO. USUARIA ACUDE A SOLICITAR APOYO JURIDICO PARA INICIAR TRAMITE DE PENSION ALIMENTICIA",1,0,0,0,0,0,0
4266,DENUNCIA A EX PAREJA POR V. PSICOLOGICA,0,0,0,1,0,0,0
4269,DENUNCIA A EX PAREJA POR INCUMPLIMIENTO DE OBLIGACIONES ALIMENTARIAS,1,0,0,0,0,0,0
4277,"USUARIA REFIERE QUE ULTIMO HECHO DE VIOLENCIA FUE EN MAYO AGRESOR ES DU EX ESPOSO, AGRESOR LE ESTA LLAMADO TODO EL TIEMPO, DE DIFERENTES NUMEROS CON LA INTECCION DE ""CERRAR CICLOS"" 
EN ABRIL AGRESOR ACUDE BORRACHO AL DOMICILIO DE USUARIA CON LA INTENCION DE HABLAR CON ELLA, USUARIA ACCEDE A VERLO EN EL DOMICILIO DEL AGRESOR POR MIEDO, AL ENTRAR LE OFRECE UN VASO DE AGUA Y USUARIA COMIENSA A SENTIRSE MAL Y LA GABA DICEINDO INCOHERENCIAS Y LE MANDA VIDEO AL ACTUAL PAREJA.
USUARIO REFIERE QUE TEME POR SU SEGUIRDAD Y QUE LA EXHIBA EN REDES SOCIALES, POR NO ACCEDER A SUS CHANTAJES. 
USUARIA DESEA DENUNCIAR/ MEDIDA DE PROTECION/ NO DESEA PASAR PSICOLOGIA",0,0.333333333333333,0,1,0,0,0
4279,"USUARIA ACUDE PUES EL DIA DE MAYO SE DA CUENTA QUE LA SUBIERON A FACEBOOK ""LAS MAS PUTAS DE SALTILLO"" EN DONDE UN MIEMBRO ANONIMO EXHIBE UNA FOTO DE ELLA OFRECIENDO SERVICIOS DE SEXO ORAL, USUARIA LLAMA A SUS CONOCIDOS PARA REPORTAR LA CUENTA PERO NO HAN BAJADO LA PUBLICACION.",0,0,0,0.666666666666667,1,0,0
4285,"USUARIA REFIERE TENER YA UNOS MESES VIVIENDO VIOLENCIA PSICOLOGICA POR PARTE DE SU ESPOSO, QUE REGULARMENTE ESTAS AGRESIONES SE DAN POR CELOS Y QUE LA INSULTA DICIENDOLE QUE ES UNA PUTA, QUE TIENE AMANTES Y QUE ANDA DE MAS. LA HA OBLIGADO MULTIPLES VECES A TENER RELACIONES SEXUALES Y USUARIA REFIERE QUE EL ULTIMO HECHO FUE EN MAYO POR LA NOCHE, ESTANDO EN SU DOMICILIO AGRESOR LA EMPIEZA A AMEDRENTAR FRENTE A SUS HIJOS, LE DICE QU ES UNA PUTA Y QUE DE SEGURO TIENE AMANTES, LA AMENAZA CON CORRERLA, LA EMPUJA, LE DICE QUE YA NO QUIERE QUE TRABAJE Y REFIERE NINGUNO DE SUS HIJOS HIZO INTENTO POR DEFENDERLA. USUARIA NO SABE SI DEJAR EL DOMICILIO Y ACUDE A ASESORARSE.
PRESENTA DENUNCIA, SE LE DAN REQUISITOS DE DIVORCIO Y PASA A PSICOLOGIA.",0.333333333333333,1,0,1,1,0.333333333333333,0
4319,"USUARIA REFIERE QUE EL DIA DE AYER POR LA NOCHE SU EX PAREJA QUIEN YA TIENE NUEVA PAREJA FUE A SU DOMICILIO CON PRETEXTO DE VER A SUS HIJOS CON ALIENTO ALCOHOLICO , COMENTA QUE LLEGO AGREDIENDOLA VERBALMENTE Y QUE ELLA PREFIRIO MEJOR IRSE A CASA DE SU FAMILIAR YA QUE EL ESTABA MUY AGRESIVO Y NO QUERIA RETIRARSE. ACUDE A MINISTERIO PUBLICO Y JURIDICO.",0,0,0,1,0,0,0
4324,DENUNCIA A ESPOSO POR V. PSICOLOGICA Y ECONOMICA,1,0,0,1,0,0,0
4329,"US REFIERE QUE EL DIA MARZO POR LA TARDESE ENCONTRABA EN EL DOM DONDE HABITA CON SU PAREJA , MOMENTO EN EL CUAL COMIENZA A DISCUTIR POTQUE EL PR NO LE QURIA DAR ALIMENTOS PARA SU HIJA , US LE QUITA EL TELEFONO AL PR Y SE LO METE A LA BLUSA , POR EL CUAL EN PR SE MOLESTA LA SIENTA EN LA CAMA E INTENTA QUITARSELO , LE METE LA MANO POR DEBJAJO DE LA BLUSA Y LE QUITA FINALMENTE EL TELEFONO, LE PEGA FURTEMENTE EL TELEFONO EN LE MEJILLA S Y EN LA FRENTE CON LAS MANOS , SU HIJA COMIENZA A LLORAR QUIEN ESTUVO EN TODO MOMENTO EN LA CAMA DURANTE LA AGRESION, LA SIGUE FORCEJRANDO DESDE LA RECAMARA HASTA LA PUERTA TRASERA DEL DOM JALANDOLA DE LA BLUSA, LA CORE DE LA CASA ´´VETE A LA VERGA ME TIENES HASTA LA CHINGADA´´ ELLA LOGRA IRSE A LA RECAMARA TOMA A SU HIJA Y SE SALE DEL DOM, HABLA AL 911 Y LE PIDEN QUE SE RESGUARDE, ENTRA A UN MOTEL QUIENES LA RESGUARDAN. LLEGAN LAS OFICIALES Y SE LLEVAN AL PR.",1,1,0,1,0,0,0
4330,"USUARIA MENCIONA QUE EN ENERO DEL AÑO LE ENCUENTRA SERIE DE MENSAJES, FOTOS Y VIDEOS DE OTRAS MUJERES A SU ESPOSO, POR LO CUAL ELLA SE HA SENTIDO MUY MA ENTRNDO EN DEPRESION LA CUAL SE LA DETECTARON EN EL SEGURO SOCIAL, POR LO CUAL USUARIA SOLICITA ATENCION PSICOLOGICA, YA QUE SE HA SENTIDO ULTIMAMENTE MUY MAL, MENCIONA QUE LA UNICA VEZ QUE HUBO AGRESION FISICA (BOFETADA) POR PARTE DE SU ESPOSO FUE EN ENERO. 
MENCIONA QUE EN UNA SOLA OCASION SE SEPARO DE SU ESPOSO YA QUE ESTUVO INTERNDA EN INSTITUCION DE SALUD MENTAL 
USUARI DESEA ATENCION PSICOLOGICA",0,1,0,1,0,0,0
4345,"EL DOMINGO DE AGOSTO POR LA MADRUGADA EN EL DOM CONYUGAL,US REFIERE QUE EL PR SE SALIO (ESTABA TOMANDO AHI EN LA CASA), AL REGRESAR LLEGO GOLPEANDO EL VARANDAL Y LA PUERTA CON LAS MANOS,REFIERE QUE LE DECIA QUE ABRIERA LA PUERTA. LA US DESDE QUE EMPEZO A GOLPEAR EL VARANDAL LE HABLO A UNA UNIDAD, DESPUES DE 10MIN LELGO, ELLA NUNCA SALIO ESTABA ENCERRADA CON SUS HIJAS. TIENEN UN MES Y MEDIO VIVIENDO JUNTOS, REFIERE ANTES TENIAN 1AÑO PERO EL PR VIVIA FUERA DEL PAIS Y APENAS LLEGO AQUI.",0,0,0.666666666666667,1,0,0,0
4346,"EL DÍA MARTES DE MAYO ME COMENTO UNA VECINA QUE SE ENCONTRABAN DE PARTE DE PRONNIF AFUERA DE MI DOMICILIO ES CUANDO LE LLAMO POR TELÉFONO A MI EX PAREJA PREGUNTÁNDOLE SI EL ME HABÍA INTERPUESTO UN CITATORIO A LO CUAL ME DICE QUE SI Y LE PREGUNTO QUE PORQUE ""NO ME QUIERES DAR A LA NIÑA POR LAS BUENA Y TU ME DIJISTE QUE ME FUERA POR LO LEGAL"" LE DIJE QUE ESTABA BIEN, PERO QUE NO LE PRESTARÍA A MI HIJA EL FIN DE SEMANA HASTA QUE NO FUÉRAMOS A LA CITA PARA VER QUE NOS DECÍAN, CUELGO LA LLAMADA Y NUEVAMENTE ME LLAMA POR TELÉFONO MI EX PAREJA ""QUE ES LO QUE DICE LA HOJA"" LE DIJE QUE PORQUE ME PREGUNTABA SI EL MISMO HECHO LA CITA Y ME CONTESTA ""NO TE HABLE POR ESO PORQUE NO ME PRESTAS A LA NIÑA"" Y ESTA GRABANDO LA LLAMADA Y ES CUANDO LE DIGO QUE SABIA QUE ESTABA GRABANDO LA LLAMADA Y CUELGA. 
AL ACUDIR A LA CITA EN PRONNIF EL DÍA JUEVES MAYO NOS ESTUVIERON PREGUNTANDO DIFERENTES PREGUNTAS Y A MI HIJA MENOR.",0,0,0,0.333333333333333,0,0.333333333333333,0.333333333333333
4362,"USUARIA REFIERE QUE AGRESOR ES SU HIJO QUIEN LLEVA TIEMPO AGREDIENDOLA VERBALMENTE Y ELLA SE ENFERMA POR LA PRESION ALTA QUE TIENE, MENCIONA ULTIMO HECHO DE VIOLENCIA EL SABADO DE MAYO AGRESOR LLEGO AL DOMICILIO DE USUARIA Y COMENZO A AGREDIR A USUARIA GRITANDOLE QUE ES UNA MAL AGRADECIDA, Y QUE NO VENIA A VERLA A ELLA, SOLO A SU HERMANA, LE GRITA MALDICIONES Y AMENAZA CON CON HACERLE DAÑO A SU HERMANO MAYOR. USUARIA REFIERE QUE AGRESOR SE COMPORTA AGRESIVO DEBIDO A QUE CONSUME ALCOHOL MUY CONSTANTEMENTE. 
USUARIA SOLICITA MEDIDAS DE PROTECCION PASA A MP, SE LE DA PLAN DE SEGURIDAD.",0,0,0,1,0,0,0
4388,DENUNCIA A HERMANO POR V. PSICOLOGICA,0,0,0,0.333333333333333,0,0,0.333333333333333
4405,DENUNCIA A ESPOSO POR V. FISICA Y PSICOLOGICA,0,0.666666666666667,0,0.666666666666667,0,0,0.333333333333333
4406,DENUNCIA A ESPOSO POR V. FISICA Y PSICOLOGICA,0,0.666666666666667,0,0.666666666666667,0,0,0.333333333333333
4414,"USUARIA REFIERE QUE AGRESOR ES SU EX PAREJA Y MENCIONA HACE 4 MESES SE SEPARARON DEBIDO A QUE AGRESOR CONSUMIA MUCHO ALCOHOL CONSTANTEMENTE, PERO REGRESO CON EL 2 OCACIONES DEBIDO A QUE AGRESOR LA HA ESTADO MOLESTANDO DE NUEVO.
EL DIA DE AYER EN MAYO AGRESOR FUE AL NEGOCIO DE USUARIA Y SE LLEVO A SUS HIJOS, MAS TARDE SE LOS ENTREGA Y COMIENZA A DISCUTIR CON USUARIA LE GRITO MALDICIONES , LA JALO DEL CABELLO Y LA TUMBO AL PISO, LE AGARRO EL CELULAR A USUARIA Y SE FUE. 
USUARIA DESEA REALIZAR TRAMITE DE PENSION ALIMENTICIA Y GYC , SE LE DA PLAN DE SEGURIDAD.",0,1,0.666666666666667,1,0,0.333333333333333,0
4441,USUARIA REFIERE QUE EL DIA VIERNES IBA A BORDO DE SU VEHICULO CIRCULANDO Y DE REPENTE SU EXPAREJA LE SALIO AL PASO INTENTANDO CHOCAR SU VEHICULO Y ELLA HACE MENCION QUE LO ESQUIVA Y EL SE VA ACUDE A MINISTERIO PUBLICO,0,0.666666666666667,0.333333333333333,0.333333333333333,0,0,0
4445,"USUARIA REFIERE QUE AGRESOR ES SU ESPOSO MENCIONA ULTIMO HECHO DE VIOLENCIA AYER DE MAYO AGRESOR COMENZO A DISCUTIR CON USUARIA POR CELOS, LE DIJO QUE SE FUERA DE LA CASA PORQUE ELLA TENIA OTRO, LE GRITA MALDICIONES, USUARIA OPTO POR IRSE CON SU HIJA MAS CHICA A CASA DE SU FAMILIAR, AGRESOR NO LA DEJO SACAR PERTENENCIAS. 
EL DIA DE HOY AGRESOR LE MANDO MENSAJES A USUARIA INSULTANDOLA Y OFENDIENDOLA, ELLA DIJO QUE IRIA POR SU PAPELERIA PARA ARREGLAR SU FINIQUITO Y AGRESOR LE DIJO QUE NO LE DARIA Y SE LOS IBA A QUEMAR. USUARIA REFIERE NO QUIERE REGRESAR AL DOMICILIO CON AGRESOR, SE QUIERE QUEDAR EN CASA DE SU FAMILIAR RESGUARDADA.",0,0,1,1,0,0,0
4449,"REFIERE USUARIA QUE EL DIA DE AYER MARTES DE MAYO POR LA TARDE, ELLA SE ENCONTRABA EN SU DOMICILIO CUANDO LLEGO U ACTUARIO D ELO FAMILIAR Y LE NOTIFICO UNA DEMANDA DE CONVIVENCIAS SE CANALIZA AL AREA JURIDICA PARA DARLE CONTESTACION A LA DEMANDA.",0,0.333333333333333,0.333333333333333,0.333333333333333,0,0,0.666666666666667
4465,"USUARIA REFIERE QUE EL DIA DE AYER SU ESPOSO FUE Y LA DEJO A CASA DE UN FAMILIAR DE LA USUARIA YA QUE EL ANDABA ALCOHOLISADO, Y EN LA MADRUGADA DEL DIA DE HOY FUE A BUSCARLA PARA PEDIRLE DINERO PARA SEGRUIR TOMANDO Y ANTE LA NEGATIVA DE LA USUARIA COMENTA QUE EMPEZO A PONERSE MUY ALTERADO USUARIA, QUIERE SACAR SUS PERTENECIAS DEL DOMIICLIO PERO TIENE TEMOR DE ACUDIR Y QUE SU PAREJA LA AGREDA FISICAMENTE, ACUDE A MINISTERIO PUBLICO",0.333333333333333,0,0.333333333333333,1,0,0,0
4467,"USUARIA ACUDE EN BUSCA DE TERAPIA PSICOLOGICA DEBIDO A QUE RETOMO SU RELACION CON SU ESPOSO, SIN EMABRGO AUN SE SIENTE AFECTADA POR INFIDELIDADES QUE OCURRIERON HACE 7 AÑOS. 
CUANDO LE PREGUNTA ALGO LE CONTESTA A LA DEFENSIVA ""NO ESTES CHINGANDO"".",0,0,0,1,0,0,0
4472,"USUARIA MENCIONA QUE AGRESOR ES SU EX PAREJA, EN FECHA DE MAYO, AGRESOR IBA POR COSAS QUE TENIA EN EL DOMICILIO DE LA USUARIA. COMNEZO A TOCAR Y A GRITAR LE DIJO O ME ABRES O ABRO LA PUERTA, MENCIONA LA USUARIA QUE FUE EN LA MADRUGADA. 
MENCIONA QUE HACE 1 MES LA INSULTABA DICIENDOLE QUE ESTNA GORDA, LE DECIA TONTA.
MENCIONA QUE AGRESOR ES UN NARCISTA.",0,0,0.333333333333333,0.666666666666667,0,0,0
4474,"LA USUARIA REFIERE QUE SU EX PAREJA CON QUIEN TUVO UNA HIJA NO CUMPLE CON SUS OBLIGACIONES ALIMENTARIAS, LA USUARIA DESEA ASESORIA JURIDICA PARA GUARDIA Y CUSTODIA Y PENSION ALIMENTICIA.",1,0,0,0,0,0,0
4475,DENUNCIA A ESPOSO POR V. PSICOLOGICA,0,0,0,0.666666666666667,0,0,0.333333333333333
4489,"USUARIA REFIERE QUE DURANTE ESTE ULTIMO AÑO LA VIOLENCIA VERBAL HA IDO AUMENTANDO, ELLA LE EXIGE QUE SE PONGA A TRABAJAR PERO EL REACCIONA VIOLENTO, LE GRITA A ELLA LA INSULTA, ES GROSERO, ADEMAS LA CELA PORQUE ES USUARIA QUIEN TRABAJA Y TIENE COMPAÑEROS HOMBRES COMENTA QUE HACE DOS SEMANAS FUE SU ULTIMA AGRESION VERBAL, USUARIA ACTUALMNETE TIENE LA INTENCION DE SEPARARSE, SIN EMBARGO TEME QUE SU ESPOSO LA PERJUDIQUE, POR LO QUE SE BRINDA ASESORIAS, SE ENTREGA PLAN DE SEGURIDAD, POR EL MOMENTO NO DESEA PRESENTRA DENUNCIA, SE BRINDAN REQ DE DIVORCIO.",0,0,0,1,0,0,0
4499,"USUARIA REFIERE QUE NO ES LA PRIMERA VEZ QUE ES AGREDIDA VERBALMNTE POR SU PARJA, AGRESOR LLEGO EN ESTADO DE EBRIEDAD, ENTRO A LA CASA DE SU CONCUÑA A PEDIR A SU HIJA , CAMINO AL DOMICILIO EL AGRESOR LE GRITABA COSAS, QUE NO SEA PENDEJA ESTUPIDA, LE IBA A METER UNA BOLA DE VERGAZOS. AGRESOR ESTABA INSISTENTE EN VER A LA NIÑA , USUARIA SE LA NEGABA PUES SABIA QUE SOLAMENTE LO HACIA CON INTENCIONES DE QUITARLE A LA MENOR Y HACERLA ENOJAR A ELLA. ABUELA DE LA USUARIA LLAMO A LA PATRULLA QUIENES RETIRARON AL AGRESOR DEL LUGAR. NO HA PRESENTADO ACTOS DE MOLESTIA HASTA LA HORA ACTUAL.",0,0,0,1,0,0,0
4510,DENUNCIA A EX PAREJA POR V. PSICOLOGICA,0,0,0,0.666666666666667,0,0,0.333333333333333
4548,"USUARIA REFIERE QUE DURANTE EL TIEMPO QUE ESTUVO CASADA CON SU ESPOSO SUFRIO DE VIOLENCIA PSICOLOGICA Y FISICA, Y MENCIONA QUE LLEVO UN PROCESO DE DIVORCIO EN EL CUAL EL AGRESOR PERDIO LA GUARDA Y CUSTIODIA DE SUS MENORES HIJOS Y SOLICITA MENDIDA DE PRECAUCION PARA QUE NO LOS MOLESTE, ACUDE A MINISTERIO PUBLICO.",0,0.666666666666667,0,1,0,0.333333333333333,0
4549,"USUARIA REFIERE QUE HACE TRES SEMANA SU PAREJA LA GOLPEO EN LA CARA, EL CUAL ESTABA DORGADO, USUARIA DEJA A SU PAREJA Y ESTE LA HA ESTADO ACOSANDO, EL DIA DE AYER EL AGRESOR FUE A BUSCAR A LA USUARIA AL DOMICLIO DE SU FAMILIAR AMENAZADOLA DICIENDOLE QUE DONDE LA VEA LA VA A GOLPEAR, USUARIA ACUDE A MINISTERIO PUBLICO",0,1,0,1,0,0,0
4550,"USUARIA REFIERE QUE EL DIA DE AYER SU EX PAREJA LE LLAMO POR TELEFONO PARA RECLAMARLE QUE POR QUE HABIA SALIDO EL SABADO QUE TENIA PROHIBIDO SALIR SI NO LE IBA A QUITAR A LA NIÑA , USURIA COMENTA QUE TIENE UN MES SEPARADA DE SU EX PAREJA Y QUE EL AGRESOR HA ESTADO ACOSANDOLA, ACUDE A MINISTERIO PUBLICO",0,0,0,1,0,0.333333333333333,0
4564,"MENCIONA RELACION DE UNION LIBRE DE 4 AÑOS, SE SEPARARON HACE EXACTAMENTE UN AÑO, MENCIONA QUE TIENEN TRAMITE DE GUARDA CUSTIODA, PENSION ALIMENTICA Y CONVIVENCIA, CON ABOGADO PARTICULAR, EN DONDE A RAIZ DE LO DECRETADO CON EL JUEZ HA HABIDO VIOLENCIA PSICOLOGICA HACIA ELLA Y HACIA LA ESCUELA DEL HIJO EN COMÚN YA QUE HA AMENAZADO A MAESTRAS DEL KINDER, AL GRADO DE QUE LE PIDIERON A USUARIA QUE NO LELVE A SU HIJO LOS DIAS QUE LE TOCA CONVIVENCIA PARA EVITAR ALGUN PERCANCE, LOS DIAS DE CONVIVENCIA ESTABLECIDOS, LUNES Y MARTES A LA 1PM Y LOS VIERNES INTERCALADOS. REFIERE QUE EL ULTIMO HECHO DE VIOLENCIA HACIA ELLA FUE EL DÍA VIERNES DE JUNIO QUE LO TENIA HASTA LA MADRE, QUE LE IBA A QUITAR A SU NIÑO, QUE NO SE IBA A QUEDAR CON LOS BRAZOS CRUZADOS, QUE LA VA A HACER PAGAR TODO LO QUE HA HECHO, LE ENVIA MENSAJES AMENAZANDOLA DE HACERLE AÑO.
USUARIA TEME POR SU INTEGRIDAD Y LA DEL MENOR, POR LO QUE DESEA PRESENTAR DENUNCIA CORRESPONDIENTE PARA EVITAR CONTACTO CON EL, YA QUE CON LAS CONVIVENCIAS EL CONTACTO ES CON LA ABUELA PATERNA Y AUNQUE USUARIA EVITA EL CONTACTO, AGRESOR LA HOSTIGA, DESEA ATENCION PSICOLOGICA, NO DESEA SEGUIMIENTO DE TRAMTIE FAMILIAR YA QUE TIENE ABOGADO PARTICULAR,",0,0,0,1,0,0.666666666666667,0
4567,"UN DIA DE JUNIO POR LA TARDE SE ENTERO POR MEDIO DE SU PRIMA POLITICA, QUE SU TIO LE TOMO FOTOS INTIMAS SIN SU CONSENTIMIENDO CUNADO SE ENCONTRABA BAÑANDO, Y SABE QUE ES ELLA, PORQUE VIVIO UNA TEMPORADA EN CASA DE AGRESOR CUANDO ELLA TENIA 14 AÑOS Y SE RECONOCE POR UNA CICATRIZ QUE TIENE EN EL ABDOMEN DE LADO DERECHO.",0,0,0,0,1,0,0
4581,"USUARIA REFIERE QUE EL DIA DE AYER SU EX PAREJA ACUDIO A SU DOMICILIO , PARA RECLAMARLE QUE ALGUIEN DE SU FAMILIA LE ESTABA MANDANDO MENSAJES PARA PROOVOCARLO Y BUSCAR PLEITO, USUARIA LE DIJO QUE NO ERA QUE SE RETIRARA DE SU DOMICILIO PERO ESTE SE PUSO AGRESIVO CON LOS FAMILIARES DE LA USUARIA Y A LA USUARIA LE DIJO QUE A MI ME VALE VERGA LO QUE ME DIGAN YO A LO QUE VINE, NO ME VOY A IR QUE SALGA TU PAPA, Y EMPUJO A LA USUARIA, USUARIA MENCIONA QUE EL AGRESOR ANDA TOMADO, ACUDE A MINISTERIO PUBLICO",0,0.666666666666667,0.333333333333333,0.666666666666667,0,0.333333333333333,0
4590,REFIERE USUARIA QUE EL PADRE DE SUS HIJOS NO LA APOYA ECONOMICAMENTE POR LO QUE DESEA ASESORIA JURIDICA PARA PENSION ALIMENTICIA.,1,0,0,0,0,0,0
4595,"USUARIA REFIERE QUE TIENE UN HIJO EN COMUN CON AGRESOR, ELLA NO TIENE CONTACTO CON EL PARA NADA, ELLA COMENTA QUE QIEN VA A RECOGER AL MENOR ES SU ABUELO Y EL ES EL QIE LE DA PENSION PERO NO SE LA DA EN UN DIA ESTIPULADO, SE LO DA ENTRE SEMANA O CUANDO EL QUIERE, USUARIA QUIERE SOLICITAR ASESORIA PARA TRAMITE DE PENSION ALIMENTICIA Y TRAMITE DE GC",0.666666666666667,0,0,0,0,0,0
4607,"REFIERE USUARIA QUE EL DIA VIERNES DE JUNIO POR LA TARDE, CUANDO SU EX PAREJA LE LLEVO UN REPORTE A SU TRABAJOBUSCANDO UNA SANCION PARA ALA USUARIA A SU EX PAREJA LE DIERON UNA SANCION Y ELLA ESTA PREOCUPADA PORQUE NO SABE SI SU EX PAREJA TOMARA REPLESALIAS EN CONTRA DE ELLA, NO DESEA REALIZAR ALGUN TRAMITE.. SE CANALIZA AL AREA DE PSICOLOGICA.",0,0,0,1,0,0,0
4608,"REFIERE USUARIA QUE EL DIA DE MAYO POR LA NOCHE, ELLA SE ENCONTRABA EN LA ACADEMIA CUANDO LLEGO SU EX PAREJA Y SU MAMA, A LA CASA Y AGREDIERON A SU HIJA Y SU HERMAN Y SE LLEVO A SU MENOR HIJO DE 9 AÑOS, LOS CORRIERON Y ELLA LE MARCO A LA POLICIA PERO NO PUDIERON HACER NADA , ELLA DESEA TRAER SU NUMERO DE EXPEDIENTE DE DIVORCIO PARA DARLE SEGUIMIENTO A LA GUARDA Y CUSTODIA.",0,0.333333333333333,0.333333333333333,0.666666666666667,0,0.333333333333333,0
4623,"QUE EL DIA DE AGOSTO POR LA TARDE EN LA CASA DE SU ESPOSO, ESTE LE DIJO ""ERES UNA PENDEJA, INUTIL QUE NO SIRVES PARA NADA, YA ESTOY HASTA LA MADRE DE TUS CHINGADERAS, YA PARALE A TU PEDO"" LA USUARIA DESEA PRESENTAR DENUNCIA , SE LE OFRECE EL SERVICIO DE TERAPIA PSICOLOGICA Y ELLA LO ACEPTA.",0,0,0,1,0,0,0
4627,"LA USUARA MENCIONA QUE TODO SU MATRIMONIO HA VIVIDO VIOLENCIA REFIERE QEUAPROXIMADAMENTE LE LLEGO APEGAR 3 VECES MENCIONA QUE EL TIENE UN NEGOCIO PROPIO Y EL LE DAMUY POCO DE DINERO MENCIONA QUE EL CUBRE MAS DE LO QUE LE CORRESPONEDE TIENE MUY POCO DANDOLE 700 PESOS ELLA SE QUIERE DIVORCIAR PROQUE MENCIONA QUE EL LA SE HA DADO CUENTA QUE EL SALE CON UN AMIGO SUÑO QUE ES HOMOSEXUAL, PASA MUCHO TIEMPO CON EL Y LO DECUBRIO QUE SE QUEDA A DORMIR CON EL. EL DIA DOMINGO LA AGREDIO VERBALMENTE DICIENDOLE QUE SE IBA ARREPENTIR QUE LA IBA A HACER LA VIDA DE CUADRITOS",0.666666666666667,1,0,0.666666666666667,0,0,0
4632,"LA USUARIA REFIERE QUE DESDE HACE 12 AÑOS VIVE EN UNION LIBRE , PERO MENCIONA QUE SIEMPRE HA VIVIDO VIOLENCIA PSICOLOGICA Y ACTUALMENTE HACE 2 SEMANAS TAMBIEN VIOLENCIA ECONOMICA, REFIERE QUE TODOS LOS DIAS LA AGREDE LE DICE PUTA, REFIERE QUE NO PUEDE NI BAÑARSE PORQUE APENAS LO HACE Y LE DICE QUE DE SEGURO YA SE FUE DE PUTA A DAR LAS NALGAS Y LO HACE DELANTE DE SUS HIJOS POR LO QUE DESEA INICIAR JUICIO ESPECIAL DE VIOLENCIA FAMILIAR Y TOMAR TERAPIA.",0.666666666666667,0,0,1,0,0,0
4641,"REFIERE LA USUARIA QUE DESEA APOYO DE JURIDICO PARA TRAMITE DE DIVORCIO, ELLA MENCIONA QUE SU ESPOSO QUIERE QUITARLE SU CASA Y ESO LA TIENE ANGUSTIADA. SE CANALIZA A DICHA AREA",0,0,0.333333333333333,0.333333333333333,0,0,0.333333333333333
4642,"LA USUARIA HACE MENCION QUE TIENE 2 AÑOS Y MEDIO CON SU EX PAREJA ACTUALMENTE TIENEN DOS MESES EPARADOS YE ELLA ESTA EMBARAZADA MEN CIONA QUE ELLA SE SEPARO PORQUE EL SE DROGABA Y LA AGREDIO VERBALMENTE MENCIONA QUE LE DIJO QUE LO TENIA HASTA LA CHINGADA PORQUE SE LA QUERIA PASAR ALADO DE EL Y NO SE PODIA DROGAR ASI MISMO MENCIONA QUE EL SE SALIO Y LA DEJO EN EL DOMICILIO, REFIERE QUE EL LE CUIDABA UNA LLEGUA EN SU CASA Y NO SE LA QUIERE REGRESAR MENCIONA QUE ELLA TIENE LOS PAPELES Y LE DICE QUE NO SE LA REGRESARA Y LA MATARA, ASI MISMO MENCIONA LA USUARIA QUE LA A AMENZADO DE MUERTE",0,0,0.333333333333333,1,0,0,0
4666,MENCIONA QUE SU PAREJA ESTABA EN ESTADO DE EBRIEDAD Y LA USUARIA LE DIJO QUE SE FUERA YQ UQE LA INSULTA Y EL SE MOLESTO Y LA EMPUJO LE PEGO EN EL ESTOMAGO Y LE DIJO QUE LE VA A QUEMAR LA CASA,0,0.666666666666667,0,1,0,0,0
4681,"LA USUARIA MANIFIESTA QUE EL DÍA DE AYER DE DICIEMBRE POR LA MAÑANA, LE RECORDÓ A SU PAREJA QUE SÓLO ESTABA CON ÉL POR LOS NIÑOS, YU ÉL LE DIJO QUE ELLA NUNCA LO IBA A DEJAR Y LA EMPUJÓ.  LA USUARIA SE FUE A SU EMPLEO Y A MEDIO DÍA ÉL FUE A SU TRABAJO Y LE LLEVÓ UNA BOLSA NEGRA, EL LA CUAL ESTABA SU ROPA Y ZAPATOS ROTOS. MÁS TARDE YA EN CASA, ÉL LE REGRESÓ SU CELULAR QUEBRADO.  LA USUARIA DESEA DENUNCIA LOS HECHOS Y ASESORÍA LEGAL SOBRE GUARDIA Y CUSTODIA.",0,1,1,0,0,0,0
4691,"LA USUARIA MANIFIESTA QUE EL PADRE DE SUS 02 MENORES HIJOS, DESEA HACE 06 MESES NO TIENE EMPLEO, POR L OQUE ELLA HA TENIDO QUE SER LA JEFA DE FAMILIA, PERO  A ÉL NO LE GUSTA QUE ELLA SALGA DE LA CASA.  ELLA DESCUBRIÓ QUE ÉLCONSUME CRISTAL.  AGREGA QUE ÉL ES HOSTIL CON ELLA Y SUS HIJOS; LES GRITA Y GOLPEA COSAS PEA INTIMIDARLOS. EL DÍA DE DICIEMBRE POR LA TARDE EL LE PIDIÓ SU CELULAR PRESTADO POR UN MOMENTO, PERO YA NO SE LO ENTREGÓ.  DESDE ENTONCES ELLA SE SALIÓ DE LA CASA, SE HA NEGADO EN ENTREGARLE SUS PRESTENCIAS; DESEA RECUPERLOS. UNA MEDIDA DE PROTECCIÓN Y ASESORÍA LEGAL SOBRE GUARDIA Y CUSTODIA.",0.333333333333333,0.333333333333333,0.666666666666667,0.666666666666667,0,0,0
4693,"MENCIONA QUE SU PAREJA SE ENOJO Y LE JALO EL CABELLO, LAARRASTRO, LE DIO CAHETADAS Y LA ENCERRO PARA QUE NO LA ESCUCHARAN, YA LA HABIA AGREDIDO HACE 8 MESES",0,1,0,0,0,0,0
4699,"LA USUARIA MANIFIESTA QUE EN ENERO DE ESTE AÑO, SE SEPARÓ DEL PADRE DE SUS 03 MENORES HIJOS.  EN ABRIL, ÉL COMPARTIÓ FOTOGRAFÍAS ÍNTIMS DE L USUARIA ENTRE LOS COMPAÑEROS DE TRABAJO DE ELLA E HIZO PÚBLICO UE ELLA PADECE VPH. EL DÍA MIÉRCOLES DE DICIEMBRE POR LA NOCHE, SE ENCONTRABA ELLA Y SU EX PAREJA EN EL DOMICILIO DE ELLA, IRÍAN A COMPRAR DE CENAR PARA SUS HIJOS, PERO É COMENZÓ A RECLAMARLE QUE ELLA TENÍA PAREJA, LE DIJO QUE ES ""UNA CABRONA, PUTA# Y LA JALÓ DEL BRAZO.  LA USUARIA DESEA DENUNCIAR LOS HECHOS Y ASESORÍA LEGAL SOBRE PENSIÓN ALIMENTICIA Y GUARDIA Y CUSTODIA.",0,0.666666666666667,0,0.666666666666667,0.333333333333333,0,0
4702,LA USUARIA EMNCIONA QUE SU EX ESPOSO NO CUMPLE PUNETRUALMENTE CON EL PAGO DE LOS ALIMENTOS PARA SU HIJO,1,0,0,0,0,0,0
4704,"MENCIONA QUE SE ENCONTRBA EN UN TERRENO CON AMIGOS EN UNA REUNION, SU PAREJA LE DIJO QUE A LO MEJOR EL HIJO DE 3 AÑOS NO ES DE EL, LA GOLPEO Y PATEO Y A SU HIJO LE JALO EL CABELLO Y LO AVENTO",0,1,0,0,0,0.333333333333333,0
4708,LA MENOR MENCIONA QUE FUE AL OXXO Y AFUERA UN HOMBRE QUE VENDE HOT DOS LA ABRAZO ALA FUERZA Y LE DIJO QUE PORQUE NO HABIA IDO,0,0,0,0,0.666666666666667,0,0
4712,"LA USUARIA REFIERE QUE EL AGRESOR NO LE DA DINERO PARA SUS HIJOS QUE AMBOS PROCREARON ES DE VEZ EN CUANDO, CUANDO EL DICIDEY NO LE AYUDA NI CON EL PAGO DE PENSION NI HA CUIDARLO Y SIEMPRE LA TRAE CON MENTIRAS LA USUARIA NO DESEA DENUNCIAR LA VIOLENCIA PSICOLOGICA NI ECONOMICA
JURIDICO/ PENSION DE ALIMENTOS/GUARDA Y CUSTODIA
TERAPIA GRUPAL",1,0,0,0,0,0,0
4719,"LA USUARIA MANIFIESTA QUE EN 03 OCASIONES HA PERDIDO EL CONTROL DE SU CUENTA GOOGLE, WHATSAPP Y FACEBOOK PUES DICE QUE LA HAN HACKEADO. MENCIONA QUE ESTO OCURRE JUSTO DESPUÉS DE QUE ELLA TIENE ALGÚN CONFLCITO CON SU EXPAREJA, POR LO CUAL ELLA SOSPECHA QUE ES ÉL EL RESPONSABLE, LA ÚLTIMA VEZ EL DÍA DE DICIEMBRE.  YA SOLICITÓ APOYO A LA POLICÍA CIBERNÉTICA, QUIENES LA CANALIZARON A FGE, A DONDE ACUDIÓ HOY Y FUE CANALIZADA A ESTA DEPENDENCIA.  DESEA PRESENTAR DENUNCIA.",0,0,0.666666666666667,0,0,0,0.333333333333333
4721,"LA USUARIA REFIERE QUE ES ESPOSA DEL AGRESOR Y EL DIA DE ENERO EL ALCORRIO DE LA CASA, DICIENDOLE QUE NO LE IMPORTABA A SUS HIJAS, LE JUNTO LA ROPA DE LA USUARIA Y LA SACO DE LA CASA, EN LA MADRUGADA LA USUARIA SE FUE CON SU FAMILIAR Y DEJO LAS HIJAS CON EL AGRESOR. L AUSUARIA REFIERE QUE ESE DIA LE DIJO QUE TUVIERAN RELACIONES SEXUALES, PERO ELLA NO QUIZO Y LE DIJO YA TE FUISTE DE ""GUILA"" TAMBIEN REFIERE QUE EN DICIEMBRE DEL AÑO PASADO LE QUEBRO SU CELULAR Y SIEMPRE LA ESTA VIGILANDO, NO LE DA PENSION DE LAIEMNTOS CUANDO ESTABAN VIVIENDO JUNTOS.
DENUNCIAR LOS ULTIMOS HECHOS DE VIOLENCIA
JURIDICO/ GUARDA Y CUSTODIA
TERAPIA GRUPAL",1,0,0.666666666666667,1,0,0,0
4729,"REFIERE USUARIA QUE EL DIA DE ENERO, POR LA NOCHE , SE ENCONTRABA EN SU DOMICILIO, CUANDO LLEGO SU ESPOSO, Y LE DIJO QUE EL YA NO QUERIA ESTAR CON ELLA, QUE YA NO VALIA LA PENA, QUE ERA UNA VERGUENZA DE MUJER Y QUE NO VALIA LA PENA, QUE SE FUERA DE LA CASA, ELLA DESEA APOYO DE JURIDICO PARA EL DIVORCIO Y PENSION, ASI COMO TOMAR TERAPIA PSICOLOGICA.",0,0,0,1,0,0,0
4735,"REFIERE USUARIA QUE EL DIA DE AYER DE ENERO, POR LA MAÑANA LE AVISARON QUE SU EX PAREJA SE ESTAA BRINCANDO A ASU CSA, ELLA CUANDO LLEOG A SU CASA YA NO ESTABA , PERO S ELO TOPO  Y LE DIJO QUE PORQUE SEHABIA METIDO A LA CASA, EL LE DIJO QUE PORQUE QUERIA UNOS PAPELES, Y SE LLEVO DOCUMENTOS PERSONALES DE LA USUARIA , EL LE DIJO QUE SE L AIBA A CHINGAR CON EL CARRO, EL LA ACOSA Y LA HOSTIGA A TODOS LADOS, EN LA NOCHE LLEGAN UNAS PEROSNAS A LA CASA DE LA USUSARIA  Y LE DICEN QUE VAN DE PARTE DE SU EX PAREJA , CON UNA GRUA A QUERERSE LLEVAR SU CARRO, ELLA SALE EN SU CARRO Y ELLOS LA PERSGUEN, GOLPEAN SU CARRO Y LA INSULTAN, ELLA DESEA PRESENTAR DENUNCIA POR VIOLENCIA PATRIMONIAL.",0,0,1,0.666666666666667,0,0,0
4737,"LA USUARIA MANIFIESTA QUE EL DÍA DE AYER DE ENERO POR LA TARDE, ACUDIÓ SU EX PAREJA Y SU EXCUÑADA A SU CASA.  ACTUANDO DE MANERA AGRESIVA, RECLAMÁNDOLE QUE ELLA SALIERA A TRABAJAR, ESTABA GRITANDO.  ÉL LE DIJO QUE ES ""UNA PINCHE MENTIROSA"", JUZGÁNDOLA POR HABERSE EMBARAZADO A LOS 16 AÑOS, BURLÁNDOSE DE LA CASA EN LA QUE VIVE, TAMBIÉN DEL TONO DE PIEL DE LA USUARIA Y JUZGANDOLA DE CÓMO ES COMO MADRE, Y LE DIJERON A LA MADRE DE LA USUARIA ""APOCO NO SABE EL TIPO DE HIJA QUE TIENE"" Y PRETENDÍIAN QUITARLE AL HIJO, QUIEN ESTABA ESCUCHANDO EL HECHO.  LA USUARIA SE SIENTE MUY AFECTADA EMOCIONALMENTE Y DESEA UNA MEDIDA DE PROTECCIÓN, ASÍ COMO ASESORÍA LEGAL SOBRE GUARDIA Y CUSTODIA Y PENSIÓN ALIMENTICIA.",0,0,0,1,0,0.666666666666667,0
4746,"LA USUARIA REFIERE QUE EL DIA DE ENERO POR LA TARDE RECIBIO UNOS MENSAJES DE SU COMPADRE QUE EL AGRESOR LE HABIA MANDADO UNAS FOTOS DENUDOS DEL AGRESOR Y OTRA PERSONA PERO EL GARESOR SEÑANANDOLE DICIENDOLE ""MIRA COMPADRE, SU COMADRE"" LA USUARIAR REFIERE QUE ANTERIORMENTE HA SUFRIDO CIOLENCIA POR SU AGRESOR FISICA Y PSICOLOGICA PERO NO LE HA REALIZADO DENUNCIA LA USUARIA REFIERE QUE ESTA VIVIENDO CON SU AMIGA SE LE OFRECE REFUGIO Y LO RECHAZA
TOMAR TERAPIA GRUPAL
DENUNCIAR LOS HECHOS DE VIOLENCIA",0,0.333333333333333,0,0.666666666666667,0.333333333333333,0,0
4748,"LA USUARIA REFIERE QUE EN JUNIO LE DEJO DE DAR DINERO PARA SU HIJA MENOR. LA USUARIA DICE QUE ESTAN EN EL  MISMO LUGAR LABORNADO Y EL AGRESOR VA Y LE DICE ""ERES UNA PENDEJA, TONTITA"" LA USUARIA NO DESEA PRESENTAR DENUNCIA DE LOS HECOS 
JURIDICO/PENSION DE ALIMENTOS GUARDA Y CUSTODIA",0.666666666666667,0,0,1,0,0,0
4750,"USUARIA ACUDE A DENUNCIAR A SU EX ESPOSO COMENTA QUE EN SEPTIEMBE LO DENUNCIO POR VIOLENCIA Y EL DIA DOMINGO EL LE MANDO UN MENSAJE DE QUE FUERA POR SUS PERTENENCIAS, CUANDO ELLA ACUDIÓ AL DOMICILIO ; EL SOLO LE DIO ALGUNAS COSAS; ELLA LE DIJO QUE FALTABAN COSAS POR LO QUE EL COMENZÓ A A DECIRLE "" ERES UNA PUTA, UNA ZORRA, NUNCA TE VOY A DEJAR EN PAZ"", LA USUARIA COMENTA QUE DECIDIÓ RETIRARSE YA QUE VIO QUE EL SE ALTERO Y TUVO MIEDO QUE LA GOLPEARA YA QUE EL AMENAZO CON HACER, LA USUARIA MENCIONA QUE YA LLEVA TERAPIA Y YA SE DIVORCIO",0,0,0.333333333333333,1,0,0,0
4756,"LA USUARIA MENCIONA QUE EN AGOSTO FUE AGREDIDA FÍSICAMENTE POR SU ESPOSO, EN CIUDAD FUERA DEL ESTADO, DONDE RESIDIA CON ÉL, REFIERE QUE EN UNA DISCUSIÓN POR PROBLEMAS ECONÓMICOS EL SE PUSO AGRESIVO Y ELLA  PARA NO CONTINUAR CON LA DISCUSIÓN SE PUSO A LAVAR LOS TRASTES, ÉL LA SIGUIÓ ACORRALANDOLA, FORCEJEANDO CON ELLA Y DANDOLE UN PUÑETAZO EN LA NARIZ, ELLA COMENZÓ A SANGRAR PIDIENDO QUE LA LLEVARÁ AL HOSPITAL, ÉL SE NEGABA POR EL HECHO DE QUE TEMÍA QUE LO DENUNCIARA, LUEGO ACCEDIÓ PERO CONDICIONANDOLA DE QEU NO LE REGRESARÍA A SU HIJITA SI LO DENUNCIABA, ELLA ACCEDIÓ, FUE HASTA DICIEMBRE QUE ELLA DECIDIO DENUNCIAR Y SOLICITAR A DIF APOYO PARA REFUGIO Y TRASLADOS A LA CIUDAD PARA VIVIR CON SU FAMILIA.",0,1,0,0.666666666666667,0,1,0
4757,"LA USUARIA REFIERE QUE EL DIA DE DICIEMBRE POR LA TARDE EN EL DOMICILIO, EL AGRESOR LE DIJO ""QUITATE ESA ROPA A LA VERGA PORQUE TE VES COMO UNA PUTA"" LA USUAIRA TEME POR SU INTEGRIDAD DESEA DENUCNIAR LOS HECHOS DE VIOLENCIA PSICOLOGICA. PASAR A PRESENTAR PARA QUE SE LE ORIENTE DE QUE FORMA PUEDE EVITAR QUE EL PAPA LO RECONOZCA LEGALMENTE",0,0,0,1,0,0,0
4776,"LA USUARIA MANIFIESTA QUE SU ESPOSO LE HA SIDO INFIEL EN VARIAS OCASIONES; YA HAN HABLADO DE SEPARARSE PORQUE ÉL LE HA DICHO QUE NO DEJARÁ DE TENER  OTRAS MUJERES.  MENCIONA QUE ÉL LE HA DICHO QUE TODO ES DE ÉL, Y SI QUIERE QUE LA APOYR A ELLA Y A SUS HIJOS DEBE ACEPTAR LAS CONDICIONES QUE ÉL LE PIDA.  TIENE DUDAS SOBRE SU PATRIMONIO PUES TIENEN UN NEGOCIO FAMILIAR, Y LA CASA QUE COMPRARON ÉL LO PUSO A NOMBRE DE UN FAMILIAR DE ÉL.",0.666666666666667,0,0.666666666666667,0.666666666666667,0,0.333333333333333,0
4781,LA USUARIA REFIERE QUE EL DIA DE FEBRERO POR LA TARDE LA USUARIA SE SUBIO A SU CARRO Y LLAMO A LA POLICIA PERO EL SE RETIRO Y SE LLEVO A SU MENOR HIJO TIENEN LA GUARDA Y CUSTODIA LIBRE DENUNCIA DE LOS HECHOS DE VIOLENCIA PSICOLOGICA/JURIDICO ASESORIA LEGAR DE GUARDA Y CUSTODIA /TERAPIA GRUPAL.,0,0,0,0.333333333333333,0,0,0.333333333333333
4783,"LA USUARIA REFIERE QUE EL DIA DE FEBRERO POR LA TARDE EL AGRESOR ARRIBO A SU TRABAJO Y AFUERA DEL TRABAJO (EN LA CALLE) COMENZO A INSULTARLA ""ERES UNA PUTA, ERES UNA ZORRA , YA NO TE VOY A DAR DINERO PARA TUS HIJOS"" EL AGRESOR SE RETIRO 
DEMANDA DE DIVORCIO /PENSION DE ALIMENTOS/GUARDA Y CUSTODIA
DENUNCIA DE LOS HECHOS DE VIOLENCIA PSICOLOGICA",0.333333333333333,0,0,1,0,0,0
4786,"USUARIA ACUDE A ASESORÍA PARA TRAMITE DE GUARDA Y CUSTODIA, REFIERE QUE TIENE E6 AÑOS SEPARADAS DE SU EX PAREJA, MISMOS AÑOS EN LOS QUE EL INCUMPLE CON SUS OBLIGACIONES ALIMENTARIAS, TAMBIÉN COMENTA QUE ELLA VIVIO VIOLENCIA DURANTE LA RELACION,  QUE INCLUSO ESTUVO EN REFUGIOS DE OPCIONES DIGNAS, Y QUE ELLA Y SUS HIJOS ACTUALMENTE LLEVAN TERAPIA EN CENTRO POR LO CUAL NO ACEPTA RECIBIR TERAPIA EN CENTRO, SE CANALIZA A JURÍDICO",0.666666666666667,0,0,0,0,0,0
4787,"LA USUARIA REFIERE QUE QUIERE PEDIR LA PENSION ALIMENTICIA PARA SUS HIJOS, YA QUE EN DICIEMBRE ELLA SE SEPARO DE EL PUES DESCUBRIO LA INFIDELIDAD .
AUNQUE EL ES REPONSABLE Y CADA SEMANA APORTA $700 MAS 175 Y PAGA EL CABLE, Y QUE EN MAYO Y DICEMBRE RECIBE MAS DINERO DEL TRABAJO , PUES QUIERE PEDIR LA PENSION YA QUE SU OTRA MUJER ESTA EMBARAZADA Y ELLA TEME QUE MAS DELANTE NO DE NADA.
ASESORIA GUARDIA Y CUSTODIA, PENSION,BIENES, TERAPIA PSICOLOGICA SE SINTE MUY DEPRIMIDA POR LA INFIDELIDAD.",0.333333333333333,0,0,1,0,0,0
4788,"LA USUARIA MANIFIESTA QUE HACE UN  MES LE DEMANDO A SUJ ESPOSO PENSION ALIMENTICIA A FAVOR DE 2 DE SUS 3 HIJOS Y DE ELLA. EL MOLESTO LE DEMANDO EL DIVORCIO. SIGUEN VIVIENDO JUNTOS PERO LA C ONVIVENCIA ES MUY COMPLICADA. MENCIONA QUE POR LA V IA FAMILIAR CON ABOGADO PARTICULAR SOICITO LA SEPARACION DE PERSONAS, PERO DICEN QUE UN NO LO RESUELVEN. SU ABOGADO LE SUGIRIO QUE VINIERA AQUI A DENUNCIAR. MENCIONA QUE EL DIA DE AYER DE FEBRERO POR LA TARDE DISCUTIERON EL LE PROHIBIO TOMAR O USAR COSAS, NI LA LUZ, LE DIJO QUE LE IBA A QUITAR LOS FOCOS Y LUEGO FINGIO QUE ELLA LO ESTABA PATEANDO, ESTO POR ""NO ATENDERLO Y COCINARLE"". DESEA SER ATENDIDA POR EL MP.",0,0,0.666666666666667,0.666666666666667,0,0,0
4791,"MENCIONA QUE TIENE 12 AÑOS DE VIVIR EN UNION LIBRE Y QUE EN DICIEMBRE A ELLA LE MANDARON FOTOS DE SU PAREJA CON OTRA MUJER Y CUANDO LE RECLAMO ÉL NLO NEGO PERO TIENE LAS PRUEBAS, QUE DESDE ENTONCES  EN OCASIONES LLEGA A LA CASA Y LA INSULTA Y HUMILLA LE DICE QUE NO  VALE  Y QUE YA NO LE SIRVE GOLPEA LA MESA, LA TV Y EL REFRI Y NO LE DA DIENRO PARA LOS NIÑOS. MENCIONA QUE EL VIERNES DE FEBRERO SE LO ENCONTRO EN LA CALLE CON LA MUJER CON LA QUE ANDA DE NOVIO Y MAS TARDE FUE EL A CASA DE SU MAMÁ A RECLAMARLE QUE LO ANDA SIGUIENDO, QUE ANOCHE EN LA MADRUGADA ENTRO A LAC ASA BORRACHO PIDICENDOELE ROPA Y  DOS DIAS A LA SEMANA ENTRA A LA CASA A AGREDIRLA Y GRITARLE COSAS, MENCIONA QUE ELLA SE SIENTE MUY DESESPERADA  Y NO SABE QUE HACER",1,0.333333333333333,1,1,0,0,0
4794,"LA USUARIA REFIERE RELACION DE 10 AÑOS EN UNION LIBRE,  Y REFIERE  QUE EL DIA DE AYER EN FEBRERO POR LA NOCHE, LA USUARIA REFIERE QUE PAGO EL GPS DEL TAXI QUE TIENEN Y AHI PUDO VER QUE SU PAREJA  SE ENCONTRABA EN UN MOTEL, ELLA FUE Y AHI LO ESPERO, REFIERE QUE  SE SIENTE MUY MAL EMOCIONALMENTE, POR LO QUE DESEA TOMAR TERAPIA.",0,0,0,0.666666666666667,0,0,0.333333333333333
4808,"REFIERE USUARIA QUE EN EL MES DE MARZO DEL AÑO. SU SUEGRA Y SU EX PAREJA LA DEMANDARON POR LA GUARDA Y CUSTODIA DE SU MENOR HIJO, MANIDIESTA QUE ELLA VIVIO CON SU SUEGRA Y SU PAREJA DESDE QUE NACIO SU MENOR HIJO, PERO LA SEÑORA SIEMPRE SE QUISO ADUEÑAR DE EL, EXISTIERON PROBLEMAS CON SU EX PAREJA , Y ELLA SE SALIO DE LA CASA CON SU HIJO, DESPUES SU SUEGRA Y SU EX PAREJA FUERON A CENTRO Y LE QUISIERON QUITAR AL NIÑO PERO NO PUDIERON SOLO LES DIERON CONVIVENCIAS, CUANDO UN FIN DE SEMANA SE LO PIDIERON Y YA NO SE LO REGRESARON , ENTONCES LA DEMANDARON POR LA GUARDA Y CUSTODIA , ELLA DESEA APOYO DEL AREA DE JURIDICO PARA QUE CONTINUEN CON SU PROCEDIMIENTO,  YA TIENE NUMERO DE EXPEDIENTE.",0,0,0,0,0,0.666666666666667,0
4809,"LA USUARIA MANIFIESTA QUE LOS DÍAS VIERNES Y SÁBADO DIAS DE FEBRERO SU EX PAREJA LE ESTUVO ESCRIBIENDO VÍA MENSAJES DE TEXTO PARA INSULTARLA, ADEMÁS DE AMENAZARLA Y DECIRLE QUE LA IBA A ""QUEMAR EN FB"". EL DÍA DE AYER DE FEBRERO POR LA NOCHE, LA USUARIA SE DIO CUENTA QUE ÉL HABÍA SUBIDO UNA FOTOGRAFÍA DE LA USUARIA, CON UNA DESCRIPCIÓN ""HACIENDOLA QUEDAR MAL"", DAÑANDO ASÍ SU IMAGEN PÚBLICA.  LA USUARIA DESEA PRESENTAR UNA DENUNCIA",0,0,0,1,0.666666666666667,0,0
4816,"LA USUARIA REFIERE RELACION DE UNION LIBRE DE 3 AÑOS  Y QUE HACE 2 MESES SE SEPARO DEL AGRESOR, SIN EMBARGO LA SIGUE AGREDIENDO POR MENSAJES DE TEXTO, LA AMENAZA CON IR A CASA DE LA USUARIA  Y QUE LE VA A VALER QUIEN ESTE, QUE VA A ENTRAR,ESTO OCURRIO EL DIA DE FEBRERO POR LA NOCHE, LA USUARIA TEME QUE LO HAGA, ASI MISMO REFIERE QUE LA INSULTA CONSTANTEMENTE, LA ACOSA, POR LO QUE DESEA DENUNCIAR E INICIAR TRAMITE DE GUARDA Y CUSTODIA Y PENSION, ASI MISMO TOMAR TERAPIA PSICOLOGICA.",0,0,0,1,0,0,0
4830,"MENCIONA TIENE 9 AÑOS DE CASADA Y DESEA TRAMITAR EL DIVORCIO QUE EXISTEN SITUACIONES DE VIOLENCIA PSICOLOGICA, CHANTAJES, LE DICE QUE SE VA A MATAR Y AGRSIONES VERBALES, MENCIONA UQE DESDE EL VIERNES DE FEBRERO NO LE HABLA Y DEJO DE TRABAJAR Y SE PUSO A TOMAR, QUE DESDE HACE 3 AÑOS EMPEZO CON LA VIOLENCIA VERBAL MAS FUERTE Y SU HIJA HA VISTO EMPUJONES Y LA INDIFERENCIA CUANDO NO LE  HABLA LE HACE LA COMIDA PERO NO COME Y EL LONCHE NO SE LO LLEVA POR ESO ELLA YA SE CANSO DE LA SITUACION",0,0.333333333333333,0,1,0,0,0
4835,"USUARIA ACUDE A PRESENTAR DENUNCIA POR ACOSO SEXUAL EN CONTRA DE SU JEFE, QUIEN DESDE HACE TIEMPO REALIZA COMENTARIOS SEXUALES HACIA USUARIA, COMENTA QUE ELLA LABORA EN UNA FABRICA, ELLA LO REPORTO CON SU SINDICATO, LO UNICO QUE OPTARON POR HACER FUE CAMBIAR AL AGRESOR DE TURNO, SIN EMBARGO USUARIA SABE QUE NO ES LA UNICA VICTIMA DE ESTE AGRESOR, MAS COMPAÑERAS HAN HAN VIVIDO EL ACOSO POR ESTE SUJETO, POR LO QUE HOY ACUDE A EXPONER LOS HECHOS ANTE MP.",0,0,0,0,1,0,0
4840,USUARIA REFIERE QUE SU PAREJA LA AGREDIO CON UN BANCO EN LA CABEZA Y ELLA SE DEFENDIO Y LE PEGO UNA PALA EN EL BRAZO,0,1,0,0,0,0,0
4844,"USUARIA REFIERE QUE ESTA DIVROCIADA Y SU ESPOSO SE NIEGA A SALIRSE DEL DOMICILIO YA QUE CADA VEZ QUE TOMA LE DICE QUE ES UNA MUJERZUELA, QUE COGE CON CUALQUIERA QUE SE TOPA EN LA ESQUINA SE VA",0,0,0.333333333333333,1,0,0,0
4876,"AOLICITA ATENCION PARA DENUNCIAR A SU PAREJA POR INSUKTOS, REQUISITOS PARA PREPARATORIA Y PARA GUARDIA Y CUSTODIA Y PENSION ALIMENTICIA",0,0,0,0.666666666666667,0,0,0
4890,USUARIA REFIERE QUE SE SEPARO DE SU CONCUBINO POR QUE INGIERE CON FRECUENCIA BEBIDAS EMBRIAGANTES Y LA AGREDE FISICAMENTE Y PSICOLOGICAMENTE. EL MES PASADO LA GOLPEO EN VARIAS PARTE DE SU CUERPO Y LA AHORCO POR SEGUNDOS. SOLICITA LA GUARDIA Y CUSTODIA Y ALIMENTOS DE SU HIJA EN COMUN..,0,1,0,0.666666666666667,0,0,0
4900,"LA USUARIA REFIERE QUE VIVE VIOLENCIA PSICOLOGICA POR PARTE DE SU ESPOSO, SE LE OFRECE QUE PUEDE PRESENTAR DENUNCIA DE VIOLENCIA PSICOLOGICA PERO LO RECHAZA DE IGUAL FORMA SE LE DICE DEL DIVORCIO Y ELLA DICE QUE MEJOR DESEA TOMAR TERAPIA GRUPAL.",0,0,0,0.666666666666667,0,0,0.333333333333333
4915,"LA USUARIA REFIERE QUE MANTUVO UNA RELACION DE UNION LIBRE DE LA CUAL PROCREARON UNA MENOR, Y QUE AL PRINCIPIO EL PADRE DE SU HIJA CUMPLIA CON L PENSION PERO ELLA TENIA QUE ANDAR DETRAS DE EL, Y QUE SOLO UN AÑO CUMPLIO CON ESTA OBLIGACION, POR LO QUE  DESEA INICIAR TRAMITE DE PENSION ALIMENTICIA",1,0,0,0,0,0,0
4933,"REFIERE USUARIA QUE EL DIA DE AYER DOMINGO DE MARZO POR LA TARDE, ELLA ESTABA EN SU DOMICILIO, Y ELLA LE PREGUNTO A LA SOBRINA DE SU ESPOSO, QUE SI PODIA AYUDARLA A LOCALIZARLO Y ELLA POR MEDIO DE UNA APLICACION LA AYUDO A LOCALIZAR LA UBICACION DE SU ESPOSO, ELLA FUE A  DONDE LE DECIA LA APLICACION Y ERA UN DOMICILIO DE UNA CASA, ELLA LLEGO Y SU ESPOSO SE ENCONTRABA EN ESA CASA CON DOS MUJERES, EL COMENZO AGREDIRLA VERBAL MENTE, LE DIJO QUE QUE CHINGADOS QUERIA PARA QUE LO BUSCABA QUE SE FUERA A LA VERGA , LE DIJO QUE ESTABA LOCA, EL SEÑOR SE FUE CON LAS MUJERES, Y LLEGO A LA UNA DE LA MAÑANA A LA CASA, Y LA CORRIO DE LA CASA, SE LEVANTARON SUS HIJOS Y LE DIJERON QUE SE TRANQUILIZARA , ELLA DESEA PRESENTAR DENUNCIA",0,0,0.333333333333333,1,0,0,0
7003,"REFIERE QUE SU PAREJA Y USUARIA DISCUTIERON, LE DIO UNA CACHETADA SU PAREJA , LE JALO EL CABELLO, LE DIO GOLPES EN LA CABEZA Y USUARIA REFIERE QUE PAREJA NO LA DEJABA SALIR, HASTA QUE SU SUEGRO LA AUXILIO Y LE HABLARON A MAMÁ, Y FUE ACOMPAÑADA DE POLICIAS, ACUDE A DENUNCIAR, A PSICOLOGIA Y A JURIDICO",0,1,0,0.333333333333333,0,0,0
7009,"DICE LA USUARIA QUE EL AGRESOR QUE ES SU ESPOSO LE MANDOS UNOS AUDIOS A ELLA DICIENDOLE QUE NO LE DARIA LA DIRECCION DONDE ACTUALMENTE SE ENCUENTRA VIVIENDO EL Y SUS HIJOS MENORES DE LA USUARIA E INSULTANDOLA "" DEJA DE ESTAR CHINGANDO LA VERDAD NO ERES LA GRAN COSAS QUE DIGAMOS, MAS PENDEJA FUISTE TU ERES UNA PINCHE BASURA LA USUARIA DESEA PRESENTAR DENUNCIA POR OCULTAMIENTO DE SUS HIJOS. DICE LA USUARIA QUE SE ENCUENTRA UBICADOS EN OTRA CIUDAD PERO NO SE SABE LA DIRECCION PARA LA NOTIFICACION. PASARA A LA AREA JURIDICA PARA LA DEMANDA DE GUARDA Y CUSTODIA TOMARA TERAPIA PSICOLOGICA.",0,0,0,0.666666666666667,0,0.333333333333333,0
7011,"LA USUARIA MANIFIESTA QUE EL AGRESOR QUE ES SU EXPAREJA, LE MANDO UNOS AUDIOS POR UNA VIA DE RED SOCIAL DICIENDOLE "" ME GUSTA HACERTE DAÑO ERES UNA PUTA DE SEGURO LE DAS TIEMPO PARA ALGUIEN MAS"" DICE LA USUARIA QUE SOLO POR QUE ELLA LE PIDIO LOS PASAPORTES DE SUS HIJOS QUE AMBOS PROCREARON. DESEA PRESENTAR DENUNCIA DE LOS HECHOS. DICE LA USUARIA QUE ESTA LLEVANDO UNA DEMANDA DE PENSION DE ALIMENTOS POR FUERA. TERAPIA PSICOLOGICA",0,0,0,1,0,0,0
7022,"LLEGÓ AGRESIVO , LE QUEBRÓ LOS VIDRIOS, FORCEJEO LA PUERTA, ROMPIÓ LA TELA DE LA VENTANA
 -COMENTA QUE LA AMENAZÓ QUE LA MATARÍA A ELLA Y A SU FAMILIA, REFIERE QUE LA JALO DE LOS LENTES, LA INSULTO DICIENDO ""PINCHE PENDEJA, HIJA DE TU PINCHE MADRE""",0,0.333333333333333,1,1,0,0.333333333333333,0
7026,"REFIERE USUARIA QUE ELLA ESTABA EN SU DOMICILIO CON SU PAREJA Y ESCONDIO EL CELULAR DE EL Y ELLA LE DIJO QUE POR QUE SI ELLA NO ES RATERA EL LE DIJO QUE HACIA LO QUE QUIERE CON SUS COSAS EMPEZO UNA DISCUCION, LE DIO UNA CACHETADA SE EMPEZARON LOS JALONEOS, EL LA TUMBO AL SUELO Y ELLA LO MORDIO EN LA ESPALDA, EL LA SOMETIO DE LOS BRAZOS, LE QUITO SU CELURAR Y SE QUERIA IR DE LA CASA, ELLA LE DIJO QUE NO SE IBA A IR SI NO LE DA SU CELULAR PORQUE AHI TIENE PRUEBAS DE LOS GOLES QUE LE HA DADO, Y ELLA TOMO EL BEBE POR QUE ESTAAB VIENDO TODO Y ESTABA LLORANDO, ELLA SALIO AL PATIO CON EL A PONER EL CANDADO PARA QUE EL NO SE FUERA SIN REGRESARLE SU CELULAR Y EL LE CERRO LA PUERTA DE LA COSINA Y YA NO PUDIERON ENTRAR, ELLA LE GRITO QE LES ABRIERA QUE EL BEBE ESTA ENFERMO Y EL NO QUERIA, EL LE DIJO QUE DEJARA AL BERBE EN LA PUERTA Y ELLA SE FUERA PARA ATARAS ASI LO HIZO PERO CUANDO EL ABRIO LA PUERTA ELLA METIO LA MANO Y EL LA EMPUJO NUEVAMENTE Y LE MACHUCO LOS DEDOS DE LA MANO IZQUIERDA, NO LE IMPORTO Y SIGUIO EMPUJANDO LA PUERTA, ELLA EMPEZO A GRITAR DE DOLOR Y COMO PUDO LOGRO ABRIR LA PUERTA Y SE METEN LOS DOS, EL SE VA PARA LA PUERTA DEL CORREDOR DE SERVICIO Y EL QUITO UN TUVO DELGADO Y LOGRO SALIR CON SU CELULAR Y SE FUE, ELLA TOMA LO QUE PUEDE DE SU CASA Y SALE A LA CALLE Y UNA PATRULLA LA VE Y SE DETIENE ELLA LE CUENTA LO SUCEDIDO, Y SE LA LLEVAN, ELLA DEJA A SU BEBE CON ALGUIENY SE DIRIGE A SU CASA ACOMPAÑADA PARA SACAR LAS COSAS DEL NIÑO YA QUE NO TRAE DINERO Y ANTES DE LLEGAR VIO QUE SE ESTABAN BRINCANDO, SOLO DISTINGUIO A UN FAMILIAR DEL AGRESOR UY SU ESPOSO, REFIER USUARIA QUE EL ES MUY POSESIVO, MANIPULADOR Y CONTROLADOR, NO LA DEJA TRABAJAR, LE DICE HASTA EN QUE LUGAR DEL RESTAURANTE SENTARTSE, LE REVISA A DIERIO EL CELULAR Y SI NO SE MOLESTA, NO LA DEJA SALIR, QUE PARA QUE SI YA LA TIENE A ELLA, Y SI ELLA INSISTE EN SALIR LA EMPIEZA A MANIPULAR QUE PARA QUE SALE SI DONDE QUIERA HAY ""GANDALLONES """,0.333333333333333,1,0.333333333333333,0.666666666666667,0,0.333333333333333,0
7027,"LA USUARIA MANIFIESTA QUE 03 SEMANAS DESPUÉS DE HABER DENUNCIADO A SU PAREJA, REGRESÓ CON ÉL. ES EL CASO QUE EL DÍA DE AYER, SE ENCONTRABAN COMIENDO EN UN RESTAURANTE ELLA Y SU PAREJA, EMPEZARON A DISCUTIR PORQUE ÉL SINTIÓ CELOS DEL MESERO. SE SALEN Y AFUEA ÉL LE PEGA EN LA CARA Y EN EL ABDOMEN, AL LUGAR LLEGA LA POLICÍA Y ÉL ES DETENIDO Y PUESTO A DISPOSICIÓN DEL MP ADSCRITO AL CJEMT",0,0.666666666666667,0,0.333333333333333,0,0,0.333333333333333
7045,"LA USUARIA DICE QUE EL AGRESOR QUE ES SU ESPOSO COMENZARON A PELEAR POR QUE LA USUARIA LE RECLAMO EL POR QUE HABIA LLEGADO TARDE Y NO COSNTESTABA EL TELEFONO EL MOLESTO COMENZO A INSULTARLA A DECIRLE "" VETE A LA VERGA PINCHE LOCA"" ELLA DESEA PRESENTAR DENUNCIA DE LOS HECHOS. DEMANDA DE PENSION DE ALIMENTOS, GUARDA CUSTODIA, DIVORCIO.",0,0,0,0.666666666666667,0,0,0.333333333333333
7046,"MENCIONA QUE TIENE VARIOS AÑOS DE CASADA Y POCO DE SEPARADA, ELLA LE PIDE EL DIVORCIO A SU ESPOSOS Y NO QUISO, DESPUÉS ELLA ENTRO EN DEPRESIÓN Y ACUDE A PSICOLOGO PARTICULAR DESDE ENTONCES, QUE EN UNA OCASION LO ENCONTRO TRATANDO DE SUICIDARSE EN EL TALLER CON UNA CUERDA COLGADA Y UN BOTE, SIEMPRE LA AMENZO CON ESO LOS ULTIMOS EL SE VA DE LA CASA PERO DURA VARIOS DIAS Y REGRESA Y DEFINITIVAMENTE, SE FUE DE LA CASA PERO SIEMPRE HA SIDO MUY CELOSO Y PREPOTENTE, LLEGA A LA CASA DICIENDO QUE NO TENIA ADA QUE HACER QUE SE IBA A QUEDAR CON LOS NIÑOS Y A ELLA LE HABLA UNA AMIGA DE QUE SU HIJA TUVO UN ACCIDENTE Y ESTABA EN EL HOSPITAL, Y SE VA ELLA CON SU AMIGA LE DICE A ÉL QUE SE QUEDE CON LOS NIÑOS Y CUANDO IBA EN EL TAXI LE HABLA SU HIJA DE QUE SU PAPÁ ESTA MUY ENOJADO GOLPEANDO TODO Y GRITANDO, ELLA REGRESA A LA CASA Y EL LE EMPIEZA A DECIR QUE LE IMPORTA MÁS IRSE CON EL OTRO QUE ESTAR EN SU CASA, QUE ELLA LE DIO EL PRIMER GOLPE Y DESPUES HUBO PURO JALONEO Y FORCEJEO Y DESDE ESE DIA YA NO LE PERMITIO VER A LOS NIÑOS LO SACA DE LA CASA, QUE NO LE GUSTARIA QUE DEJA DE VER A SUS HIJOS PORQUE ES BUENO CON ELLOS Y QUE LE INTERESA SOLO EL TRAMITE JURIDICO, SE LE OFRECE EL SERVICIO DE REFUGIO SIN ACEPTARLO.",0,0.333333333333333,0.333333333333333,1,0,0.666666666666667,0
7058,"USUARIA REFIERE QUE EL DIA DE AYER VA POR SU HIJO A L CASA DE SU EX SUEGRA Y AHI SE ENCONTRABA EL AGRESOR,USUARIA SALE DE LA CASA Y CUANDO REGRESA EL NIÑO ESTABA LLORANDO QUE SU PAPÁ YA LO HABIA CORRIDO QUE SU ABUELITA YA LO HABIA CUIDADO TODA LA TARDE USUARIA LE RECLAMA PERO AGRESOR LE PEGA EN LA CRA Y EN LA CABEZA CN LA MANO ABIERTA,SOBRINO DEL AGRESOR INTERVIENE PERO EL SIGUE.USUARIA DESEA INTERPONER DENUNCIA EN MP.",0,0.666666666666667,0,0,0,0,0
7063,"USUARIA REFIERE QUE SU EX. PAREJA LE HABLO POR TELEFONO, COMENTANDOLE QUE LA IBA A BUSCAR E IBA A DAR CON ELLA, REFIERE QUE EN SEPTIEMBRE LA INSULTO ""HIJA DE TU MADRE"" TE VOY A ENCONTRAR Y VOY A DAR CONTIGO. COMENTA QUE ESTUVIERON POCOS MES DE RELACION. REFIERE QUE LA HOSTIGABA AHORCANDOLA",0,1,0,1,0,0,0
7066,"USUARIA REFIERE QUE EL DIA DE HOY SU EX PAREJA SE METIO A SU CASA Y ELLA LE DIJO QUE SE RETIRARA Y EL LO HIZO, LO QUE ELLA MENCIONA QUE ANTERIORMENTE EL YA LA AGREDIDO Y ELLA NO QUIERE QUE ESO VUELVA A PASAR Y POR ESO QUIERE PONER UNA DENUNCIA PARA QUE EL YA NO SE ESTE METIENDO A SU CASA",0,0.666666666666667,0.666666666666667,0,0,0,0.333333333333333
7081,"LA US COMENTA HBAERSE SEPARADO DE SU ESPOSO EN EL MES DE ABRIL 
 ELLA VIVE CON SUS PADRES PERO EL DIA DE AYER EL SE METIO A LA CASA DONDE ELLA ESTABA DORMIDA EL SEACERCA Y LE DICE ""TU QUE"" ELLA CONTESTA QUE HACES ADENTRO DE MI CASA 
 EL CONTESTA "" ERES UNA PUTA"" ""YA DEBES DE ANDAR CON OTROS"" EL LA EMPUJA Y ELLA TAMBIEN NO LE ALCANZO A DAR UNA CACHETADA YA QUE ELLA SE PUDO SEPARAR AL SALIR DE LA RECAMARA, EL LA AGARRA DEL CUELLO Y LA TUMBA AL PISO 
 SUS HIJAS VIERON Y SE PUSIERON A LLORAR EN ESE MOMENTO EL SE SALE DE LA CASA",0,1,0.333333333333333,1,0,0.333333333333333,0
7082,"LA US. REFIERE QUE SE SEPARO DEL PAPA DE SUS HIJOS HACE VARIOS AÑOS, TIEMPO QUE NO SE A RESPONSABILIZADO DE SUS HIJOS ECONÓMICAMENTE, REFIERE QUE SOLO EN UNA OCASIÓN LE DIO 1000 PESOS. DESEA INICIAR GUARDIA Y CUSTODIA, YA QUE EL ES VIOLENTO RAZÓN POR LA CUAL ELLA SE SEPARO REFIERE QUE EL ES ADICTO.",1,0,0,0,0,0,0
7089,"SE ENCONTRABA EN TIENDA, ELLA SE ACERCO CON SU EX PAREJA A COBRARLE UN DINERO QUE LE DEBIA Y EL LA AMENAZA CON GOLPEARLA LEVANTANDOLE LA MANO, ELLA TOMA UN TAXI PARA IRSE, ELAGRESOR DETIENE EL TAXI JUNTO CON SU CUÑADA, LA CUÑADA LA BAJO Y LA GOLPEO
 -REFIERE QUE LA GENTE COMENTA QUE EL LA PATEO CUANDO LA CUÑADA LA AGREDIA.",0,1,0,0.666666666666667,0,0,0
7091,"SE SEPARO DE SU ESPOSO HACE UN MES, TIEMPO EN EL QUE NO CONVIVE CON SUS HIJOS NI CUBRE ALIMENTOS,
 REFIERE QUE EL ES ALCHOHOLICO Y DURANTE EL TIEMPO QUE DURO CON EL LA LIMITABA DE DINERO
 -REFIERE QUE HACE 6 MESES DISCUTION CON SU PAREJA YA QUE EL ESTABA TOMADO, LA EMPUJA Y PELLIZCA, LA INSULTA FRECUENTEMENTE
 -HACE 1 MES EL INGRESO AL BAÑO DONDE ELLA SE ENCONTRABA BAÑANDO, LA COMENZO A TOCAR SIN SU CONSENTIMIENTO PARA VERIFICAR SI HABIA ESTADO CON ALGUIEN MAS.",0.666666666666667,1,0,0.333333333333333,1,0,0
7098,USUARIA ACUDE POR QUE QUIERE LLEVAR TERAPIA PSICOLOGICA YA QUE CON SU ANTERIOR PAREJA SUFRIO VIOLENCIA PSICOLOGICA Y FISICA,0,0.666666666666667,0,0.666666666666667,0,0,0.333333333333333
7102,"USUARIA MENCIONA QUE VIVIO TRES AÑOS EN UNION LIBRE,TIENE UNA HIJA EN COMUN CON SU EX PAREJA QUIEN HA EJERCIDO VIOLENCIA VERBAL Y FISICA,SE HA SEPARADO EN VARIAS OCASIONES DEBIDO A LOS CELOS DE SU EX PAREJA,HACE DOS AÑOS SE ENCUENTRA SEPARADA, SIN EMBARGO EL AGRESOR CONTINUA CON INSULTOS,OFENSAS,ADEMAS NO APORTA CON LOS GASTOS DE LA ÑIÑA. EL AGRESOR ACUDIO AL DOMICILIO DE LA USUARIA ALCOHOLIZADO SE PUSO VIOLENTO PEGANDOLE, SE LO LLEVO A LA FUERZA A SU CASA ,PERO CUNADO VOLVIO EL AGRESOR AY ESTABA AHI DE NUEVO ROMPIENDO LOS VIDRIOS.ACUDE A PRESENTAR DENUNCIA.",1,0.666666666666667,1,1,0,0,0
7116,"LA USUARIA MANIFIESTA QUE, ACUDIÓ SU EX PAREJA A BUSCARLA A SU TRABAJO, ELLA ESTABA EN SU VEHÍCULO Y PRETENDÍA QUE ELLA SE BAJARA POQUE QUERÍA HABLAR CON ELLA, LA USUARIA SE NEGÓ Y ÉL LE PEGA CON PUÑO AL PARABRISAS DE ADELANTE DE SU VEHÍCULO. Y AMENZABA CON QUITARLE A LA MENOR HIJA QUE TIENEN EN COMÚN, LA USUARIA DESEA UNA MEDIDA DE PROTECCIÓN Y ASESORÍA LEGAL SOBRE LA PENSIÓN ALIMENTICIA Y PENSIÓN ALIMENTICIA",0,0.333333333333333,0.333333333333333,0.666666666666667,0,1,0
7121,"USUARIA REFIERE QUE HACE UN MES ELLA Y SU PAREJA ACUDIERON A UNA FIESTA. MENCIONA QUE ENTRO AL BAÑO, Y SU ENTONCES PAREJA CREYO QUE ELLA ESTABA CON OTRO HOMBRE, MENCIONA QUE LA JALO DEL CABELLO Y LA EMPUJO, Y LE DIO UNA PATADA EN LA RODILLA, Y GOLPEO A OTRA PERSONA, MENCIONA QUE EN ESE MOMENTO LEVANTO EL REPORTE SOLO CON POLICIA, ELLA SE FUE A VIVIR A CASA DE FAMILIAR, Y MENCIONA QUE SE QUEDARON EN EL DOMICILIO ROPA Y DOCUMENTOS DE SUS HIJOS Y DE ELLA, MENCIONA QUE EL NO APORTA POR CONCEPTO DE ALIMENTOS, SOLICITA ACOMPAÑAMIENTO PARA IR POR SUS PERTENENCIAS.",1,1,0.333333333333333,0,0,0,0
7124,"LA USUARIA MANIFIESTA QUE HACE DOS MESES FUE LA ULTIMA AGRESION DIRECTA HACIA ELLA, DONDE EL AGRESOR QUE ES SU VECINO QUIERE SACARLA DEL DOMICILIO PARA APODERSE DE LA PROPIEDAD DICE QUE HA VIVIDO VIOLENCIA PSICOLOGICA POR PARTE DE EL HACE 11 AÑOS, Y HACE DOS MESES EL SE LE ASERCO DICIENDOLE ""VIEJA HIJA DE PUTA MADRE TE VOY A MATAR CULERA"" ELLA DESEA PRESENTAR DENUNCIA EN CONTRA DE SU VECINO POR QUE EL MANDA PERSONAS HASTA SUS PROPIOS HIJOS PARA QUE LE GRITEN POR LA VENTANA ELLA REFIERE NO DICE LA FECHA NI LA HORA NI EL LUGAR EXACTO DONDE SUFRIO LAS AGRESIONES PSICOLOGICAS POR PARTE DE SU VECINO.",0,0,0.333333333333333,1,0,0,0
7125,"USUARIA REFIERE QUE EL DIA DE HOY IBA A REGISTRAR A SU BEBE, Y MENCIONA QUE SU EX PAREJA DIJO QUE NO LO IBA A REGISTRARA PORQ EL NO ES EL PADRE LA USUARIA MENCIONA QUE EL BEBE TIENE 4 MESES DE NACIDO Y O SE HABIA REGISTRADO PRO QUE EL AVECES DICE QUE SI Y ORAS VECES DICE QUE NO, COMENTA QUE ESTANDO ADENTRO DEL VEHICULO EL COMENZO A DECIRLE QUE NO LO IBA A REGISTRAR Y COMENZO A DARLE PUÑETAZOS EN LA CABEZA Y EN LA CARA, ELLA TENIA AL BEBE EN LOS BRAZOS, LA QUERIA BAJAR EN LA CALLE PERO ELLA LE DIJO QUE NO PODIA PORQUE ESTABA LLOVIENDO Y LE IBA HACER DAÑO AL BEBE, LA LLEVO A SU DOMICILIO Y LE AVENTO LA MOCHILA EN LA CALLE. Y LE DIJO QUE ELLA ERA UNA PUTA.",0,1,0.333333333333333,0.666666666666667,0,0.333333333333333,0
7165,"USUARIA REFIERE 3 AÑOS DE CASADA 1 HIJO EN COMUN MENCIONA QUE EL AGRESOR LE PIDE QUE MINETA AL DECIAR A SU MAMA QUE SU HERNANA NO RESPETA SU CASA 
 EL AGRESOR SE MOLESTA EL SALE A TRABAJAR DESPUES DE UN MOMENTO LE MANDA MENJAJE DONDE LA AMENAZA LE DICE: QUE SE PREPARE QUE VA CONSEGUIR UN ARMA 
 A USUARIA LA TRASLADA VIOLETA 
 SE OTORGAN REQUISITOS DE P.A.
 SE EXPLICA PLAN DE SEGURIDADA 
 SE PASA A MP PARA LA DENUNCIA",0,0,0,0.666666666666667,0,0,0
7166,"US PIDE ASESORIA PARA PA YA QUE NUNCA HA SABIDO NI CUANTO GANA SU PAREJA 
 MENSIONA QUE LE DESCUBRIO OTRA PAREJA",0.333333333333333,0,0,0.333333333333333,0,0,0.666666666666667
7202,"LA USUARIA REFIERE QUE LLEGÓ POR LOS NIÑOS ESTABA ENOJADO PORQUE ELLA NO LLEGABA CON LOS NIÑOS, LE DECÍA "" DONDE CHINGADOS ANDAS, HAS DE ANDAR DE PINCHE PUTA"". REFIERE QUE HACE 15 DÍAS LE DIJO QUE SI NO QUIERE LLEVAR LA FIESTA CON ELLA ÉL PUEDE SACAR ARMAS, QUE SI NO REGRESA CON ÉL TE VAS A MORIR DE HAMBRE, PINCHE MUERTA DE HAMBRE. MENCIONA QUE SEGUIDO LA MOLESTA DURANTE TODO EL AÑO QUE LLEVAN SEPARADOS REFIERE QUE CUANDO LE LLEVA A LOS MENORES PARA QUE PASEN EL FIN DE SEMANA CON ÉL ELLA VA A ENTREGAR CELOS Y LA INSULTA.",0,0,0,1,0,0.333333333333333,0
7211,"LA USUARIA MANIFIESTA QUE TERMINO UNA RELACION CON SU PAREJA EN EL MES DE JULIO REFIERE QUE SU EXPAREJA SE METIO A SU DOMICILIO, DEL CUAL EL CUENTA CON LLAVES, YA QUE LA USUARIA SEGUIA FRECUENTANDOLO OCASIONALMENTE Y SE LLEVO SIN AUTORIZACION DE ELLA UN TELEFONO CELULAR, UNA CONSOLA DE VIDEOJUEGOS Y EL AUTO JETTA COLOR GUINDA, LA USUARIA DESEA DENUNCIAR EL HECHO",0,0,1,0,0,0,0
7217,"EL VIERNES SE ENCONTRABAN EN EL TALLER MECÁNICO DONDE SOLÍAN VIVIR, EL AGRESOR COMENZÓ A ROBAR HERRAMIENTA Y GASOLINA, ELLA LE DECÍA QUE NO LO HICIERA, Y EL LE CONTESTABA ""TE IMPORTA MAS ESE SEÑOR, TE METES CON EL O QUE""
 -USUARIA HABLA CON EL DUEÑO DEL TALLER, Y EL HABLO CON EL AGRESOR.
 EL AGRESOR LE RECLAMA A LA USUARIA A LO QUE LE DICE ""YA YA HICISTE LO QUE QUERÍAS, YA ME CORRIO, DE SEGURO YA TE COGIÓ""
 EL IBA A TOMAR LA OLLA DEL CAFÉ PERO ELLA REACCIONO RÁPIDO Y AVENTÓ LA TAZA DE CAFÉ ""YA ME QUEMASTE""
 - LA AVIENTA A LA BARRA DE LA COCINA, SE LE ECHA ENCIMA Y SE CAEN AL SUELO, LE DA DOS PATADAS EN LA CABEZA MIENTRAS LE DICE ""QUE ME VOY A ARREPENTIR CULERA, TU ERES LA PUTA""",0,1,0.333333333333333,0.666666666666667,0,0,0
7219,"SUBSECUENCIA. USUARIA REFIERE QUE AGRESOR ES SU ACTUAL ESPOSO, MENCIONA QUE EN FEBRERO LO DENUNCIO POR AGRESIONES FISICAS Y VERBALES. USUARIA MENCIONA QUE AYER AGRESOR LE LLAMA Y LE DIJO ME VAN A DETENER Y SI ME DETIENEN VAS A VER Y SI NO QUITAS LA ORDEN DE RESTRICCIÓN TE VA A CARGAR LA VERGA Y ATENTE A LAS CONSECUENCIAS, YA SE QUE ANDAS DE CABRONA CON OTRO HOMBRE, NO TE VOY A FIRMAR EL DIVORCIO, SOLO QUE SI ME DETIENEN ME VAN A QUITAR EL CELULAR Y EL DINERO, Y NO TE VOY A DAR NADA. USUARIA DESEA PRESENTAR DENUNCIA POR NUEVOS HECHOS Y PEDIR MEDIDAS DE PROTECCIÓN, USUARIA REFIERE YA VIENE A TERAPIAS PSICOLOGICAS CON SUS HIJOS. SE LE OFRECE EL SERVICIO DE REFUGIO SIN EMBARGO NO LO ACEPTA,",0,0.333333333333333,0,1,0,0,0
7231,"REFIERE USUARIA QUE ELLA ESTABA EN SU DOMICILIO CON SU PAREJA Y EMPEZARON UNA DISCUCION POR QUE ELLA IBA A VOLVER A TRABAJAR CON LA MISMA PERSONA DE ANTES Y ELLA LE DIJO QUE QUE HABIA VISTO, QUE ELLA LE EXPLICABA CUALQUIER DUDA QUE TENGA, POR QUE NO TIENE NADA CON NINGUN HOMBRE, Y EL LE DECIA QUE SI POR QUE VIO UN MENSAJE QUE DECIA QUE ""QUE HAY QUE HACER"" Y ELLA LE RESPONDIO NO SE A DONDE VAMOS A IR, REFIRIENDOSE A SU TRABAJO Y EL LO MAL INTERPRETO, LE EMPEZO A DECIR QUE LE HABLARA A EL, ELLA LE DIJO QUE NO POR QUE YA ERA TARDE Y EL YA TIENE A SU FAMILIA, Y EL SEGUIA INSISTIENDO, EN ESE MOMENTO EL ESTABA UN POCO ALCOHOLIZADO LA EMPEZO A CORRER DE LA CASA, ESTABAN EN LA CAMA Y EL SE LE SUBIO ENCIMA Y LA EMPEZO A AHORCAR Y LE DIO UNA CACHETADA Y LE ESTABA DICIENDO QUE POR ESO ELLA YA NO QUERIA ESTAR CON EL PUES YA VENIA BIEN SERVIDA, ELLA QUERIA LIBERARSE Y EN EL FORSEJEO EL LA ARAÑO, LE DECIA QUE LE DESBLOQUEARA EL TELEFONO, ELLA NO QUERIA Y EL SIGUIO CACHETEANDOLA VARIAS VECE PUES SE LE SEGUIA SUBIENDO ENCIMA, E INSULTANDOLA, MIENTRAS LA APRETABA DE LOS ARAZOS FUERTEMENTE CON SUS PIERNAS Y BRAZOS, REFIERE QUE LA MAYORIA DE LA PELEA LA VIO SU HIJO PEQUEÑO, QUE SE ENCONTRABA ASUSTADO, HASTA QUE LLEGO SU SUEGRO Y SE LO LLEVO PERO EL DIA DE HOY EL LLEGO NUEVAMENTE Y LA INSULTO, TAMBIEN LA TOMO DEL CUELLO PERO COMO TODOS SUS HIJOS ESTABAN VIENDO ELLA LE DIJO QUE LA ESTABA LASTIMANDO YY EL LA SOLTO",0,1,0,0.666666666666667,0.333333333333333,0,0
7237,"LA USUARIA DICE QUE EL AGRESOR QUE ES SU HERMANO, FUE AL DOMIICLIO DE LA USUARIA PARA QUE LE ABRIERA Y EL GOLPEANDO LA PUERTA A PATADAS Y DICIENDOLE "" ABREME SOY SICARIO TE VOY A AMATAR A TI A TU ESPOSO Y A TUS HIJOS"" EL DICE LA USUARIA QUE LLEGO BAJO LOS EFECTOS DE LA DROGA, LOS VECINOS Y ELLA LLAMARON A LA UNIDAD Y SE ENCUENTRA DETENIDO. DESEA PRESENTAR DENUNCIA DE LOS HECHOS. TERAPIA PSICOLOGICA GRUPAL",0,0,0.666666666666667,0.666666666666667,0,0.333333333333333,0
7247,"USUARIA MENCIONA QUE SU ESPOSO SE FUE CON SU AMANTE, PERO REGRESO A SU DOMICILIO A METERSE Y ELLA YA NO QUIERE QUE SE VUELVA A METER A SU DOMICILIO SI SU AUTORIZACION PORQUE TIENE PROBLEMAS CARDIACOS YA QUE ES UNA PERSONA AGRESIVA Y VIOLENTA Y ANTERIOR MENTE TAMBIEN HA AGREDIDO A SU HIJO CON UN MARTILLO .",0,0.666666666666667,0.333333333333333,0.333333333333333,0,0,0
7254,"LA USUARIA DICE QUE EL AGRESOR QUE ES SU EXPAREJA LE REALIZO UNA LLAMADA Y DICIENDOLE EL, POR TELEFONO "" ESTAS PENDEJA NO SABES LO QUE ESTAS HACIENDO ERES UNA PUTA"" ELLA DESEA PRESENTAR DENUNCIA DE LOS HECHOS. DEMANDA DE GUARDA Y CUSTODIA PENSION DE ALIMENTOS. DICE LA USUARIA QUE EL INTERPUSO UNA DEMANDA EN LOS JUZGADOS DE LOS FAMILIA R DE GUARDA Y CUSTODIA PERO QUE AUN NO SE LE NOTIFICA DICHA DEMANDA TERAPIA PSICOLOGICA GRUPAL",0,0,0,1,0,0,0
7261,"REFIERE USUARIA QUE EN EL MES DE FEBRERO, ELLA SE ENCONTRABA EN CASA DE SU ABUELA, CUANDO ELLA ESTABA ACOSTADA EN EL CUARTO DONDE ELLA DORMIA, SU TIO COMENZO A TOCARLA EN SUS PECHOS Y LA LEVANTO DE LA CAMA, ELLA SE SINTIO INCOMODA LE DIJO QUE NO QUERIA PORQUE SE SENTIA MAL, EL LE BAJO SU SHORT Y COMENZO A TOCARLA , LE DIJO QUE SE VOLTEARA Y LE BAJO TODO Y LA INTENTO PENETRAR, EL LO INTENTO DOS VECES A ELLA LE DOLIO CUANDO PENETRO VIA VAGINAL Y EL SE QUITO RAPIDO, ELLA SE LOGRO SAFAR Y SALIO A UN PARQUE FRENTE A SU CASA, EL SE QUEDO DENTRO D ELA CASA, ELLA NO LE DIJO A NADIE , DESEA PRESENTAR DEUNCIA ANTE MINISTERIO PUBLICO.",0,0,0,0,0.666666666666667,0,0
7266,SE BRINDO ASESORIA POR PARTE DEL AREA DE ORIENTACION.,0,0,0,0,0,0,1
7267,"MENCIONA QUE TIENE DOS AÑOS DE VIVIR EN UNION LIBRE, QUE EL DIA DE HOY EMPEZO A DISCUTIR CON SU PAREJA POR UNA SUDADERA, LA SUJETO DE LOS CABELLOS Y LA JALO HACIA ATRAS, LE DIO CON UN CINTO Y NO SABE CON QUE LE LASTIMO UN DEDO DE LA MANO IZQUIERDA, Y ELLA CORRE A LA CASETA DE POLICIA QUE ESTA POR SU CASA Y LLEGO LA POLICIA Y EL SE ESCAPÓ. QUE HACE COMO TRES SEMANAS LA GOLPEO Y LE PEGO CON UNAS PINZAS DE CORTE DE LA PIERNA IZQUIERDA CAUSANDOLE UNA HERIDA QUE DICE LA TRAIA ABIERTA. SE VE QUE YA LE CERRO, PERO MENCIONA LE DUELE PARA CAMINAR POR LO QUE SE APOYA CON UNA MULETA.",0,0.666666666666667,0,0.333333333333333,0,0,0
7269,"LA USUARIA DICE QUE HACE 02 SEMANAS EL AGRESOR QUE ES SU EXPAREJA FUE AL DOMICILIO DICENDOLE Y GRITANDOLE "" VAS A VALER MADRE TE VOY A QUITAR A LOS NIÑOS ERES UNA FACIL TE LOS VOY A QUITAR"" ELLA DESEA PRESENTAR DENUNCIA DE LOS HECHOS. DICE QUE ENCONTRO UN APARATO QUE EL AGRESOR LE PUSO A ELLA PARA DETECTAR EN QUE UBICACION ESTABA. DICE QUE YA LLEVA UN PROCESO DE GUARDA Y CUSTODIA POR PARTE DE SU ASESOR JURIDICO. TERAPIA PSICOLOGICA GRUPAL .",0,0,0,1,0,0.666666666666667,0
7278,ATENCION LEGAL POR PENSION ALIMENTICIA,0,0,0,0,0,0,1
7283,"LA USUARIA Y SU PAREJA TUVIERON UNA DISCUSIÓN Y SU ESPOSO LE DIJO QUE SE FUERA A LA RELACIÓN DEBE TERMINAR DIJO QUE SE ALISTARA QUE FUERAN A LA FERIA IGNORANDO LO QUE HABÍA HECHO ANTES MIENTRAS QUE EL AGRESOR SE ESTABA CAMBIANDO LE NOTO QUE TENÍA MARCAS EN TODO EL CUELLO Y PECHO DE RECLAMO AL RESPECTO Y EL AGRESOR SE MOLESTÓ A LA USUARIA LE PIDO SU TELÉFONO PARA HACER UNA LLAMADA Y EL MOLESTO ARROJÓ SU CELULAR QUEBRANDO CON EL LA TELEVISIÓN LA USUARIA LE PIDIÓ QUE SE FUERA Y QUE SI NO SE IBA SE IRÍA ELLA, EL LE PUSO UN CUCHILLO EN EL ESTÓMAGO APRETÁNDOLE LA PUNTA HACIA HACIENDO QUE LOS USUARIOS RETROCEDIERA HASTA LLEGAR A LA PARED AL ESTAR EN ESA POSICIÓN LE DIO UN PUÑETAZO EN LA CARA LO QUE NO SABE SE CUBRIÓ CON LOS BRAZOS RECIBIENDO GOLPES EN LOS BRAZOS POSTERIORMENTE EN LAS PIERNAS",0,1,1,0.333333333333333,0,0,0
7294,ESTUVO DISCUTIENDO CON SU ESPOSO Y LA ESTRUJO Y ESTUVIERON FORCEJEANDO,0,1,0,0.333333333333333,0,0,0
7302,"REFIERE USUARIA QUE ELLA LE PRESTO A SUS DOS MENORES HIJOS ,A SU EX PAREJA, QUEDARON EN EL ACUERDO DE QUE SE LOS REGRESARIA EL DIA 27, EL SE LOS LLEVARIA A SU DOMICILIO, EL DIA 28, EL LE MANDO MENSAJE A LA USUARIA Y LE DIJO QUE FUERA POR LOS NIÑOS PORQUE SINO YA NO LOS IBA A VOLVER A VER Y YA LA IBA A DEMANDAR PORQUE LE VALIAN MADRE LOS NIÑOS, Y ELLA LE DIJO QUE EL HABIA QUEDADO DE LLEVARSELOS, EL SE MOLESTO Y YA NO SE LOS QUISO ENTREGAR, ELLA DESEA INICIAR JUICIO DE GUARDA Y CUSTODIA,",0,0,0,0.666666666666667,0,1,0
7306,"LA USUARIA REFIERE QUE AL ESTAR EN SU DOMICILIO EL DIA DOMINGO APROXIMADAMENTE EN LA NOCHE SU PAREJA LA COMENZO A INSULTAR Y DECIRLE DE COSAS MENOSPRECIANDO A LA USUARIA, POSTERIORMENTE LE COLOCO UNA ALMOHADA EN LA CARA Y LA INTENTO ASFIXIAR, POSTERIORMENTE LA CACHETEO.",0,1,0,1,0,0,0
7313,"USUARIA MANIFIESTA QUE TERMINO RELACION CON SU NOVIO/PAREJA, TUVO UN MENOR HIJO CON EL. CUANDO DEJARON DE HABLAR AGRESOR LA AMENAZABA CON QUITARLE A SU MENOR, LO SEGUIA, ACUDIA A LA ESCUELA Y RONDABA LOS LUGARES QUE FRECUENTABAN. EL MENOR NO TIENE LOS APELLIDOS DE AGRESOR, TOMABA FOTOGRAFIAS DEL MENOR Y LAS ENVIABA A AGRESOR.
 LA SEMANA ANTEPASADA, APROXIMADAMENTE 10:30 DE LA MAÑANA, LA USUARIA SE ENCONTRABA EN LA PLAZA PRINCIPAL DE ALLENDE JUNTO A SU HIJO , EN UN EVENTO DE LA ESCUELA, SE PERCATO DE QUE SU HIJO LE ESTABA TOMANDO FOTOS Y SE BURLABAN, POR LO QUE LA USUARIA TOMO A SU HIJO Y SE RETIRO.
 EL DIA DE HOY A LAS 00:00 HORAS AGRESOR CONTACTO A LA USUARIA VIA TELEFONICA Y LE HIZO AMENAZAS DE QUITARLE A SU HIJO LE DECIA QUE EL PAGA PARA QUE LOS VIGILEN QUE SIEMPRE SABEN DONDE ESTAN, YA SABE DONDE ESTAN QUE DE UNA U OTRA FORMA EL VA A TENER AL NIÑO. LE ENVIO FOTOGRAFIAS QUE FUERON TOMADAS EN EL EVENTO DE SU HIJO.",0,0,0,1,0.333333333333333,0.666666666666667,0
7320,USUARIA MENCIONA QUÉ TENÍA QUE ENTREGARLE A SUS HIJOS EN EL TRANSCURSO DEL DÍA SI EMBARGO NO LO HIZO LA ENVÍO UN MENSAJE DICIÉNDOLE QUE LA NIÑA TENÍA ESCUELA EL LUNES LE HABLABA PERO NO LE CONTESTABA LE CONTESTO LOS MENSAJES QUE LE ENVIÉ EL CELULAR DE UNA AMIGA PERO HASTA EN LA NOCHE SIENDO MÍA SI LES DOY LO QUE ES SALES PERDIENDO POR LEY SON 165 POR SEMANA MEJOR YA PARA LA NETA MIS HIJOS NO NOS ESTORBAN AL CONTRARIO PERO TÚ SABES MAÑANA TE LOS MANDO DEJA DORMIR BUENAS NOCHES,0.666666666666667,0,0,0.333333333333333,0,0.333333333333333,0
7321,"USUARIA MANIFIESTA QUE SIENDO LAS 17:00 HRS APROX TUVO UNA DISCUSION CON SU EX PAREJA, DONDE LE QUITO SU CELULAR Y SE FUE DE LA CASA,"" FORCEJEAMOS Y APRETO MI MUÑECA"" DICE LA USUARIA, SITUACION QUE HOY POR HOY LA TIENE CON MIEDO, POR QUE ES UNA PERSONA VIOLENTA Y ACTUALMENTE SE ENCUENTRA VIVIENDO SOLA,TEME QUE VAYA A ACUDIR A SU DOMICILIO PARA VOLVER A AGREDIRLA, ES POR ELLO QUE ESTA SOLICITANDO MEDIDAS DE PROTECCION PARA QUE ESTE YA NO SE ACERCE A SU DOMICILIO",0,1,0.333333333333333,0,0,0,0
7323,"ACUDE AL DOMICILIO DE SU EX PAREJA EN DONDE VIVE ÉL CON SUS MENORES HIJOS, Y ÉL LE NIEGAN EL ACCESO AL DOMICILIO A LA VEZ QUE LE REFIERE QUE YA NO VERIA A SUS HIJOS PERO QUE LE DARIA LA PENSION, QUE ELLA SOLO LOS BUSCARIA CUANDO EL QUISIERA. LOS MENORES VIVEN CON EL PADRE PUESTO QUE LA USUARIA TRABAJA FUERA DE LA CIUDAD Y ERA MAS SANO QUE LOS HIJOS SE QUEDARAN BAJO EL CUIDADO DEL PADRE.",0,0,0,0,0,0.666666666666667,0.333333333333333
7328,"LA USUARIA COMIENZA A DISCUTIR CON SU AGRESOR, A RAIZ DE CIERTOS COMENTARIOS AL LLEGAR AL DOMICILIO ELLA LE COMENTO QUE YA LO IBA A ABANDONAR Y SU PAREJA LE REFIERE QUE NO SE LLEVARIA NADA DE LAS COSAS ADEMAS LE QUITO LAS LLAVES DE LA CAMIONETA, ASIMISMO HACE REFERENCIA QUE LA CAMIONETA LA USA PARA MOVERSE PUESTO QUE SU HIJA TIENE UNA DISCAPACIDAD Y OCUPA DEL VEHICULO.",0,0,1,0.333333333333333,0,0,0
7329,"AL LLEGAR A UN LOCAL DE COMIDA, ARRIBA AL MISMO LUGAR PRIMITIVO, SU EX PAREJA CUANDO ELLA SE RETIRA EL SE VA SIGUIENDOLA EN EL CARRO, CUANDO ELLA SE DETIENE Y LO ENFRENTA EL LE REFIERE INSULTOS Y AL EMPEZAR A GRABARLO SE RETIRA SU AGRESOR. LA USUARIA MANIFIESTA QUE TIENE TEMOR PUESTO QUE CONSTAMENTE LA SIGUE. MESES ATRAS SU EX PAREJA FUE AL DOMICILIO DE LA USUARIA A INSULTARLA Y PRETENDIA INGRESAR A SU DOMICILIO A LA FUERA POR LO QUE SOLICITO LA AYUDA DE LA POLICIA QUIENES LO PUDIERON SACAR DEL LUGAR. SIEMPRE QUE INGIERE BEBIDAS ACUDE AL DOMICILIO DE LA USUARIA.",0,0,0.666666666666667,1,0,0,0
7332,"USUARIA MANIFIESTA QUE SU PAREJA DESPUES DE QUE ELLA REGRESARA DE CASA DE SU CUÑADA, ESTE LA INSULTO DICIENDO ""DONDE ESTABAS"". ELLA LE EXPLICA EN DONDE SE ENCONTRBA, ESTE LA INSULTA DICIENDO QUE TODOS VALEN MADRE. LA USUARIA LE COMENTA QUE ESTA HARTA DE GRITOS POR LO QUE EL LA EMPUJA EN LA CAMA E INTENTA ESTRANGULARLA. SU MENOR HIJA QUIEN ESTABA PRESENTE EMPUJA A SU PADRE Y SALE A HABLARLE A UN FAMILIAR
 AGRESOR DETENIDO",0,1,0,0.333333333333333,0,0,0
7345,"EL AGRESOR CONTINUAMENTE CORRE A LA USUARIA DEL DOMICILIO, LA OFENDE AL REFERIRLE NO SIRVES PARA NADA, ESTAS PENDEJA. LE RECLAMO POR CUESTIONES DE LA DESPENSA DE LA CASA Y AL ELLA CONTESTAR EL AGRESOR LA TOMO DEL CUELLO Y A LA VEZ LA EMPUJO",0,1,0.333333333333333,1,0,0,0
7346,"REFIERE USUARIA QUE APROXIMADAMENTE A LAS 05:00H ELLA ESTABA EN SU DOMICILIO DORMIDA CUANDO LLEGO SU ESPOSO DE SU POSADA EN ESTADO DE EBRIEDAD, ELLA ESTABA MUY MOLESTA PUES NO LE CONTESTABA Y LE DIJO QUE SE FUERA A OTRO CUARTO POR QUE VIO QUE EN SU CELULAR, VIO QUE TENIA CARGOS DE 3000 Y 2000 PESOS, ELLA LO CONFRONTO Y EL LE DIJO QUE ERA SU DINERO ENTONCES EL LA LANSO A LA PARED Y LE DIJO HIJA DE SU PINCHE MADRE, EL LA GOLPEO EN EL BRAZO Y LO EMPUJO Y EL LE DIO UN PUÑETAZO EN LA CABEZA Y LE DIJO QUE YA ESTABA BUENO, ELLA LE ARRANCO UNA CADENA DEL CUELLO, DESPUES EMPEZARON A JALONEARSE Y RASGUÑARSE, ELLA VIO QUE SANGRABA Y SE ASUSTO Y SE FUE A CASA DE SU MAMA A DORMIR, LE CONTO LO QUE HABIA PASADO, REFIERE USUARIA QUE NO ES LA PRIMERA VEZ QUE SUCEDE, SIEMPRE QUE LLEGA TOMADO HAN TENIDO PROBLEMAS SIMILARES, PERO ERAN PUROS JALONEOS, NO GOLPES",0,1,0.333333333333333,0.666666666666667,0,0,0
7349,"LA USUARIA COMENTA TENER 4 HIJAS. EL PAPA NO SE HA HECHO CARGO DE ELLAS , NO DA PARA ALIMENTOS Y CUANDO LLEGA POR ELLAS ES EL DIA QUE QUIERE, CADA QUE HABLA CON ELLA LE MIENTE.
 LA LLEGO A AGOLPEAR EN LA CARA . ELLA VIO UN MENSAJE DONDE DECIA QUE EL LA QUERIA HUMILLAR Y HACERLE DAÑO. ES AGRESIVO. Y SINO QUIERES QUE VEA A MIS HIJAS TE VOY A MATAR.",0.666666666666667,1,0,1,0,0,0
7364,"REFIERE USUARIA QUE TIENE 17 DIAS QUE SE SEPARO DE SU ESPOSO, ELLA DESEA ASESORIA JURIDICA PARA TRAMITE DE DIVORCIO",0,0,0,0,0,0,1
7378,"USUARIA REFIERE QUE EL DIA DE AYER TUVO UNA DISCUSION CON SU PAREJA POR QUE LE DECIA QUE ELLA TENIA ALGUIEN ELLA EN LA CASA Y EMPEZO A BUSCAR ALUZANDO CON UNA LINTERNA ABAJO DE LA CAMA Y EN LOS CAJONES Y LE EMPEZO ALUSAR EN SU CUERPO Y LUEGO TOMO SU CELULAR Y LO EMPEZO A REVISAR, DICIENDOLE QUE DE MENSA NO TIENE NADA QUE SIEMPRE SE QUERIA HACER LA VICTIMA Y ANTERIORMENTE YA LA HABIA AGREDIDO AVECES EMPIEZAN A DISCUTIR Y EL LA EMPIEZA AVENTAR CONTRA LAS COSAS Y ES MUY CELOSO DONDE SIEMPRE LE QUIERE TENER CONTROLADA Y CHECADO EL CELULAR",0,0.666666666666667,0,1,0,0,0
7382,ACUDE POR AYUDA PSICOLOGICA POR LA VIOLENCIA QUE VIVIO CON SU NOVIO,0,0,0,0.666666666666667,0,0,0.333333333333333
7386,"LA USUARIA MANIFIESTA QUE EL AGRESOR QUE ES SU EXPAREJA ARRIBO AL DOMICILIO PARA INSULTARLA Y DECIRLE "" ERES UNA PUTA VOY A SUBIR UNOS VIDEOS INTIMOS TUYOS"" ELLA DESEA PRESENTAR DENUNCIA DE LOS HECHOS. DICE QUE NO LE DA PENSION DE ALIMENTOS PARA SUS HIJOS QUE AMBOS PROCREARON DESEA PRESENTAR DEMANDA DE PENSION DE ALIMENTOS. TERAPIA PSICOLOGICA GRUPAL",0.666666666666667,0,0,1,0.666666666666667,0,0
7394,"LA USUARIA MANIFIESTA QUE SE PERCATO QUE EN LA REDES SOCIALES SUBE FOTOS INTIMAS DE ELLA A PAGINAS DE LAS COLONIAS DE DONDE VIVIA. ELLA DESEA PRESENTAR DENUNCIA YA QUE SOSPECHA QUE EL AGRESOR ES UNA EXPAREJA YA QUE LA FOTO QUE CIRCULA EN LA REDES SOCIALES ES UNA FOTOGRAFIA QUE EL TOMO, TOMARA TERAPIA PSICOLOGICA. ESTA LLEVANDO UN TRAMITE DE GUARDA Y CUSTODIA EN LA AREA JURIDICA.",0,0,0,0.333333333333333,1,0,0
7403,USUARIA REFIERE REFIERE QUE SU HIJO TIENE PROBLEMAS CON LAS DROGAS Y EL DIA MIERCOLES LLEGO MUY AGRESIVO Y EMPEZO A SACAR UNA TELEVISION Y COMO ELLA LE DECIA QUE SE DURMIERA EL SE PUSO MUY AGRESIVO Y LA AVENTO A UN SILLON Y SE LLEVO LA TELEVISION Y EL YA ESTA PERDIENDO LA NOCION DE LAS COSAS Y TEME DE QUE LE LLEGUE HACER OTRA COSA,0,1,1,0,0,0,0
7412,"USUARIA REFIERE QUE A LAS 11:30 PM RECIBIO UNA LLAMADA POR MESSENGER DONDE LE DECIA QUE REGRESARAN, LA USUARIA LE DIJO QUE NO. EL LA AMENAZO Y LE DIJO QUE QUEMARIA TODOS SUS PAPELES. LA AMENAZO CON IR POR ELLA, QUE SI NO REGRESABAN EL SE IBA A QUITAR LA VIDA.
 EL LE DICE QUE ES VIOLENTO CON ELLA Y LA OBLIGA A TENER RELACIONES PARA QUE ELLA NO SE MASTURBE.",0,0,0,1,1,0,0
7416,"LA USUARIA MANIFIESTA QUE EL AGRESRO QUE ES SU EXPAREJA TENIA A LOS HIJOS QUE AMBOS PROCREARON BAJO SU RESGUARDO DE EL YA QUE HABIAN TENDIO UN MUTUO ACUERDO QUE EL DIA DE AYER LA USUARIA SE LOS LLEVARIA A JUAREZ YA QUE ELLOS RADICAN EN ESE LUGAR Y EL DIA DE MAÑANA INGRESARIAN A LA ESCUELA, PERO RESULTA QUE EL AGRESRO LE DIJO QUE NO SE LOS LLEVARIA Y NO SE LOS ENSEÑARIA DICE ELLA QUE SE LOS ESTA OCULTANDO Y NO SABEN ACTUALMENTE DONDE ESTA ELLA DESEA PRESENTAR DENUNCIA DE LOS HECHOS POR OCULTAMIENTO DE MENOR. PASARA A LA AREA JURIDICA PARA LA DEMANDA DE GUARDA Y CUSTODIA",0,0,0,0,0,1,0
7417,"REFIERE USUARIA QUE ELLA ESTAB EN SU DOMICILIO CUANDO LA HERMANA DE SU EXPAREJA QUIEN ES SU VECINA LE CONTO QUE AHI HABIA ESTADO EL EN SU DOMICILIO FORSEJEANDO PUERTAS, Y QUE ESTABA GRITANDOLE COSAS, QUE DONDE ESTABA ELLA, QUE SALIERA, QUE NO LE TENIA MIEDO, QUE EL ESTABA BORRACHO, A SU PORTON NO LE PASO NADA, PERO REFIERE USUARIA QUE ELLA YA HABIA VENIDO CON ANTERIORIDAD PUES YA LE HABIA HECHO LO MISMO Y CUANDO PASABA POR SU CASA LA AMENAZABA DICIENDOLE QUE IBA A AVER QUE EL IBA A VENIR, Y DEMAS COSAS QUE ELLA NO ENTENDIO POR QUE ESTABA ASUSTADA, Y SIEMPRE QUE PASA POR AHI SIEMPRE ESTABA ALCOHIOLIZADO, REFIERE QUE A EL NO LE HA SIDO NOTIFICADO NADA A EL, DESDE LA PRIMERA VEZ QUE VINO PUES SU HIJO VIVE CON EL Y EL MISMO LE HA DICHO QUE NO HA LLEGADO NADA CON ELLOS",0,0,0.666666666666667,1,0,0,0
7419,LA USUARIA MANIFIESTA QUE SE PERCATO QUE ENTRARON A SU RED SOCIAL(FACEBOOK) Y PUBLICANDO VARIAS FOTOS INTIMAS DE ELLA. DICE LA USUARIA QUE DESCONOCE QUIEN FUE. TERAPIA PSICOLOGICA GRUPAL,0,0,0,0.333333333333333,1,0,0
7420,"REFIERE USUARIA QUE EL DIA MENSIONA QUE CUANDO EL SIEMPRE QUE SE MOLESTABA La CORRIA DE SU CASA, Y LE DECIA ARRIMADA, MANTENIDA, EN VARIAS CACIONES LE PONIA CANDADO AL PORTON Y ELLA DECIDIO SEPARARSE Y EMPEZO A SACAR SUS COSAS Y EL LE HABLO A LA POLICIA DICIENDOLE QUE ELLA LE ESTABA ROBANDO, ELLA LE EXPLICO LO QUE HABIA SUCEDIDO Y QUE EL LA HABIA PATEADO SOLO POR QUE SE MOLESTO YA QUE NO ENCONTRABAN EL CONTROL DE LA TELE Y ELLOS SE PUSIERON DE LADO DE ELLA, PUES EL ES EL QUE SIEMPRE LA CORRIA, Y LA INSULTABA, SE PONIA VIOLENTO Y YA LA HABIA GOLPEADO CON ANTERIORIDAD, Y DESDE QUE SE SEPARO HASTA EL DIA DE HOY NO LA HA BUSCADO PARA DARLE PENSION PARA EL NIÑO, PUES COMO ELLA NO ESTA TRABAJANDO Y EL NIÑO ESTA CHIQUITO Y TIENE AUTISMO, EL SOLO LA BLOQUEA Y NO LE QUIERE CONTESTAR NADA PUES DICE QUE EL LE ROBO SUS COSAS QUE EN REALIDAD ERAN DE ELLA",0.666666666666667,1,0.666666666666667,0.666666666666667,0,0,0
7421,"USUARIA REFIERE QUE EL DÍA SÁBADO POR LA NOCHE SALIERON A UN BAR, Y EL COMENZÓ A DECIRLE QUE ERA UNA PIRUJA, QUE ERA UNA PENDEJA,REFIERE QUE LE DECÍA QUE IBA VESTIDA COMO PIRUJA, QUE ELLA MIRABA A OTRO HOMBRE, FRENTE A PERSONAS DEL BAR Y ALGUNOS AMIGOS Y FAMILIARES, MENCIONA QUE ELLA SE RETIRO DEL LUGAR Y SE FUE AL DEPARTAMENTO DONDE VIVIA CON SU PAREJA, MENCIONA QUE EL LLEGO Y NUEVAMENTE VOLVIO ACUSARLA DE PIRUJA, MENCIONA QUE ELLA LE PIDIO A SU MADRE QUE SE QUEDARA, PARA NO SACAR A SU BEBE, EN LA MADRUGADA, MENCIONA QUE SE DURMIERON Y POR LA MAÑANA DEL DOMINGO ELLA COMENZO A GUARDAR DOCUMENTOS Y ROOPA PARA IRSE, MENCIONA QUE EL LA JALO DE LA BOLSA PARA QUITARLE LOS DOCUMENTOS, MENCIONA QUE ELLA SE FUE Y DESPUES INTENTO REGRESAR POR EL RESTO DE LA ROPA, PERO EL YA LE HA PUESTO CANDADO Y NO QUIERE REGRESAR UNA CAMIONETA Y NI DEJA QUE ELLA SAQUE EL RESTO DE LAS PERTENENCIAS.",0,0.333333333333333,0.666666666666667,1,0,0,0
7468,"REFIERE USUARIA QUE ELLA SE ENCONTRABA EN CASA DE SU MAMA, CUANDO SU ESPOSO LE MANDO MENSAJES DICIENDOLE QUE ERA UNA PUTA QUE NO QUERIA ESTAR CON ELLA QUE NO MERECIA NADA DE EL, EL LA AMENAZO CON NO DARLE DINERO, LE DIJO QUE DONDE EL LA VIERA EN CUALQUIER LADO NO RESPONDIA A SU REACCION, LA AMENAZO CON QUITARLE A SUS HIJOS Y QUITARLE LA CASA, ELLA DESEA PRESENTAR DENUNCIA Y ASESORIA PARA PENSION ALIMENTICIA.",0.666666666666667,0,0.666666666666667,0.666666666666667,0,1,0
7491,"EMPEZARON A DISCUTIR POR MEDIO DE MENSAJES , DESPUES EL AGRESOR LLEGA A SU DOMICILIO LA EMPEZÓ A GOLPEAR PARA SACARLA DE LA CASA. LA EMPEZÓ A AVENTAR, TAMBIÉN LE DABA CACHETADAS , LA PATEABA Y LE ESTIRABA EL CABELLO, DESPUÉS DE GOLPEARLA AL REDEDOR DE MEDIA HORA LA PROSIGIO A ARRASTRAR Y SACAR DE SU CASA. CABE MENCIONAR QUE LA ESTABA AMENAZANDO CON UN VIDRIO Y LE DIJO QUE LE IBA A PEGAR CON EL VIDRIO SINO LE DABA SU CELULAR Y SALIO DE LA CASA EN LA QUE SE ENCONTRABAN.
 NO LA DEJO ENTRAR A LA CASA Y LE QUITO SU COMPUTADORA EN EL QUE TIENE SU TESIS YA QUE LA USUARIA SE ENCUENTRA ESTUDIANDO.",0,1,0.666666666666667,0.666666666666667,0,0,0
7495,"REFIERE USUARIA QUE EN EL MES DE AGOSTO, LA USUARIA LE PRESTO SU CARRO A SU EX PAREJA CON EL ACUERDO DE QUE EN EL MES DE SEPTIEMBRE SE LO REGRESARA , PERO EL NO SE LO REGRESO , Y ELLA LE MARCO QUE LE REGRESARA EL CARRO Y EL LE DIJO QUE NO SE ESTUVIERA ARRASTRANDO, ELLA DESEA PRESENTAR DENUNCIA POR EL ROBO DE SU BEHICULO,",0,0,1,0.333333333333333,0,0,0
7516,"REFIERE USUARIA QUE EL PADRE DE SUS HIJOS NO SE HACE CARGO DE ELLOS ECONOMICAMENTE POR YA 9 AÑOS, ELLA DESEA ASESIORIA PARA PERDIDA DE PATRIA POTESTAD, YA QUE SU HIJO MENOR REQUIERE QUE SU ABUELO LE BRINDE SEGURO SOCIAL YA QUE PADECE DE LA ENFERMEDAD, ESCOLIOSIS CERVICAL, DESEA ASESORIA JURIDICA",1,0,0,0,0,0.333333333333333,0
7518,"REFIERE USUARIA ELLA EMPEZO A SACAR LAS COSAS DE SU EXPAREJA PUES EL ESTA CASI DIARO ALEGANDO QUE SE LOS DE, ELLA LE DICE QUE ELLA NUNCA SE HA NEGADO A ENTREGARSELOS Y SOLO LA ESTA MOLESTANDO QUE SE LOS DE, LE DICE QUE VALLA POR ELLO Y LE DICE QUE NO PUEDE PORQUE NO TIENE EN QUE MOVERLOS, ELLA AL SACAR LOS MUEVLES LLEGA LA MAMA DEL AGRESOR Y LEDIJO QUE NO SACARA LOS MUEVLES DE SU HIJO PORQUE SE LOS VAN A ROBAR Y LA VAN A ACUSAR DE ROBO Y LE LLAMO A LA POLICIA Y EL ERA FAMILIAR DE LA MAMA Y EL LE DIJO QUE VOLVIERA A METER LOS MUEVLES CUANDO EL HABIA PAGADO PARA QUE LOS SACARAN, MESNIONA USUARIA QUE ESTA CANSADA DE QUE EL ESTE REFIRIENDO LOS MUEVLES CUANDO NI SIQUIERA LE HA AYUDADO CON LA MANUTENCION DE SUS HIJOS DESDE QUE SE SEPARARON HACE 2 AÑOS",1,0,0.333333333333333,0.333333333333333,0,0,0
7522,"REFIERE USUARIA QUE APROXIMADAMENTE A LAS 22:00H ELLA ESTABA CON SU PAREJA EN UN BAR Y EMPEZARON A DISCUTIR POR QUE UNO DE SUS CONOCIDOS LE DIO UN BESO EN LA CABEZA Y EL LE DIJO QUE PORQUE SE HABIA DEJADO QUE LE DIERA UN BESO Y ELLA LE DIJO QUE NO SABIA PORQUE NI CON QUE CONFIANZA, QUE NO LE DIGA A ELLA, MAS TARDE LE DICE QUE YA SE VALLAN Y ELLA LE DICE QUE NO SE VA A IR ASI CON EL PORQUE ESTA MUY AGRESIVO Y EL LE DICE QUE NO SE VALLA Y AHI LA DEJO Y EL COMPAÑERO DE EL LA FUE A DEJAR A SU CASA Y EL NO LLEGO EN TODA LA NOCHE, EL DIA DOMINGO LE HABLO PARA DECIRLE QUE QUERIA SUS COSAS Y ELLA SE LAS SACO Y EL LE DIJO QUE FALTABA UN DINERO Y UNAS TARJETAS Y ELLA LE DIJO QUE NO HABIA NADAMAS DE EL Y EL LE DIJO QUE LA IBA DENUNCIAR POR ABUSO DE CONFIANZA Y ELLA LE DIJO QUE HICIERALO QUE QUISIERA QUE ERAN PUERAS MENTIRAS, PERO EL DIA LUNES LE MARCO DICIENDOLE QUE LE ABRIERA, ESTABA AFUERA DE SU CASA Y AHI LE EMPEZO A GRITAR DICIENDOLE QUE ERA UNA ESTUPIDA, QUE PORQUE ANDA DEJANDO QUE LA BECEN SIN SU CONSENTIMIENTO, QUE NO SABIA CON QUIEN SE METE, QUE SE LAS IBA A PAGAR, ELLA LE DIJO QUE SIEMPRE ERA LO MISMO CON EL Y LE COLGO Y DESPUES EL EMPEZO A HACEROLE MAS LLAMADAS PERO YA NO LE CONTESTO, NI EL DIA LUNES Y EL MARTES Y EL DIA JUEVES SU YERNO EMPEZO A DECIRLE QUE SU NOVIO ESTABA AHI Y QUE ESTABA MOLESTANDO EN SU CASA Y QUE LO HABIA CORRIDO PERO QUE ARREGLARA SUS PROBLEMAS PORQUE LOS VA A MOLESTAR CON ELLOS, MENSIONA QUE SIEMPRE QUE SE PELEAN ELLOS VA CON SUS HIJAS A MOLESTARLAS PARA QUE HABLEN CON SU MAMA Y VOLVER CON ELLA",0,0,0.333333333333333,1,0,0.666666666666667,0
7539,"LA USUARIA MANIFIESTA QUE A LAS 6 DE LA TARDE APROXIMADAMENTE DESPES DE QUE HACE 4 MESES SE SEPARO DE SU PAREJA, Y ELLA ESTA VIVIENDO EN CASA DE SUS PADRES, TIENE 2 MENORES HIJAS A LAS CUALES EL SEÑOR CUANDO QUIERE LES DA DINERO Y CUANDO NO QUIERE NO LES DA, DICE QUE PRIMERO LE DEJO UN CARRO PARA NO DARLE PENSIÒN A LO QUE ELLA ACEPTO PORQUE LE HACIA FALTA EL CARRO PARA EL TRASLADO DE SUS MENORES HIJAS AL KINDER, PERO LUEGO SE LO QUITO Y DE REPENTE SOLO LE DA 500 DE VEZ EN CUANTO, A LO QUE ACUDE A SOLICITAR APOYO Y ASESORIA JURIDICA PARA PODER TRAMITAR PENSIÒN ALIMENTICIA PARA SUS MENORES HIJAS.",1,0,0,0,0,0,0
7544,"REFIERE USUARIA QUE TIENE SEPARADA DEL PADRE DE SUS HIJOS YA UN AÑO Y MEDIO , ELLA DESEA ASESORIA JURIDICA PARA TRAMITE DE DVORCIO Y PENSION ALIMENTICIA YA QUE BATALLA MUCHO PARA QUE E AGRESOR LE PROPORCIONE PENSION",1,0,0,0,0,0,0
7548,"USUARIA ACUDE A SOLICITAR MEDIDA, SU EXPAREJA AGREDE, LA INSULTA Y AMENZA CON QUITARLE A SU MENOR",0,0.666666666666667,0,1,0,1,0
7555,"LA USUARIA MANIFIESTA QUE LA SEMANA ANTEPASA POR LA TARDE (NO RECUERDA LA FECHA EXACTA NI LA HORA) UBICADA EN EL DOMICILIO QUE SU AGRESOR ES SU EXPAREJA ELLA FUE A SU DOMICILIO YA QUE EL AHORITA TIENE A UN HIJO QUE AMBOS PROCREARON PERO DICE QUE SU HIJO ACTUALMENTE NECESITA ATENCION MEDICA Y POR ESA RAZON ELLA FUE PARA LLEGAR UN ACUERDO PARA LLEVARLO AL HOSPITAL PERO EL SE ENOJO CON LA USUARIA POR QUE ELLA NO QUERIA REGRESAR CON EL Y DICIENDOLE "" HIJA DE TU PUTA MADRE NO VALES VERGA"" ENCERRANDOLA EN LA CASA POR UNA SEMANA SIN DEJARLA QUE SE FUERA, ELLA LOGRO SALIR PORQUE SE COMUNICO CON UNA UNIDAD DEL DSPM. ELLA DESEA PRESENTAR DENUNCIA DE LOS HECHOS. PASARA A LA AREA JURIDICA PARA DEMANDA DE GUARDA Y CUSTODIA, PENSION DE ALIMENTOS. NO DESEA DENUNCIAR POR OCULTAMIENTO DE MENOR NI POR EL HECHO DE HABERLA DEJADO ENCERRADA POR UNA SEMANA. SOLO DESEA PRESENTAR DENUNICA POR VIOLENCIA PSICOLOGICA. TOMARA TERAPIA PSICOLOGICA",0.333333333333333,0.666666666666667,0,1,0,0.333333333333333,0
7563,"LA USUARIA REFIERE QUE LE DIJO POR LLAMADA A SU ESPOSO QUE SE SALIERA DE SU CASA POR PROBLEMAS QUE HABÍAN TENIDO PERO EL EMPEZÓ A AMENAZARLA Y LE DIJO ""QUE HASTA AHORITA HA SIDO BUENA PERSONA PERO YA VERA COMO EL ES EN REALIDAD"".
 LA USUARIA MENCIONA QUE EL SÁBADO QUERÍA AHORCARLA SU PAREJA POR EL CUAL YA EMPEZÓ A DARLE MIEDO.",0,1,0,1,0,0,0
7572,"LA USUARIA MANIFIESTA QUE APROXIMADAMENTE A LAS 10:00 PM UBICADA EN EL DOMICILIO EL AGRESOR QUE ES SU ESPOSO COMENZO A PELEAR CON ELLA POR LA RAZON DE QUE NO LE LLEVO DE CENAR LA USUARIA A EL Y LE EMPEZO A DECIR "" YO TAMBIEN TRAGO PINCHE CUULERA YA ME ESTAS CANSANDO"" ELLA DESEA PRESENTA DENUNCIA Y SALIDA DEL DOMICILIO DEL AGRESOR YA QUE DICE QUE ACTUALMENTE ELLA SE SALIO DE LA CASA ESA VEZ POR LA VIOLENCIA QUE EL AGRESOR ESTABA EJERCIENDO HACIA ELLA. DEMANDA DE DIVORCIO PENSION DE ALIMENTOS GUARDA Y CUSTODIA. TOAMRA TERAPIA PSICOLOGICA",0,0,0.333333333333333,1,0,0,0
7578,"REFIERE USUARIA QUE EL DIA DOMINGO A LAS 12:00 HRS DE LA TARDE , ELLA SE ENCONTRABA EN SU TRABAJO CUANDO EL AGRESOR CON EL QUE ENTABLO UNA RELACION FUERA DE SU MATRIMONIO, EL LA AMENAZO CON QUE SI NO SALIA A VERLO DE SU TRABAJO EL IBA A IR DIRECTAMENTE A SU CASA Y LE VALIA SI ESTABA SU ESPOSO Y SUS HIJOS, ELLA SALIO Y EL LA ABRAZO A LA FUERZA Y ELLA SE QUERIA SAFAR , EL LA QUERIA SUBIR A UN TAXI PERO NO LO LOGRO, YA QUE ESTABA EL GUARDIA DE SUGURIDAD DE SU TRABAJO, Y EL LE DIJO QUE NO LA IBA A DEJAR EN PAZ Y QUE IBA HACER HASTA LO IMPOSIBLE POR ARRUINARLE LA VIDA Y CAGAR LE EL PALO, POR LA NOCHE , EL AGRESOR ACUDIO A SU FRACCIONAMIENTO Y EL GUARDIA LO REPORTO, LLEGO LA UNIDAD PERO LO SOLTARON , ELLA DESEA PRESENTAR DENUNCIA ANTE MINISTERIO PUBLICO.",0,0.666666666666667,0,1,0.333333333333333,0,0
7595,"REFIERE USUARIA QUE ELLA ESTABA EN SU DOMICILIO CON SU FAMILIA, CUANDO LLEGO SU ESPOSO Y ELLA LE DIJO A SU SOBRINA QUE EL NOVIO DE ELLA SE PARECIA A ALGUIEN QUE ELLA CONOCIA, Y CUANDO TODOS SE FUERON SU ESPOSO EMPEZO A DECIRLE QUE LE ESTABA TIRANDO EL CALZON A EL MUCHACHO Y ELLA LE DECIA QUE NO, Y SUS HIJOS ESTABAN PRESENTES Y LE DECIAN A SU PAPA QUE NO LE HABIA DICHO SU MAMA ASI, DEFENDIENDOLA A ELLA, Y EL LE DECIA A SU HIJO QUE NO QUERIA PEGARLE, QUE NO SE METIERA MEJOR, ELLA NO QUERIA RESPONDERLE PORQUE ESTABAN SUS HIJOS PERO SU HIJO SE FUE Y ELLA SE FUE A SU CUARTO A ACOSTARSE Y CUANDO EL LLEGO SIGIO DICIENDOLE COSAS, QUE SU FAMILIA ERA UNOS SOLAPADORTES Y QUE ELLA ERA UNA PUTA Y LE DIO EL PUÑETAZO EN LA ESPINIÑA Y LUEGO LE DIO UN GOLPE EN EL COSTADO Y LUEGO SE ACOSTO A LADO DE ELLA Y LA QUISO ABRAZAR Y COMO ELLA NO SE DEJO EL LE DIJO PUTA Y LA EMPEZO A AHORCAR ELLA LO RASGUÑABA PARA QUE LA SOLTARA Y SI PUDO, PERO LA EMPEZO A DARLE PUÑETAZOS EN LA CABERZA,EN LA CARA, EN LOS HOMBROS, ELLA SE PARO Y TOMO UN PERFUME Y LE ESTABA PEGANDO CON EL DONDE PODIA Y EL SEGUIA GOLPEANDO, ELLA LE DIJO QUE LE HABLARIA A SU MAMA DE EL QUE VIVE ENFRENTE, SALIO CORRIENDO PARA SALIRSE, CAMINO PARA ALLA Y EL LA ESTABA ESTRUJANDO PARA LA CASA Y LE QUITO EL CELULAR PARA QUE NO LLAMARA A NADIE Y PUDO TOMAR LAS LLAVES DE LA CAMIONETA Y SE SUBIO PARA IRSE Y EL SE COLGO DE LA CAMIONETA Y SE HIZO COMO SI LO UBIERA ATROPELLADO PERO NO LE HIZO NADA Y LLEGO AHI PIDO AYUDA Y LLEGARON POR EL Y SE ENCUENTRA DETENIDO A DISPOCICION DEL MP",0,1,0.333333333333333,0.666666666666667,0,0,0
7602,"LA USUARIA MANIFIESTA QUE EL AGRESOR QUE ES SU EXPAREJA LE DIJO A LA USUARIA PARA QUE FUERA A LA CASA DE EL Y VER SOBRE CUANTO LE DARIA DE DINERO PARA LAS HIJAS QUE AMBOS PROCREARON Y EL LE DIJO ""TE DARE 1200 AL MES"" Y LA USURIA INCONFORME, EL SE MOLESTO DICIENDOLE "" ERES UNA ESTUPIDA PENDEJA IDIOTA SON TUS HIJAS TU CASA"" DICE QUE TAMBIEN SU HIJA MENOR DE EDAD QUE LA ACOMPAÑABA RECIBIO VIOLENCIA PSICOLOGICA POR PARTE DE SU PADRE BIOLOGICO. ELLA DESEA PRESENTAR DENUNCIA DE LOS HECHOS . PASARA A LA AREA JURIDICA PARA ASESORIA LEGAL. TOMARA TERAPIA PSICOLOGICA . DICE LA USUARIA QUE EL AGRESOR AMENZO CON ,MATARLAS A ELLA Y A SU HIJAS.",0.666666666666667,0,0,1,0,0.666666666666667,0
7630,"USUARIA REFIERE QUE EL DIA DOMINGO SU EX PAREJA ACUDE A SU DOMICILIO GRITANDO: "" NO SE HAGAN PENDEJAS, ABRANME LA PUERTA"" ""VA SA VALER MADRE"" ""DAME LA CARA, ERES UNA MIERDA"" ""SI ME BRINCO NO VAS A DURAR PARADA"" PATEO LA PUERTA, "" SI ME BRINCO VAS A VER"" FINALMENTE SE BRINCO Y LE DIJO: "" TE DIJE. AGRESOR INTENTA ENTRAR POR LA PUERTA DE ATRAS Y JALA CON UNA CADENA LA PUERTA, JALANDO LE LASTIMA LA MANO, ELLA LOGRA SALIR CORRIENDO POR LA PUERTA DE ENFRENTE HABLA A S.P.M Y LO DETIENEN DENTRO DEL DOMICILIO.",0,0,0.666666666666667,1,0,0,0
7642,"USUARIA REFIERE QUE YA TIENE VARIOS MESES QUE LE ESTAN MANDANDO MENSAJES A SUS REDES SOCIALES Y HASTA SU TELEFONO Y AVECES A SU TRABAJO Y HASTA SU FAMILIA, DICIENDOLE QUE ELLA ES UNA PUTA Y QUE SE ESTA ACOSTANDO CON LOS CLIENTES DE SU TRABAJO, QUE REALMENTE NADIE LA CONOCE QUE NO ES LA PERSONA QUE DICE SER QUE TIENE A TODOS ENGAÑADOS, Y A ELLA LE DICE QUE ES UNA PUTA, DICIENDOLE QUE LE VA A DECIR A TODA SU FAMILIA LO QUE REALMENTE ES Y QUE SI NO LE DA VERGUENZA USAR FILTROS QUE SI NO LE DA VERGUENZA TENER ACNE SIEMPRE HACIENDOLA SENTIR MAL",0,0,0,1,0,0,0
7649,"REFIERE USUARIA QUE EL DIA DE AYER APROXIMADAMENTE A LAS 13:00H ELLA ESTABA EN SU DOMICILIO CUANDO LLEGO SU HERMANO QUE VIVE FRENTE A SU CASA DONDE VIVIA SU PAPA Y EL ES DROGADICTO Y DESDE AFUERA EMPEZO A INSULTARLAS, QUE A SU HIJA SE LA IBA A CARGAR LA VERGA QUE SE ESTABA PASANDO DE LISTA PORQUE SE ESTABA QUEDANDO CON DINERO DE EL, SI HIJA LE DECIA QUE NO, LE GRITO QUE LE IBA AQUEMAR LA CASA, PARTA QUE TODOS SE QUEMARAN AHI ADENTRO, QUE LA VA A GOLPEAR QUE TIENE MUCHAS COSAS DE EL Y EL TRABAJA CON EL CRIMEN ORGANIZADO, QUE ELLA SE QUERIA QUEDAR CON LA CASA PERO NADIE LO VA A SACAR DE AHI Y FUE Y SE ENCERRO A SU CASA, REFIERE USUARIA QUE EL YA LE HA HECHO DESTROSOS EN SU CASA, LE ROMPE CRISTALES DE LA VENTANA, LE ABOLLO LA PUERTA CON PIEDRAS QUE LANZABA, SU HERMANA FUE A AYUDARLAS Y HABLO CON SU HERMANO PERO LES DIJO QUE EL LES TRAIA MUCHO CORAJE QUE CORRIAN PELIGRO ESTANDO AHI CON EL",0,0,1,1,0,0.666666666666667,0
7654,USUARIA MENCIONA QUE YA TIENE TIEMPO SEPARADA DE SU EX PAREJA MENCIONA QUE FUE Y LA AGREDIO A ELLA Y A SU HIJO Y EL DIA DE HOY FUE A SU DOMICILIO MUY AGRESIVO ELLA NO SE ENCONTRA EN EL DOMIICLIO PERO AHI ESTABA SU NOVIO Y LE QUITO EL CELULAR Y LE MARCO DICIENDOLE QUE IBA A VER QUE SE LAS IBA A PAGAR QUE LA IBA A MATAR QUE EL SE IBA A METER OTRA VEZ CON LOS MALOS PARA QUE SE LAS PAGUE Y QUE YA TENIA ANOTADA LAS PLACAS DE SU CARRO Y QUE IBA A VALER VERGA.,0,0.666666666666667,0.333333333333333,1,0,0,0
7664,"LA USUARIA REFIERE QUE SU HIJO SIEMPRE LA INSULTA, AL DECIRLE ""BRUJA, ME ESTAS HACIENDO DAÑO"", ADEMAS QUE VA A SU DOMICILIO A AVENTARLE PIEDRAS PARA QUE LA PAREJA DE LA USUARIA SE SALGA.",0,0,0.666666666666667,1,0,0,0
7665,"LA USUARIA REFIERE QUE SE ENCONTRABA EN LA CASA DE SU HIJA CUANDO SU EX PAREJA FUE A CELARLA, AL DECIRLE ""POR ESO ESTAS SOLA, ERES UNA PUTA"". SU NIETA AL VER QUE LA EMPEZÓ A AVENTARLA Y MORDER A SU ABUELA TRATO DE DEFENDERLA PERO EL REACCIONO AVENTANDOLA.",0,1,0,1,0,0,0
7697,"LA USUARIA MANIFIESTA QUE EL AGRESOR QUE ES SU EXPAREJA FUE AL TRABAJO DE LA USUARIA PARA IR A MOLESTARLA YA QUE DIAS ATRAS SE HABIAN SEPARADO POR LA VIOLENCIA QUE EL AJERCE HACIA LA USURIA. EL AGRESOR COMENZO A GRITARLE DICIENDOLE "" ERES UNA PUTA HIJA DE PUTA MADRE TE CREES MUY CHINGONA PINCHE VIEJA PUTA"" ELLA DESEA PRESENTAR DENUNCIA DE LOS HECHOS DEMANDA DE PENSION DE ALIMENTOS GUARDA Y CUSTODIA. TOMARA TERAPIA PSICOLOGICA",0,0,0,1,0,0,0
7699,"USUARIA MENCION QUE ELLA LLEGA CADA MES A SU CASA Y AL LLEGAR EL SE ENCONTRABA TOMADO Y EL EMPEZO A DICURITR CON ELLA Y NO LA DEJABA SALIR DE SU CASA Y LOGRO SALISE, MENCIONA QUE ELLA SOLO QUIERE SACARLO DE SU CASA DE AQUI PORQUE ELLA VIVIE TAMBIEN EU Y EL LE DICE QUE LE VA A QUEMAR LA CASA Y ELLA MEJOR SE RETIRA DE EL PERO TIENE MIEDO QUE LE PASE ALGO.",0,0.333333333333333,1,0.333333333333333,0,0,0
7709,"LA USUARIA FUE CANALIZADA YA QUE SU MADRE LA DESCUIDABA, POR ESTE MEDIO SIGUIÓ UNA INVESTIGACIÓN Y LA USUARIA MANIFESTÓ QUE HABÍA SUFRIDO ABUSO SEXUAL POR PARTE DE SU PADRASTRO.",0,0,0,0,1,0,0
7733,"LA USUARIA REFIERE QUE A LAS 10:00 PM APROXIMADAMENTE, ELLA ACUDIO A UNA TIENDA DE CONVENIENCIA JUNTO CON 2 DE SUS HIJOS Y AMIGOS DE ELLOS , CUANDO ELLOS SE BAJAN ELLA SE QUEDA EN EL VEHICULO ESPERANDO Y SE PERCATA QUE HABIA UN HOMBRE CON APARIENCIA ""DESASEADO"" SE PONE A UN LADO DE UN BOTE DE BASURA QUE ESTE FRENTE AL VEHICULO EN EL CUAL ELLA SE ENCONTRABA, SE SACA EL ""PENE"" ""Y LO GUARDA"" COMIENZA A TOCARSE SU PENE BAJO LA ROPA, ELLA LE DICE QUE A SUS HIJOS QUE SE ESPEREN Y QUE NO SALGAN DEL LUGAR, EL AGRESOR SE RECARGA EN EL VEHICULO Y ARROJA UNA LATA DE CERVEZA A LA CALLE, ELLA DECIDE SEGUIRLO EN SU CARRO, VE QUE TOMA RUMBO, EN ESO VE UNA UNIDAD DE DSPM LES CUENTA LO OCURRIDO LA UNIDAD VA Y LO BUSCO LOGRANDO ASI LA DETENCION, EL ES PUESTO A DISPOSICION DEL MINISTERIO PUBLICO 
  ADSCRITO POR ACOSO SEXUAL. LA USUARIA DESEA DENUNCIAR LOS HECHOS",0,0,0,0.333333333333333,0.666666666666667,0,0
7734,"LA USUARIA MANIFIESTA QUE EL AGRESOR QUE ES SU EXPAREJA BAJO LOS EFECTOS DEL ALCOHOL COMENZO A PONERSE VIOLENTO CON LE HIJO DE LA USUARIA Y ELLA LE DIJO QUE POR FAVOR SE FUERA DE LA CASA DE ELLA Y EL MOLESTO LE DIJO "" VALES PARA PURA VERGA CHINGAS A TU MADRE"" ELLA DESEA PRESENTAR DENUNCIA DE LOS HECHOS YA QUE TEME POR SU INTEGRIDAD. TERAPIA PSICOLOGICA GRUPAL",0,0,0,1,0,0,0
7745,"LA USUARIA MANIFIETA ESTAR CASADA CON AGRESOR HACE 22 AÑOS Y MENCIONA QUE DESDE ENTONCES LE ES INFIEL CON OTRA PERSONA Y HACE 7 AÑOS QUE SE FUE DEL DOMICILIO CONYUGAL A VIVIR CON SU OTRA PAREJA Y HACE POCO ELLA COMENZO UNA RELACION CON ALGUIEN MAS Y DESDE ENTONCES SU ESPOSO LA HA ESTADO ACOSANDO, HOSTIGANDO Y AMENAZANDO DICIENDOLE QUE SI LA VE CON OTRO LE VA A PARTIR LA MADRE Y QUE LOS VA A MATAR A LOS DOS, ES EL CASO QUE SU ESPOSO LLEGO A CASA DE LA USUARIA (CABE MENCIONER QUE ES DE SU ESPOSO) MUY MOLESTO DICIENDOLE "" A CHINGAR A TU MADRE DONDE QUIERA QUE TE MIRE TE VOY A PARTIR TU MADRE"" Y LA SACO A JALONES Y EMPUJONES DE LA CASA SIN PERMITIRLE SACAR SUS PERTENENCIAS. LA USUARIA DESEA DENUNCIAR LA AGRESION Y MEDIDA DE PROTECCION Y ASESORIA PARA DIVORCIO Y SABER COMO PUEDE HACER PARA REGRESAR A SU CASA CON SU HIJO",0,0.666666666666667,1,1,0,0.333333333333333,0
7757,"REFIERE USUARIA QUE A LAS 23:00 HRS DE LA NOCHE , ELLA SE ENCONTRABA EN SU DOMICILIO, CUANDO SU EX PAREJA FUE A SU CASA Y SE ENCONTRABA APARENTEMENTE ALCOHOLIZADO, LE DA EL DINERO QUE LE DEBE, EL LE EMPIEZA A DECIR QUE LE PRESTE AL BEBE, Y ELLA LE DIJO QUE NO, Y EMPEZO A FORCEJEAR AL BEBE, Y LE DIJO QUE SE ATENIERA A LAS CONSECUENCIAS , ELLA LE DIJO QUE YA SE IBA A METER Y EL LA AGARRO DEL CABELLO Y LA JALO FUERTE Y LE DIJO MIRA JESICA CON MIGO TE LA VAS A PELAR, EL SE EMPEZO A REIR Y ELLA SE INTENTO METER Y EL LA EMPUJO CON TODO Y BEBE , Y EL LE DIJO QUE CON EL SE LA IBA A PELAR, Y EL SE FUE , ELLA NO MARCO A LA POLICIA, EL LE MANDO MENSAJES DICIENDOLE QUE DONDE LA VIERA SE LA IBA A PUTEAR, ELLA DESEA PRESENTAR DENUNCIA ANTE MINISTERIO PUBLICO.",0,0.333333333333333,0,0.333333333333333,0,0,0
7770,"LA USUARIA REFIERE QUE SE ENCONTRABA EN SU DOMICILIO CUANDO LLEGO SU ESPOSO BORRACHO Y EMPEZÓ A OFENDERLA DICIÉNDOLE ""PUTA"", ""PROSTITUTA"", ""HACES LO QUE QUIERES"". DESPUÉS PROSIGUIÓ A ORINARLA A ELLA JUNTO CON LOS LIBROS DE SU HIJO.
 TAMBIÉN COMENTA QUE VARIAS OCASIONES LE DICE QUE LA VA A MATAR Y HACE QUE SU HIJO VEA PORNOGRAFIA.",0,0.666666666666667,0.333333333333333,1,0.333333333333333,0.333333333333333,0
7787,"EN DICIEMBRE SOSTUVE UNA RELACION DE NOVIAZGO CON AGRESOR, DURANTE EL PRIMER AÑO DE RELACION TODO FUE APARENTEMENTE NORMAL, SIN EMBARGO EMPEZO A INSULTARME, SITUACION QUE LO DEJE PASAR, EN EL SEGUNDO Y TERCER AÑO, SUFRI CONSTANTMENTE VIOLENCIA FISICA, Y SEXUAL. 
 ES POR ELLO QUE EL PASADO 10 DE ENERO DECIDI TERMINAR LA RELACION, PERO EL NO ENTENDIO Y TODOS LOS DIAS HACE ACTOS DE MOLESTIA EN MI CONTRA, ME HOSTIGA Y ME AMENAZA DICIENDOME QUE VA A MANCHAR MI REPUTACION, CONSTANTEMENTE, ME AMENAZA CON QUE TIENE FOTOS MIAS, QUE SUPONGO TOMO SIN MI CONSENTIMIENTO YA QUE NUNCA SE LAS EH ENVIADO.
 NO QUERIA DENUNCIAR LO SUCEDIDO, SIN EMBARGO TENGO MIEDO DE LAS REPRESALIAS, ESTOY CANSADA DE QUE SE LA PASE MOLESTANDOME Y QUIERO QUE SU ACOSO TERMINE, ES POR ELLO QUE SOLICITO MEDIDAS DE PROTECCION Y DESEO DENUNCIAR LO OCURRIDO",0,1,0,1,1,0,0
7788,"LA USUARIA REFIERE QUE SE ENCONTRABA EN SU DOMICILIO CUANDO SU PAREJA EMPEZÓ A TOMAR ENTONCES SE TORNO AGRESIVO Y COMENZÓ A AMENAZARLA ""DIME DONDE VIVE O SINO TE VOY A MATAR"", DESPUÉS EL LA AGARRO DE LAS OREJAS FUERTE PERO ELLA SE QUITO Y OTRA VEZ SE PUSO A OFENDERLA ENTONCES SACO EL CUCHILLO PARA INTENTAR MATARSE ENFRENTE DE SUS HIJOS Y ELLA.",0,1,0,1,0,0.666666666666667,0
7806,"LA USUARIA MANIFIESTA QUE UBICADA EN EL DOMICILIO EJIDO. EL AGRESOR QUE ES SU EXPAREJA BAJO LOS EFECTOS DEL ALCOHOL ARRIBO DONDE SE ENCONTRABA LA USUARIA Y JALANDOLE EL BRAZO Y DICIENDOLE QUE BAILARA CON EL, MOLESTO "" VENTE CONMIGO QUIERO BAILAR ANDAS DE PUTA "" DICE LA USUARIA QUE EL AGRESOR TRABAJA EN UNA CORPORACION POLICIACA Y QUE SE PUSO EL CHALECO DEL TRABAJO Y REALIZO UN RETEN FICTICIO. ELLA DESEA PRESENTAR DENUNCIA DE LOS HECHOS. TOMARA TERAPIA PSICOLOGICA GRUPAL",0,1,0,1,0,0,0
7807,"LA USUARIA RELATA QUE ESTA CASADA CON EL SEÑOR RELATA QUE ELLA SIEMPRE SE A DEDICADO AL HOGAR, QUIERE DIVORCIARSE DE EL AGRESOR Y SOLICITAR PENSION ALIMENTICIA PARA ELLA, ELLA TIENE 5 AÑOS SEPARADA DE EL PORQUE VIVIA VIOLENCIA PSICOLOGICA Y FISICA CON EL AGRESOR, EL SEÑOR TIENE ANTECEDENTES PENALES POR DELITOS CONTRA LA SALUD, PERMANECIO 6 AÑOS.",0.666666666666667,1,0,1,0,0,0
7812,"LA USUARIA MANIFIESTA QUE HACE UNAS SEMANAS CORTO SU RELACION DE NOVIAZGO CON EL JOVEN,QUIEN A RAIZ DE QUE TERMINARON ESTE SE PASA ACONSADOLA DENTRO Y FUERA DE SU CASA, A LO QUE HACE DIAS, CUANDO ELLA LLEGO DE SU TRABAJO, YA QUE ELLA TRABAJA Y ESTUDIA EL JOVEN ESTABA HABLANDO CON LOS PADRES DE LA USUARIA DICIENDOLES QUE ELLA LO TERMINO PERO QUE EL CREE Y ASEGURA QUE EL TIENEA OTRO POR ESO YA NO LO QUIERE, LA USUARIA HACE MENCIÓN QUE PUSO EL REPORTE EN LA UNIVERSIDAD Y QUE SE HABLO CON EL, PERO ES UNA PERSONA QUE CAMBIA DE PARECER AL INSTANTE Y QUE NO CREE QUE VAYA A CUMPLIR EL NO ACERCARSE O ACOSAR A LA USUARIA, QUE DE AHI DE LA UNIVERSIDAD LA MANDARON PARA TERAPIA PSICOLOGIA PARA QUE ELLA LE PIERDA EL MIEDO AL JOVEN, PERO DICE ELLA QUE TIENE MIEDO A SU REACCIÓN SI SABE QUE LO DENUNCIO, ENTONCES QUE SOLO VA A PONER EL ANTECEDENTE.",0,0,0,1,0,0,0
7814,"USUARIA MENCIONA 5 AÑOS DE RELACION, SE SEPARO DEL AGRESOR HACE 2 MESES MENCIONA QUE NUNCA VIVIO CON EL Y QUE SE SEPARA DE EL POR SUS MALOS TRATOS PORQUE EL QUERIA QUE EL HICIARA LO QUE EL QUERIA. APARTIR DE LA SEPARACIO EL LA ACOSA MUCHO PARA QUE REGRESE CON EL Y LA INSULTA PORQUE ELLA NO ACCEDE A REGRESAR.
 EL DIA SABADO CUANDO ELLA IBA A TOMAR EL TRANSPORTE EL LA ESTABA ESPERANDO A LAS 5:20 AM Y LE DICE QUE QUIERE HABLAR CON ELLA PERO ELLA NO ACCEDE Y SE SUBE AL TRANSPORTE , DESPUES EL SE RETIRA DEL LUGAR.
 NO DESEA TERAPIAS PSICOLOGICA
 SE PASA A MP PARA LA DENUCNIA CORRESPONDIENTE",0,0,0,1,0,0,0
7815,"USUARIA REFIERE 4 AÑOS Y MEDIO DE RELACION HACE MES Y MEDIO TERMINA SU RELACION CON EL AGRESOR , DURANTE ESTE TIEMPO EL LA HA ACOSADO PARA QUE REGRESE CON EL . EL DIA DE HOY LA SIGUE A SU TRABAJO ELLA SALE Y LA SIGUE HECHANDOLE LA CAMIONETA EN UN ALTO SE BAJA Y LE TOCA EL CRISTAL Y LE DICE QUE LE PAGUE EL DINERO QUE LE DEBE LE GRITA Y LA AMENAZA QUE NO HAGA NADA EN SU CONTRA . DESPUES DE ESTO EL SE RETIRA DEL LUGAR.
 MENCIONA QUE CONTINUAMENTE LA MOLESTA PARA QUE REGRESE CON EL . SE PASA A MP PARA LA DENUCNIA CORRESPONDIENTE",0.333333333333333,0.333333333333333,0,1,0,0,0
7820,"QUE SIENDO APROXIMADAMENTE LAS CUATRO DE LA TARDE, MI PAREJA ME GOLPEO EN VARIAS PARTES DEL CUERPO, NO ES LA PRIMERA VEZ QUE ME AGREDE, Y EN ESTA OCASION EMPUJO A MI MENOR HIJA DE 7 AÑOS. ES POR ELLO QUE DESEO DENUNCIAR LO SUCEDIDO YA QUE NO QUIERO QUE VUELVA A LASTIMAR A MI HIJA Y A MI.",0,1,0,0.666666666666667,0,0.333333333333333,0
7828,"REFIERE USUARIA QUE ELLA LE PRESTO A SU EX PAREJA A SU HIJA Y YA NO SE LA REGRESO, ELLA DESEA PRESENTAR DENUNCIA PERO TRAE UNAS COPIAS DONDE LE OTORGAN LA GUARDA Y CUSTODIA AL PADRE , ELLA YA LLEVA TRAMITE EN JURIDICO, SE LE COMENTA EN EL AREA DE MINISTERIO PUBLICO QUE NO PUEDE INICIAR LA DENUNCIA , QUE CONTINUE CON EL TRAMITE EN JURIDICO.",0,0,0,0.333333333333333,0,0.666666666666667,0.333333333333333
7830,"REFIERE USUARIA QUE ELLA ESTABAEN SU CASA CUANDO EMPEZARON A DISCUTIR POR EL MANDADO QUE NO LO HABIAN HECHO Y QUE ELLA TENIA QUE HACER LAS TAREAS DE LA NIÑA, ES DECIR ATENDERLA, Y QUE SU TRABAJO DEL HOGAR Y TRABAJO PROPIO Y EL LE DIJO QUE ELLA SIEMPRE CON SUS TONTERIAS, SE EMPEZO A MOLESTAR Y ELLA TAMBIEN PORQUE NUNCA LE TOMA IMPORTANCIA A LAS COSAS DE ELLA, Y ELLA LE DIJO QUE YA ESTABA ARTA, EL EMPEZO A INSULTARLA QUE ELLA Y SU PUTA MADRE ELLA TOMO UNOS LENTES Y LOS LANZO EN LA COCHERA EN ESO EL EXPLOTO Y TOMO LOS ZAPATOS DE SU HIJA Y SE LOS LANZO EN LA PIERNA Y ELLA SE ASUSTO UN POCO EL CERRO LA PUERTA PARA QUE NO SALIERA PERO ELLA FUE POR UNA MALETA PARA SACAR LAS COSAS DE EL Y EL EMPEZO A SACAR LA ROPA DE ELLA Y GANCHOS Y EMPEZO A LANZARLA TODOS LADOS EN ESO SU HIJA IBA A ENTRAR AL CUARTO Y EL A LANZAR TODA LA ROPA IBA A A PEGARLE, LA USUARIA METIO LAS MANOS Y CON LOS GANCHOS FUE RAZGUÑADA Y SACO A SU HIJA DEL CUARTO Y YA NO DIJO NADA Y LE DIJO QUE A LO NO FUE CORRECTO LO QUE HIZO ELLA CON SUS LENTES PERO NUNCA LE HABIA LANZADO NADA A EL, Y SE LLEVO A SU HIJA PARA CLAMARSE Y BAÑARLA AL SALIR DE BAÑARLA ELLA LE DIJO QUE SE FUERA DE LA CASA Y EL LE DIJO QUE YA SE IBA A IR PERO COMO ELLA IBA A SALIR LE DIJO QUE YA SE FUERA PORQUE SIEMPRE LE HACIA LO MISMO LE DECIA QUE SE IBA A IR Y CUANDO ELLA LLEGABA EL AHI SE ENCONTRABA, EL LE DIJO QUE SI LE HABLABA A LA POLICIA SE IBAN A IR LOS DOS ELLA LE HABLO A SU TIA Y EL LA EMPEZO A INSULTAR QUE ERA UNA CUALQUIERA, QUE EL TENIA PRUEBAS DONDE SALI DESNUDA ENFRENTE DE SUS AMIGOS, Y DEMAS, COSA QUE NO ES CIERTO, Y DEMAS INSULTOS, AL FINAL SI SE FUE, PERO LLEVANDOSE COSAS DE LA USUARIA REFIERE USUARIA QUE CON ANTERIORIDAD YA SE HABIAN SEPARADO PERO LA AMENAZO QUE COMO ELLA NO TIENE TRABAJO ESTABLE QUE LE QUITARIA A LA NIÑA, PERO MENSIONA QUE DESDE QUE SE DIO CUENTA QUE ESTABA EMBARAZADA NO LA APOYO ECONOMICAMENTE Y AL NACER FUE LO MISMO, TAMPOCO LA AYUDO",0.333333333333333,1,1,1,0.333333333333333,0.333333333333333,0
7835,"USUARIA REFIERE QUE SU EX PAREJA LLEGO BORRACHO DE PESCAR Y LA USUARIA LE MENCIONA QUE NO TIENEN NADA DE COMER Y QUE EL TODAVIA SE VA A TOMAR, ENTONCES NO LO DEJO ENTRAR Y EL EMPUJO LA PUERTA DAÑANDOLA Y LE QUEBRO LA CHAPA MIENTRAS LA INSULTABA Y LA AMENAZA CON QUITARLE A SU HIJA.",0.666666666666667,0.333333333333333,1,1,0,1,0
7837,"LA USUARIA MANIFIESTA QUE EL AGRESOR QUE ES SU EXCONCUBINO LE HIZO UNA LLAMADA A LA USUARIA PARA DECIRLE "" ES TU PINCHE PEDO SIGUELE DE PUTA Y POR PUTA"" DICE LA USUARIA QUE EL AGRESOR TIENE UN PROBLEMA DE CELOS HACIA CON ELLA YA QUE ULTIMAMENTE SE COMPORTA DE FORMA EXTRAÑA, DICIENDOLE A ELLA HAY SIGUE CON TUS MAMADAS DANDO EL CULO HACIENDO LOS VIDEOS DE MIERDA QUE HACES PERO TU A CHINGA TU MADRE Y VUELVE A CHINGARLA MIL VECES MAS VETE A LA VERGA CULERA DE MIERDA"" DICE LA USUARIA QUE LAS AGRESIONES PSICOLOGICAS SON CASI A DARIO. ELLA DESEA PRESENTAR DENUNCIA POR EL ULTIMO HECHOS YA QUE TE ME POR SU INTEGRIDAD. PASARA A LA AREA JURIDICA PARA DEMANDA DE GUARDA Y CUSTODIA. TOMARA TERAPIA PSICOLOGICA",0,0,0,1,0.333333333333333,0,0
7846,"USUARIA REFIERE QUE SE DIRIJIA A BUSCAR A SU HIJA AL PREESCOLAR Y SU EX PAREJA ESTABA AHI Y LE EMPEZO A GRITAR QUE ERA UNA PUTA QUE ERA UNA GATA , Y LA AMENAZA DICIENDOLE QUE SI ENCUENTRA OTRA PAREJA LA VA A SACAR DE DONDE ESTE, USUARIA MENCIONA QUE YA VAN VARIAS OCACIONES QUE EL LE GRITA DE COSAS.",0,0,0,1,0,0,0
7854,"LA USUARIA MANIFIESTA QUE DESDE EL PASADO JUEVES, DECIDIÓ IRSE A QUEDAR A CASA DE SU ABUELITA POR UNOS DÍAS PARA ARREGLAR SU RELACIÓN DE UNIÓN LIBRE. ES EL CASO EL DÍA DE AYER A LAS 11:20AM, ACUDIÓ AL DOMICILIO COMÚN, YA QUE HABÍA ACORDADO QUE SU PAREJA IBA A CUIDAR A SUS HIJAS MIENTRAS ELLA TRABAJABA. DICE QUE ÉL ESTABA CON UNA ACTITUD AGRESIVA Y DICIENDOLE QUE ELLA SEGURAMENTE QUERIA TERMINAR LA RELACIÓN PORQUE YA TENÍA A ALGUIEN MÁS, ÉL LA JALA DEL CABELLO Y LE PEGA EN LA CABEZA SIN IMPORTARLE QUE LA USUARIA TENÍA A SU HIJA CARGADA. LA USUARIA SALE DE LA CASA, Y PIDE APOYO A LA POLICÍA PERO ÉL SE VA DEL LUGAR. LA USUARIA DESEA DENUNCIAR EL HECHO; DICE NO QUERER INICIAR NINGUN TRÁMITE FAMILIAR. MENCIONA QUE HA TENIDO CONFLICTOS CON LA FAMILIA, DICE A SUS PALABRAS ""NO ME HA HECHO NADA, PERO SU HERMANO ES DROGADICTO"", TEME QUE LA FAMILIA TOME REPRESALIAS.",0,1,0,1,0,0.333333333333333,0
7869,LA USUARIA DICE QUE RECIENTEMENETE NO EXISTEN HECHOS DE VIOLENCIA FISICA NI PSICOLOGICA. ELLA DESEA PRESENTAR DENUNCIA YA QUE DICE QUE FUE VIOLADA POR SU PRIMO CUANDO ELLA TENIA 16 AÑOS. TOMARA TERAPIA PSICOLOGICA,0,0.333333333333333,0,0.666666666666667,1,0,0
7891,"LA USUARIA MANIFIESTA QUE EL AGRESOR QUE ES SU EXPAREJA ESTABA EN DOMICILIO DE LA USUARIA YA QUE ESTABA DE VISITA POR LOS MENORES QUE AMBOS PROCREARON, PERO DICE LA USUARIA QUE LLEGO AL DOMICILIO LA PAREJA ACTUAL DE ELLA Y SE MOLESTO Y COMENZO A GRITARLE A LA USUARIA DICIENDOLE "" TE VOY A MATAR ERES UNA PUTA TE VALEN TIS HIJOS PINCHE HIPOCRITA"" ELLA DESEA PRESENTAR DENUNCIA DE LOS HECHOS, PASARA A LA AREA JURIDICA PARA CONTINUIDAD DE LA DEMANDA DE GUARDA Y CUSTODIA , DE IGUAL FORMA LA PENSION DE ALIEMTNOS. TOMARA TERAPIA PSICOLOGICA",0,0,0,1,0,0.666666666666667,0
7895,"REFIERE USUARIA QUE EL PADRE DE SU HIJA MAYOR NO LA APOYA ECONOMICAMENTE Y TAMPOCO CONVIVE CON SU MENOR HIJA, ELLA DESEA ASESORIA JURIDICA PARA TRAMITE DE DIVORCIO , GUARDA Y CUSTODIA Y PENSION ALIMENTICIA.",1,0,0,0.666666666666667,0,0,0
7900,"LA USUARIA REFIERE QUE SE ENCONTRABA EN SU TRABAJO CUANDO SU SUPERVISOR EMPEZO A INSINUARSE MIENTRAS AGARRABA SU PARTE INTIMA DICIENDOLE ""YA VISTE MIS CALCETINES"". LA USUARIA MENCIONA QUE DESDE DÍAS ATRAS EL LE DICE QUE ""ESTAS BIEN CHICHONA, ¿CUANDO SALIMOS?"" EN REPETIDAS OCASIONES",0,0,0,0.666666666666667,1,0,0
7902,"ME ENCONTRABA EN MI DOMICILIO NOS ENCONTRABAMOS ACOSTADOS VIENDO PELICULAS CUANDO LLEGO EL AGRESOR, QUIEN HABIA ACUDIDO A CASA DE SU MAMA ( A LADO) AL LLEGAR DIJO ""DIME LA VERDAD EL NIÑO NO ES MIO"" DETRAS DE EL LLEGO SU MAMA, EL ME AVENTO A LA CAMA TOMANDOME DE LOS BRAZOS, FUE POR EL NIÑO Y SE LO LLEVO A SU MAMA, REGRESO DONDE ESTABA Y E DECIA ERES UNA PUTA, IGUAL QUE TU MAMA, ESE NIÑO NO ES MIO, NO VALES LA PENA, ERES UNA MIERDA, ERES UNA HIJA DE PUTA, QUE NO VALE VERGA. MIENTRAS QUE ESTABA ENCIMA DE MI, ME TOMO DE LAS MUÑECAS Y ME APRETABA MUY FUERTE, ME DIO CON EL PUÑO CERRADO EN EL BRAZO, ME APLASTO CON SU PESO, Y DESPUES DE UN TIEMPO SE LEVANTO. 
 AGARRE MIS COSAS Y A MIS HIJOS Y ME FUI A CASA DE MI MAMA",0,1,0,1,0,0.333333333333333,0
7911,"USUARIA REFIERE QUE SU EX PAREJA LA AMENAZA CON UN VIDEO QUE TIENE DE ELLOS, MENCIONA QUE LE MANDO UNA CAPTURA AL PADRE DE SUS HIJOS Y LE DICE QUE VA A SUBIR EL VIDEO A LAS REDES. 
 USUARIA COMENTA QUE ANTERIORMENTE EL YA HABIA SIDO AGRESIVO CON ELLA.",0,0,0,1,0.666666666666667,0.333333333333333,0
7912,"LA USUARIA MANIFIESTA QUE EL AGRESOR QUE ES SU EXCONCUBINO ARRIBO AL DOMICILIO PARA MOLESTARLA QUERERLA HOSTIGAR PARA SACARLA DE LA CASA DICE LA USUARIA QUE EL COMENZO A DECIRLE "" NO SABES CON QUIEN TE METES PINCHE MARRANA DE MIERDA VAS A VALER VERGA, YO PUEDO SALIR DE LA CARCEL PERO TU DEL POZO NO"" DICE LA USUARIA QUE QUERIA GOLPEARLA ELLA DESEA PRESENTAR DENUNCIA DE LOS HECHOS. DEMANDA DE PENSION DE ALIMENTOS GUARDA Y CUSTODIA, DICE QUE EL AGRESOR NO LE AYUDA CON LOS GASTOS DE LOS MENORES QUE AMBOS PROCREARON. TOMARA TERAPIA PSICOLOGICA",1,0,0.333333333333333,1,0,0,0
7913,"USUARIA REFIERE QUE EL DIA DE AYER SE SEPARO DE SU PAREJA YA QUE EL SE DROGA Y NO TRABAJA Y NO LA DEJABA TRABAJAR, ENTONCES ELLA SE SALIO A ESCONDIDAS DE SU CASA Y SE FUE A LA CASA DE SUS PAPAS, MENCIONA QUE EL EN LA NOCHE SE METIO AL PATIO Y LE HABLO A SU HIJO Y SE LO LLEVO. 
 ELLA FUE A VERLO PARA QUE LE DEBOLVIERA A SU HIJO Y EL NO QUISO.",0.666666666666667,0,0.333333333333333,0.666666666666667,0,1,0
7927,"USUARIA REFIERE QUE ELLA PLATICABA CON SU HIJA YA QUE ELLA SE QUEDA A QUE LA CUIDA SUS ABUELOS Y EN SU TIO, Y LE COMENTA QUE CUANDO SUS ABUELOS NO ESTAN SU TIO LA EMPIEZA A TOCAR EN SUS PARTES Y ELLA LE DICE QUE NO LA TOQUE Y EL LE DICE QUE NO DIGA NADA PORQUE NO LE VAN A CREER.",0,0,0,0.666666666666667,1,0,0
7932,"LA USUARIA MANIFIESTA QUE EL AGRESOR QUE ES SU ESPOSO COMENZO A PELEAR CON LA USUARIA YA QUE ELLA NO HABIA HECHO DE COMER DICIENDOLE ""PINCHE VIEJA MITOTERA VIBORA NO SIRVES PARA NADA YA ESTOY HARTO A LA CHINGADA"" AVENTANDOLE EL CELULAR PERO SIN DARLE ELLA DESEA PRESENTAR DENUNCIA DE LOS HECHOS. PASARA A LA AREA JURIDICA PARA DEMANDA DE PENSION DE ALIMENTOS YA QUE DICE QUE SIEMPRE SE HA DEDICADO AL HOGAR Y ACTUALMENTE SE ENCUENTRA DISCAPACITADA A CONSECUENCIAS DE VARIAS ENFERMEDADES. TOMAR TERAPIA PSICOLOGICA. LA USUARIA DESEA SALIDA DEL DOMICILIO DEL AGRESOR",0.666666666666667,0.666666666666667,0.666666666666667,1,0,0,0
7935,"LA USUARIA MANIFIESTA QUERECIBIO UN MENSAJE DE TEXTO POR PARTE DEL AGRESOR DICIENDOLE "" POR QUE ME BLOQUEASTE QUE TE HICE NUNCA TE TRATE MAL AL CONTRARIO YO QUERIA LO MEJOR PARA TI"" DICE LA USUARIA QUE SU AGRESOR ES UN EXCOMPAÑERO DE SU ULTIMO TRABAJO (YA QUE TUBO QUE DEJAR DE TRABAJAR POR ESA SITUACION), LA USUARIA DICE QUE CONSTANTEMENTE LE MARCA O LE MANDA MENSAJES DE TEXTOS QUERIENDOLA BUSCAR (SIN INSULTOS POR PARTE DE EL) PERO QUE YA EL AGRESOR BUSCO EL DOMICILIO DE LA USUARIA AMENAZANDO A LA PAREJA ACTUAL DE ELLA. LA USUARIA TEME POR SU INTEGRIDAD DICE QUE EL ESTA OBSECIONADO CON ELLA. TOMARA TERAPIA PSICOLOGICA . DICE LA USUARIA QUE EL ANDA BUSCANDOLA PARA PERJUDICARLA YA QUE ELLA NO QUISO TENER RELACIONES SEXUALES CON EL. DESDE HACE MUCHO TIEMPO. PERO ELLA DESEA PRESENTAR DENUNCIA POR VIOLENCIA PSICOLOGICA",0,0,0,1,0.666666666666667,0,0
7937,"REFIERE USUARIA QUE APROXIMADAMENTE A ALAS 05:00H ELLA ESTABA DORMIDA CUANDO SU EXPAREJA SE BRINCO LA BARDA Y EMPEZO A TOCARLE DICIENDOLE QUE LE ABRIERA ELLA TENIA MIEDO PORQUE ES MUY AGRESIVO Y NO QUERIA QUE LE HICIERA UN DESATRE, ASI QUE LE ABRIO LLEVAVA DOS PERSONAS CON EL Y LE DIJO QUE QUERIA UN CAFE Y QUE NO QUERIA QUE NADIE MAS ENTRARA A ESA CASA PUES ES DE EL, LO CUAL NO ES CIERTO, EL SE LOS HIZO EL CAFE Y SE RETIRO PERO ELLA FUE A SU NEGOCIO MAS TARDE COMO A LAS 10:40 ES UNA QUINTA, LLEVABA UN TRABAJADOR Y AL LLEGAR VIO QUE LE HABIA SACADO EL MOVILIARIO, 70 SILLAS, MESAS, PINTURA, PARRILLA, PANTALLA Y DEMAS COSAS, A ELLA LE CONSTA QUE FUE EL PUES LA CHAPA NO ESTABA FORZADA Y EL ERA EL UNICO QUE SABIA COMO SE ABRIA, Y HACE 3 MESES TUVO UN PROBLEMA CON LA CAMIONETA SE LA LLEVARON AL CORRALON, ELLA IBA A IR Y EL LE DIJO QUE NO QUE EL SE MOVIA PERO QUE LE PRESTARA LOS PAPELES Y EL SE LA ENDOSO A SU NOMBRE Y AHORA LE DICE QUE NO SE LA VA A DAR",0,0,1,0.666666666666667,0,0,0
7948,"REFIERE USUARIA QUE APROXIMADAMENTE A LAS 19:30H ELLA SALIO PARA COMPRAR CENA Y AL LLEGAR LLEGO SU AMIGO QUIEN LE RECOMENDO QUE VINIERA AQUI Y EN ESO LLEGO SU PAREJA Y EL EMPEZO A GRABARLA Y EMPEZO A DECIRLE QUE YA VIVIA CON EL, ENTONCES ELLA IGNORO ESO Y TOMO A SUS HIJA PUES IBAN A CENAR CON ELLA YA QUE TENIA ALGUNOS DIAS SIN VERLAS YA QUE SE QUEDARON CON SU PAPA POR QUE LA USUARIA LE DIJO QUE EL MIERCOLES SE LAS CUIDARA PORQUE SE OCUPARIA Y EL NO LE QUERIA DAR A LAS NIÑAS, HASTA EL SABADO, ELLA CAMINO PARA TOMAR UN TAXI E IR A CENAR Y EL LOS VA SIGUINDO EN EL CARRO Y SE LES ATRAVIESA LES DIJO QUE LE DIERA A LAS NIÑAS ELLA LE DIJO QUE IBA A IR A CENAR, QUE NO SE PUSIERA AGRESIVO PORQUE LAS NIÑAS ESTABAN MUY ASUTADAS, EL LE DIJO QUE SE LAS IBA A QUITAR, QUE EL SIEMPRE LAS CUIDABA Y QUE IBAN A ESTAR MEJOR CON EL, QUE YA LA HABIA DEMANDADO, QUE EL YA TENIA UN FOLIO Y ELLA TOMO UN TAXI Y SE FUE Y EL LOS IBA SIGUINDO LLEGO AL LUGAR DE LA CENA Y EL SE FUE PERO EN UN RATO MAS LE HABLO SU VECINA DICIENDOLE QUE EL ESTABA AHI, CON UNA PATRULLA Y SU FAMILIA, PERO SE FUERON RAPIDO, REFIERE USUARIA QUE EL ESTA MOLESTO CON ELLA DESDE QUE ELLA LE DIJO QUE NO VOLVERIA CON EL, EL LA ENGAÑO Y VOLVIERON PERO NO FUNCIONO Y ELLA BUSCO AYUDA PSICOLOGICA Y EL EN VEZ DE AYUDARLA LE DECIA QUE SOLO VA GENTE LOCA, YA NO QUIERE VOLVER CON EL PERO EL LA BUSCA Y LA CELA, Y POR ESO LA AMENAZA CON QUITARLE A LAS NIÑAS",0,0,0,0.666666666666667,0,1,0
7949,"USUARIA REFIERE QUE EL DIA DE AYER QUE LLEGO DE SU TRABAJO ENCONTRO A SU YERNO, QUE SE HABIA BRINCADO EL PORTON DE SU CASA Y LE EMPIEZA QUE EL VA SEGUIR ENTRANDO A SU CASA LAS VECES QUE QUISIERA Y QUE LE HICIERA COMO PUDIERA QUE LE TRAJIERA A QUIEN QUISIERA.
 USUARIA MENCIONA QUE YA LO HABIA ANTERIORMENTE.",0,0,0.666666666666667,1,0,0,0
7950,"LA USUARIA RELATA QUE EL AGRESOR LA AVENTO, LA JALONEO DE LA MANOS Y LE GRITABA DICIENDOLE ""QUE LE HACIA ESO POR TODAS LAS QUE LE DEBIA"" , LA USUARIA VIVE CONSTANTEMENTE VIOLENCIA PSICOLOGICA DE PARTE DEL AGRESOR Y LA MANIPULA PARA TENER UNA RELACION AMOROSA CON LA USUARIA .",0,1,0,1,0,0,0
7961,"USUARIA REFIERE QUE SU VECINO EL DIA JUEVES 10:30 AM, LA INSULTA DICIENDOLE ""NO SABES LO QUE TE VA A PASAR ""PINCHE PERRA"", REFIRIENDO ADEMAS QUE LE GRITO A OTRO HOMBRE ""AGARRALA Y METELA A LA CASA"" 
 REFIERE TAMBIEN QUE AMENZO A SU HIJA DICIENDOLE ""NO SABES CON QUIEN TE METES, NO SABEN NI LO QUE LES VA A PASAR"" OTRO JUEVES APROX. 9:00 AM 
 EL DIA DOMINGO SU VECINO LE COMIENZA A CHISTAR Y EL SE ESTABA MASTURBANDO HACIENDOLE SEÑAS PARA QUE FUERA",0,0,0,1,1,0.333333333333333,0
7969,"USUARIA REFIERE QUE SU EX PAREJA NO LA DEJA DE MOLESTAR Y LA AMENAZA CON QUITARLE LA CASA, MENCIONA QUE LE PAGA A SUS VECINOS PARA QUE LO MANTENGAN INFORMADO CUANDO ELLA ESTE CON OTRA PERSONA Y LA ACOSA HACIENDOLE LLAMADAS A TODAS HORAS.",0,0,0.666666666666667,1,0,0,0
7978,"LA USUARIA MANIFIESTA QUE HACE UN MES POR LA TARDE, UBICADA EN EL DOMICILIO EL AGRESOR QUE ES SU ESPOSO LE REALIZO UNA VIDEOLLAMADA A LA USUARIA, PARA DECIRLE POR QUE NO HACIA LAS COSAS QUE EL LE PEDIA Y COMENZANDO A DECIRLE "" CHINGAS A TU MADRE PINCHE VIEJA VALES MADRE"" ELLA NO DESEA PRESENTAR DENUNCIA DE LOS HECHOS, SE LE EXPLICA EL PROCEDIMIENTO LEGAL DEL DIVORCIO Y NO DESEA PASAR A LA AREA JURIDICA. TOMARA TERAPIA PSICOLOGICA *SE VA Y LUEGO CAMBIA DE OPINION Y SI DESEA ASESORÍA LEGAL",0,0,0,1,0,0,0
7987,"LA USUARIA MANIFIESTA QUE EL DÍA DE AYER A LAS 17 HORAS, LE MARCÓ SU ESPOSO DE QUIEN ESTÁ SEPARADA DESDE HACE 02 MESES, Y LE RECLAMÓ POR HABERLE QUEBRADO LOS VIDRIOS DE SU VEHÍCULO. LA USUARIA LE EXPLICÓ QUE ELLA NO HABÍA DAÑADO SU COCHE, PERO ÉL NO QUISO ENTENDER, POR LO QUE ÉL LE DIJO ""ME LAS VOY A COBRAR, POR DAÑAR MI CARRO, VAS A VER, TE VOY A HACER ALGO"". LA USUARIA DICE TEMER POR SU VIDA Y DESEA DENUNCIAR EL HECHO, MENCIONA QUE YA ESTA POR INICIAR EL TRÁMITE DE CUSTODIA DE SU MENOR HIJO CON ABOGADO PARTICULAR.",0,0,0,1,0,0,0
8007,"REFIERE USUARIA QUE HACE 3 MESES EL PAPA DE SUS NIETOS LLEGO INSULTANDO A SU HIJA A SU CASA, ELLA LE DIJO QUE SE FUERA, QUE SU HIJA AHORA VIVIA CON ELLA, QUE NO TENIA NADA QUE HACER AHI, EL LA INSULTO DICIENDOLE QUE ERA UNA PUTA IGUAL QUE SU HIJA, LA AMENAZA ""QUE SU MAMÁ IRA A PARTIRLE SU MADRE"" QUE MEJOR NO SE METIERA ELLA LO CORRIO NUEVAMENTE Y SI SE FUE BURLANDOSE DE ELLA, REFIERE QUE YA NO QUIERE QUE SE ACERQUE A SU FAMILIA PUES A SU HIJA LA MALTRATABA Y LE TIENE MIEDO, Y A SUS NIETOS LES HABLA CON GROSERIAS Y LES BAJA MUCHO EL AUTOESTIMA AL IGUAL QUE A SU HIJA LE HABLA POR TELEFONO Y LA INSULTA MUCHO CON PALABRAS ALTISONANTES",0,0,0,1,0,0,0
8023,"LA USUARIA MANIFIESTA QUE ALREDEDOR DE LAS 5:30 DE LA TARDE, LE INFORMO SOBRE UNA DENUNCIA QUE HABIA PUESTO ANTERIOR A ESTO, ELLA HABIA SIDO LLEVADA A LA FUERZA A VER UNA PARTIDO DE BASQUET BOL, LLEGANDO AL PARTIDO LE QUITA EL TELEFONO Y LA BOLSA, YA QUE LE DICE QUE SI SE QUIERE IR QUE SE VAYA, A LO QUE ELLA DICE QUE SE VA A IR, Y EMPIEZA A CAMINAR, A LO QUE EL LA ALCANZA Y LA SUBE AL VEHICULO PERO LA VA JALANDO Y EL EMPIEZA A CONDUCIR Y SE VAN DE AHI, PERO CONDUCE HASTA UN LUGAR SOLITARIO Y SE BAJA Y LE EMPIEZA A JALAR EL CABELLO Y LE EMPIEZA A GOLPEAR, DEJANDO EVIDENTEMENTE MORETONES EN DIFERENTES PARTES DEL CUERPO, A LO QUE LA USUARIA, YA CANSADA DE LA VIOLENCIA ACUDE EL DIA DE AYER A PONER LA DENUNCIA, Y YA CUANDO ESTA EN LA CASA, LE HACE MENCIÓN AL SEÑOR QUE PRESENTO UNA DENUNCIA Y QUE LE AVISA QUE PORQUE CON UNA MANO QUE LE PONGA ENCIMA LO VA A METER A LA CARCEL, A LO QUE ESTE DE TODOS MODOS, LA AGARRA DE LOS BRAZOS Y LE AVIENTA SOBRE LA CAMA, A LO QUE LA USUARIA ACUDE PARA HACER EL PROTOCOLO Y YA CUENTA CON MEDIDA DE PROTECCIÓN.",0,1,1,0.666666666666667,0,0,0
8055,LA USUARIA REFIERE QUE SE ENCONTRABA EN SU DOMICILIO CUANDO EL DESCONOCIDO QUE INVADE LA CASA DE ENFRENTE EMPEZÓ A ATACAR A SUS HIJOS QUERIÉNDOLOS GOLPEAR CON UNA PALA Y UN AZADÓN. ADEMAS COMENTA QUE EN DISTINTAS OCASIONES AMENAZA A LA USUARIA DE IR A MATARLA O HACERLE ALGO A SUS HIJOS Y AL LLAMAR A UNA UNIDAD LE DICEN QUE NO PUEDE HACER NADA.,0,0.333333333333333,0,1,0,0.333333333333333,0
8060,"REFIERE USUARIA QUE TIENE SEPARADA UN AÑO DEL PADRE DE SU HIJO, ELLA DESEA ASESORIA JURIDICA PARA TRAMITE DE DIVORCIO .",0,0,0,0,0,0,1
8062,"LA USUARIA REFIERE QUE SU PAREJA EMPEZÓ A DISCUTIR CON ELLA POR CAUSA DE PENDIENTES DE LA CASA, POR LO QUE COMENZÓ A GOLPEARLA EN REPETIDAS OCASIONES CON MANOTAZOS Y ADEMAS LA ARRASTRO POR LA CASA. AL QUERER SILENCIARLA LE TAPO LA BOCA Y COMO PUDO LE MORDIÓ EL DEDO PARA SAFARSE DE EL.",0,1,0,0.666666666666667,0,0,0
8065,"REFIERE USUARIA QUE EL DIA DE AYER MARTES A LAS 17:30 HRS DE LA TARDE, ELLA SE ENCONTRABA EN LA CARRETERA AFUERA DE UNA SALA DE MASAJES LLAMADA SENSACIONES CUANDO LLEGO Y TOCO LA PUERTA Y SALIO SU EX PAREJA, Y COMENZARON A DISCUTIR EL LE DIJO QUE QUIERES NO ME ESTES MOLESTANDO, ELLA LE DIJO QUE LE DIERA EL DINERO QUE LE DEVIA, EN ESO LA AGARRO DEL CUELLO Y LA PUSO CONTRA LA PARED, FORCEJEARON Y EL LA TENIA AGARRADA DEL CUELLO, EN ESO EL LE DIJO A UNA COMPAÑERA QUE LE QUITARAN EL CELULAR A LA USUARIA EL LA CARGO Y LA AVENTO AL CORDON DE LA CALLE SE PEGO EN LA CABEZA ELLA SE LEVANTO Y SE FUE , ELLA NO MARCO A AL POLICIA, DESEA PRESENTAR DENUNCIA ANTE MINISTERIO PUBLICO.",0.666666666666667,0.666666666666667,0.666666666666667,0.333333333333333,0,0,0
8070,"REFIERE USUARIA QUE EL DIA DE AYER MARTES A LAS 21:00 HRS DE LA NOCHE , ELLA SE ENCONTRABA EN SU DOMICILIO CUANDO ELLA LE HABLO AL PADRE DE SU HIJA PARA PEDIRLE EL DINERO QUE LE DA POR SEMANA EL LE DIJO QUE EL TIENE COMO COMPROBAR QUE LE HACE LOS DEPOSITOS Y ELLA LE DIJO QUE TENIA COMO COMPROBAR LAS AGRESIONES, ELLA DESEA PRESENTAR DENUNCIA ANTE MINISTERIO PUBLICO. DESEA ASESORIA JURIDICA PARA PENSION Y ASESORIA PARA GUARDA Y CUSTODIA.",1,0,0,0.333333333333333,0,0,0
8090,"LA US. REFIERE QUE HA SUFRIDO INFIDELIDAD DESDE HACE TRES AÑOS, EL PR SE FUE A LA PLAYA MINTIENDO DE QUE SU PAPA ESTABA ENFERMO. 
 DESDE HACE UN AÑO LA US. LE DIJO QUE NO PODIA SEGUIR CON EL SE FUE A VIVIR A OTRA CIUDAD Y CUANDO EL PR LA VISITABA CADA FIN DE SEMANA A SUS HIJOS LA US LE DECIA QUE YA NO QUERIA ESTAR CON EL Y EL LA AMANAZABA CON LLEVARSELOS.",0.333333333333333,0,0,0.666666666666667,0,0.666666666666667,0
8099,"USUARIA REFIERE QUE CUANDO ELLA TENIA 14 AÑOS DE EDAD SU PADRE INTENTO ABUSAR DE ELLA, LE DIJO QUE NO LA PODIA VER COMO SU HIJA YA QUE ELLA NUNCA VIVIO CON EL Y LA EMPEZO A TOCAR MIENTRAS ELLA DORMIA Y LE DECIA QUE NO HABLARA POR QUE SUS HERMANOS ESTABAN DORMIDOS, Y CUANDO ESCUCHABA QUE SUS HERMANOS SE DESPERTABAN SE RETIRABA. USUARIA COMENTA QUE EL LE HACIA TOCAMIENTOS DESDE QUE ELLA EMPEZO A VIVIR CON EL Y QUE FUERON VARIAS OCACIONES. 
 MENCIONA QUE NO QUIERE QUE SE LE ACERQUE A ELLA Y A SU HIJA YA QUE LE TIENE MIEDO.",0,0,0,0.666666666666667,1,0,0
8103,"LA USUARIA MANIFIESTA QUE HACE UNOS MESES EL AGRESOR QUE ES SU EXPAREJA COMENZO A DECIRLE "" YA TEDEJATE DE MAMADAS ESTA BIEN PENDEJA"" DICE LA USUARIA QUE EL ENOJO DE EL ES POR QUE EL DESEA QUE LE DE UNA PENSION DE ALIMENTOS A SU HIJOS YA QUE DURANTE EL DIA EL LOS CUIDA, LA USUARIA DICE QUE ELLA SE HACE CARGO DE ELLOS POR LA NOCHE Y TEME QUE ALGUN DIA SE LOS LLEVE. NO DESEA DENUNCIAR LOS HECHOS DE VIOLENCIA PSICOLOGICA, DESEA PRESENTAR DEMANDA DE GUARDA Y CUSTODIA PENSION DE ALIMENTOS. TOMARA TERAPIA PSICOLOGICA",0.666666666666667,0,0,1,0,0,0
8106,"LA USUARIA MANIFIESTA QUE APROXIMADAMENTE A LAS 10:00 PM UBICADA EN EL DOMICILIO EL AGRESOR QUE ES SU CONCUBINO BAJO LOS EFECTOS DEL ALCOHOL COMENZO A DISCUTIR CON LA USUARIA POR QUE ELLA YA NO QUERIA ESTAR CON EL, EL AGRESOR DICIENDOLE "" ERES UNA PUTA "" ELLA DESEA PRESENTAR DENUNCIA DE LOS HECHOS YA QUE TEME POR SU INTEGRIDAD. NO DESEA PÁSARA A LA AREA JURIDICA YA QUE DICE QUE EL AGRESOR SI LE DA DINERO PA RA EL HIJO QUE AMBOS PROCREARON. TOMARA TERAPIA PSICOLOGICA",0,0,0,1,0,0,0
8111,"REFIERE USUARIA QUE EL DIA DE AYER APROXIMADAMENTE A LAS 23:00H RECIBIO UNA LLAMADA QUE LA PAREJA DE SU EXPAREJA ESTABA EN LA CASA QUERIENDOLA SACAR QUE PORQUE ESA CASA DE ES DE SU PAREJA Y DEMAS COSAS LA USUARIA SE DEJA IR A LA CASA Y CUANDO LLEGA LE DICEN SUS HIJOS QUE ESTAN DE VACACIONES CON SU ABUELITA QUE SU PAPA Y SU PAREJA SE PELEARON A GOLPES AFUERA DE LA CASA DE SU MAMA Y DESPUES LLEGO EL EX CUÑADO DE ELLA DICIENDOLE QUE SE SALIERA DE LA CASA Y LE AVENTO EL CELULAR LE DIJO QUE YA TENIAN EL JUEZ PARA QUITARLE LA CASA, REFIERE USUARIA QUE EL SACO LA CASA COMO SOLTERO DESPUES DE CASARSE Y AL SEPARARSE ELLA SE FUE DE LA CASA PERO DESPUES ARREGLARON LAS COSAS Y QUE EL LE DEJARIA LA CASA PARA LOS NIÑOS Y ELLA AL CONSIGUIR PAREJA SE MUDO PERO ESTABA MANTELANDO LA CASA YA QUE EL SACO TODO Y LO VENDIO Y ERAN COSAS DE ELLA Y AL VOLVER A MANTELAR EL VOLVIO A SACAR SUS COSAS, ELLA METIO A SU MAMA PARA QUE CUIDARA QUE EL NO VOLVIERA HACER LO MISMO Y SU HIJO DE LA USUARIA SE MUDO AHI PARA LA ESCUELA QUE ESTA MAS CERCA, SINEMBARGO SE SIGUE HACIENDO CARGO DE EL, SU PAPA NUNCA LES HA AYUDADADO PARA NADA EL UNICO DINERO QUE LES HA DADO SON PARA LAS DEUDAS QUE EL MISMO TENIA, PUROS PROBLEMAS LES HA CAUSADO PUES CUANDO VIVIAN CON EL EL LA GOLPEABA E INSULTABA DE VEZ EN CUANDO Y YA SEPARADOS LA AMENAZABA DE QUITARLE A SU HIJO DE QUE IBA A DESAPARECER CON EL Y CUANDO SE LLEVABA A SUS HIJOS EL A SU CASA LO ENCONTRO BORRCHO CON MAS GENTE ADULTA IGUAL DE BORRACHOS Y SUS HIJOS AFUERA Y EN UNA OCACION SU HIJO LE DIJO QUE TENIAN UN ARMA EN LA CASA POR LO CUAL LA USUARIA DESIDIO QUE LOS PODIA VER SI EL QUERIA PERO EN CASA, LLEVARSELOS YA NO PORQUE NO VEIA POR SU SEGURIDAD Y EN DICIEMPRE LA NIÑA SE ENFERMO DE GRAVEDAD Y LE PEDIA AYUDA A EL Y SOLO LE DIJO QUE ELLA SE HICIERA CARGO QUE EL NO LE IBA AYUDAR EN NADA Y COMO ES DEUDOR EL SE ESCUSA QUE DEBE PORQUE ESTA PAGANDO LA ENFERMIDAD TERMINABLE DE SU HIJA",1,0.333333333333333,1,1,0,0,0
8117,"REFIERE USUARIA QUE APROXIMADAMENTE A LAS 03:00H ELLA ESTABA EN CASA DE SU PAREJA BEBIENDO ALCOHOL CON UNAS PERSONAS QUE CONOCIO POR FACEBOOK CUANDO EMPEZARON LA DISCUTIR PORQUE EL LE DIJO QUE TUVIERAN RELACIONES SEXUALES ENTRE TODOS Y A ELLA NO LE PARECIO SE SALIO PARA TOMAR AIRE Y EL FUE DETRAS DE ELLA Y YA NO QUISO ELLA REGRESAR PORQUE SABIA QUE DISCUTIRIAN Y FUE A TOCAR LA PUERTA DE UN VECINO PARA PEDIR AYUDA AL ABRIRLE LA PUERTA SU PAREJA IBA DETRAS DE ELLA Y LA JALO A SU CASA Y LA ENCERRO ELLA LE DIJO QUE LA DEJARA SALIR QUE NO QUERIA ESTAR CON EL Y EL LA METIO AL BAÑO Y LA TOMO DE LA CABEZA Y LA EMPEZO AZOTAR EL LA PARED LE HECHO UN BOTE DE AGUA FRIA ELLA SE SALIO Y SE FUE A CAMBIAR Y CUANDO IBA SALIR EL NO LA DEJABA LA ESTRUJABA Y LE DIO CACHETADAS Y LE DIO UN PUÑETZO EN LA BOCA Y LE TUMBO UN DIENTE, EMPEZO A GRITAR POR AYUDA,UN VECINO EMPEZO A ESCUCHAR Y SE METIO A LA CASA Y LE DIJO A EL QUE SE CALMARA POR QUE LA ESTABA JALANDO DE LOS BRAZOS ELLA CORRIO A TOMAR AL MUCHACHO DEL BRAZO YA QUE EL LA JALABA PARA METERLA EL LA AYUDO Y EL AGRESOR LA SOLTO, EL MUCHCACHO LA LLEVO A SU CASA Y AHI PASO LA NOCHE, MAS TARDE VIERON QUE LA CORTINA QUE DABA A LA CALLE ESTABA EN LLAMAS AL DIA SIGUIENTE SU HERMANO PASO POR ELLA, REFIERE USUARIA QUE CASI CADA DOS SEMANAS LA GOLPEABA CADA QUE ESTABA BAJO LOS EFECTO DEL ALCOHOL, SE MOLESTABA CUNDO NO TENIAN RELACIONES SEXUALES Y DISCUTIAN POR ESO",0,1,0.333333333333333,0.666666666666667,1,0,0
8128,"USUARIA REFIERE QUE EL DIA SABADO EN LA MAÑANA LE ENCONTRO MENSAJES CON OTRA PERSONA A SU ESPOSO Y LO CORRIO DE SU CASA, ENTONCES EL EN LA NOCHE REGRESO Y LE EMPEZO A GRITAR QUE "" LE VA A PARTIR SU MADRE, HIJA DE TU PERRA MADRE"" ENTRO OTRAS OFENSAS, AVENTANDO LAS SILLAS Y LA MESA, LOS TRASTES, AMENAZANDOLA QUE SI EL SE SALE DE LA CASA LE VA A DESTRUIR TODO LO QUE TIENEN.",0,0,0.666666666666667,1,0,0,0
8141,USUARIA ACUDE A DENUNCIAR A SU EXPAREJA POR VIOLENCIA FISICA Y PSICOLOGICA,0,1,0,1,0,0,0
8145,"USUARIA REFIERE QUE EL DIA DOMINGO A LAS 4.00 AM ESTABAN EN EL DOMICLIO, ELLA SALIO DE BAÑARSE CUANDO EL EMPEZO AGRESIVO, LA EMPUJO Y CAYO AL SUELO LA JALO DEL CABELLO Y CUANDO SE LEVANTO SE FUE AL CUARTO Y AHI LA JALABA, LE PEGABA CON LA MANO ABIERTA Y LA INSULTABA. 
 MENCIONA QUE ESTABA BAJO LOS EFECTOS DEL ALCOHOL, MENCIONA QUE SE QUEDO DORMIDO Y AHI FUE QUE SALIO PARA PEDIR AYUDA A SUS VECINOS Y LE HABLARON A LA UNIDAD.",0,1,0,1,0,0,0
8155,"REFIERE USUARIA QUE ELLA SE SEPARO HACE EN EL MES DE JUNIO Y DESDE QUE SE SEPARO EL LA DEJO ENDEUDADA YA QUE SACO PRESTAMOS Y VALES EN SU NOMBRE, Y NO LE QUISO PAGAR NADA, Y DE JUNIO A FEBRERO EL NO IBA A VER A SU HIJO SOLO EN AGOSTO LE MANDO MENSAJE PARA DARLE DINERO DE LA COLEGIATURA PERO COMO SE SEPARARON POR PROBLEMAS DE VIOLENCIA LOS NIÑOS AUN NO QUERIAN VERLO, LE DA SOLO 350 POR SEMANA PERO EN DOS OCACIONES QUE EL NIÑO NO PUSO VERLO ESE DIA EL LE DIJO A LA USUARIA QUE NO LE IBA A DAR PORQUE NO FUE A VER AL NIÑO, REFIERE USUARIA QUE CUANDO LE VA A ENTREGAR AL NIÑO LE DICE QUE SI SE LO PRESTA PARA LLEVARLO DE VIAJE Y ELLA LE DICE QUE SI, QUE PASE EL VIERNES A LAS 23:00H Y ASI LO HACE PERO ELLA LE HABLA POR TELEFONO PARA SABER COMO ESTA SU HIJO Y EL LE DIJE QUE NO SE FUERON A LA CONCHA ELLA SE MOLESTA POR NO HABERLE DICHO Y EL LE RESPONDE QUE A FIN DE CUENTAS SON LOS DIAS QUE PASA CON EL QUE NI SE METIERA Y APROXIMADAMENTE A LAS 23:40 ALGUIEN DE SU TRABAJO LE DICE QUE SU TELEFONO DEL TRABAO ESTA SONANDO Y LE AVISAN QUE ERA EL PADRE DE SU HIJO ELLA SE COMUNICA CON EL Y EL LE DICE QUE EL YA SE VA QUE TUVO UN PROBLEMA MUY FUERTE CON LA PAREJA QUE EL YA SE VA A DESAPARECER DE LA VIDA DE TODOS Y LA DEL NIÑO QUE LE ENCARGABA EL NIÑO Y QUE LO CUIDARA MUCHO, QUE LE MANDABA EL CONTACTO DE LA PERSONA CON QUIEN SE LO IBA A LLEVAR, QUE MAS ADELANTE DENTRO DE 3 MESES EL BUSCARIA A SU HIJO PARA HABLAR CON EL, ELLA LE DIJO QUE SI LE PASABA ALGO A SU HIJO ELLA SE IRA SOBRES DE EL, QUE NO LE PARECIA QUE HICIERA ESO, COMO IBA A DEJAR A SU HIJO CON PERSONAS QUE HACE POCO CONOCE, QUE SE HICIERA RESPONSABLE, EL LE DIJO QUE LO QUERIAN MUCHO, SE CONTACTO CON LA SEÑORA QUIEN ES MAMA DE LA NOVIA SE SU EXPAREJA Y LE DIJO QUE SI EL NIÑO ESTABA CON ELLOS, SE LO LLEVO EL LUNES A LAS 05H, EL SE COMUNICO CON ELLA A LAS 10AM DICIENDOLE QUE SI SE LO PRESTARIA LOS FINES DE SEMANA PARA DARLE LA PENSION.",0.666666666666667,0,0,0.666666666666667,0,1,0
8168,"USUARIA REFIERE QUE TIENE 7 MESES SEPARADA Y NO LA HA DEJADO EN PAZ.
 EL MARTES A LAS 9:00 AM USUARIA ESTABA EN EL DOMCILIO Y LLEGO EL PR, ENTRO A LA FUERZA Y LE PEDIA A USAURIA QUE REGRESARA CON EL. EL PR SE MOLESTA Y LE EMPIEZA A GRITAR ""ERES UNA CUALQUIERA, DE SEGURO TIENES A OTRO HOMBRE, DEJA MI CASA"" (REFIERE QUE EL PR SE SALIO DE LA CASA PARA QUE USUARIA ESTE CON SUS HIJOS) 
 LA AGARRO DEL CUELLO Y LA APRETO LE DIJO ""TE VOY A MATAR"" EN ESO LLEGO EL HIJO DE ENMEDIO Y COMENZARON A PELEAR ENTRE ELLOS. Y LE DECIA QUE ELLA TENIA UNA AMANTE, QUE SE SALIERA DE LA CASA. REFIERE QUE EL PR CONSUME DROGAS. LA USUARIA REFIERE QUE HABLABA A UNA UNIDAD QUE NO LLEGO Y SACA SUS COSAS DEL DOMICLIO. 
 DESCONCOES SI ESTABA DROGADO PERO REFIERE QUE LE SACABA LA LENGUA Y LE HACIA GESTOS. 
 REFIERE QUE CUANDO ESTABAN JUNTOS NO LA DEJABA SALIR SIN EL. NI CON LA MAMA O ALGUN FAMILIAR. SI COMPRABA COSAS A EL LE MOLESTABA.",0,1,0.333333333333333,1,0,0.333333333333333,0
8181,LA USUARIA REFIERE QUE SU EX PAREJA FUE ACOMPAÑADA DE SU HIJA PARA IR A BUSCAR ROPA Y MIENTRAS ESO PASABA FUE A HABLAR CON SU OTRA HIJA PARA DECIRLE QUE SE LA IBAN A LLEVAR EN 3 MESES.,0,0,0,0.666666666666667,0,0.666666666666667,0
8183,"REFIERE USUARIA QUE EL DIA DE AYER APROXIMADAMENTE A LAS 20:00H ELLA IBA LLEGANDO A SU DOMICILIO Y ENCUENTRA A SU ESPOSO AHI Y EL LE EMPIEZA A DECIR QUE PORQUE ELLA TENIA FOTOS PORNOGRAFICAS EN SU CUENTA DE TWITER Y QUE ES ELLA, USUARIA NO TIENE CUENTA EN ESA RED SOCIAL, LE DIJO QUE AHI ESTABAN LAS PRUEBAS DE QUE ELLA ERA UNA PUTA, QUE YA SE HABIA METIDO CON TODOS EN SUTRABAJO Y QUE ELLOS LE PAGABAN EL HOTEL Y LA ROPA QUE EL USABA, LE ENVIO LAS FOTOS A SU WHATAPP Y LE DIJO QUE LAS MIRARA QUE YA TENIA LAS PRUEBAS, Y ELLA LAS VE Y ERAN FOTOS TOTALMENTE FALSAS, EL DIJO QUE TENIA ESOS CALZONES Y QUE EL PELO SE LE PARECIA ENTONCES QUE SI ERA ELLA, LUEGO SU HIJA LE DIJO QUE EL TENIA EL CELULAR QUE EL LE HABIA DADO Y QUE TENIA LA PAPELERA LLENA DE FOTOS Y VIDEOS PORNOGRAFICOS EL SE QUEDO CALLADO, ELLA LE DIJO QUE YA NO IBA A ESTAR AGUANTANDO ESO, LE HABLO A SU PRIMA PARA QUE FUERAN POR ELLA Y EL NO DIJO ABSOLUTAMENTE NADA PERO EL DIA DE HOY A LAS 05:00H LE ENVIO MAS FOTOS Y LE DICE QUE VALLAN HACER LAS COSAS SIN PELEAR Y QUE QUERIA HABLAR CON ELLA QUE MEJOR NO PONGA LA DENUNCIA QUE TANTO DICE, ELLA LE CONTESTO QUE YA NO LE INTERESABA HABLAR CON EL 
 MENSIONA QUE YA HABIAN TENIDO PROBLEMAS PARECIDOS ANTERIORMENTE DICIENDOLE QUE ELLA TENIA PERFILES FALSOS EN FACE Y QUE SE METIO CON LOS CUÑADOS ESPOSOS DE SUS HERMANAS Y QUE TAMBIEN USABA LOS PERFILES DE SUS HIJAS PARA TENER MAS HOMBRES, POR ESO ELLA DEJO DE USUAR FECEBOOK, Y CON ANTERIORIDAD LE DECIA QUE TUVIERAN UN TRIO Y ELLA NO ACCEDIO, DESDE EL AHI EMPEZO A CAMBIAR, LE DECIA QUE SI PASABA UN VECINO ELLA SE AGACHABA PARA QUE LE VIERAN LAS NALGAS YA NO PODIA NI SALUDFAR ALGUN HOMBRE PORQUE EL SE MOLESTABA, ELLA PIENSA QUE SE ESTA VOLVIENDO A DROGAR POR LOS CAMBIOS QUE VIO TANTO FISICOS COMO MENTALES",0,0,0,1,0.666666666666667,0.333333333333333,0
8184,"REFIERE USUARIA QUE CON SU PAREJA TENIAN MUCHOS AÑOS PERO NUNCA FUERON ESTABLES POR QUE EL SE DROGABA Y SIEMPRE QUE SE PELEABAN ELLA LO BUSCABA PERO EN UNA OCACION EL LE MANDO UN MENSAJE DICIENDOLE QUE ERA UNA PUTA Y DEMAS INSULTOS ELLA NO LE CONTESTO PERO TIEMPO DESPUES LA BUSCO Y LE DIJO QUE VOLVIERAN Y ELLA LE DIJO QUE NO PORQUE EL NUNCA LE HABIA DICHO ESAS COSAS, QUE ELLA NO ESTABA IMPUESTA A ESOS TRATOS, EL LE SEGUIA BUSCANDO Y LA EMPEZABA A CELAR CON SU EXPAREJA DE ELLA PORQUE TRABAJA PARA EL PERO EL YA LO SABIA Y LE DICE QUE EL BUSCA Y QUIERE MAS CON ELLA PERO TODAS SUS PLATICAS HAN SIDO DEL TRABAJO, LE DIJO QUE ELLA YA NO IBAN A VOLVER A ESTAR JUNTOS POR ESOS MENSAJES QUE MEJOR LA DEJARA DE MOLESTAR, Y AUN ASI IBA A SU CASA A MOLESTAR Y HACER ESCANDALO DE CELOS Y DECIR QUE EL ERA SU PAREJA, QUE ELLA ERA DE EL, FRENTE A SUS HIJOS Y SU JEFE, LE MANDABA MENSAJES DICIENDOLE QUE YA VA PARA SU CASA AUN QUE NO LLEGA, MAS LLAMADAS, ELLA YA LO BLOQUEO DE TODOS LADOS PERO AUN ASI LE SIGUE LLAMANDO",0,0,0,1,0,0,0
8197,"A LAS 9:30 SU EX-PAREJA LE ENVIO EL MENSAJE DICIENDOLE ´´CHINGA A TU PUTA MADRE´´ ´´NI SABES PERRA´´ ´´NOMAS PONTE LISTA PERRA NI SABES´´. LE MENCIONO A SUS HIJOS ´´LARGUENCE PINCHES PERROS YA NO LOS QUIERO AQUI, VAYANSE CON ESA PUTA QUE TIENEN COMO MAMA´´",0,0,0,1,0,0,0
8199,"LA USUARIA DICE QUE HACE UN MES Y MEDIO APROXIMADAMENTE A LAS 7:00 PM (NO RECUERDA LA FECHA EXACTA) UBICADA EN EL DOMICILIO. EL AGRESOR QUE ES SU EXPAREJA LE MANDO UN MENSAJE A LA USUARIA DICIENDOLE "" TE VOY A QUITAR A TU HIJO Y TE VOY A CHINGAR , NO TE CONFIES NADIE TE VA A AYUDAR"" LA USUARIA TEME POR SU INTEGRIDAD Y DESEA PRESENTAR DENUNCIA ENCONTRA DEL AGRESOR . SE LE EXPLICA EL PROCEDIMIENTO PENAL, PERO ELLA DESEA PASARA HABLAR CON UN AGENTE DEL MP. LA USUARIA PASARA A LA AREA JURIDICA PARA DEMANDA DE GUARDA Y CUSTODIA YA QUE DICE QUE EL CONSTANTEMETE AMENAZA CON QUITARLE AL MENOR QUE AMBOS PROCREARON, DICE QUE LE DA 2500 PESOS QUINCENALES . TOMARA TERAPIA PSICOLOGICA GRUPAL",0,0,0,1,0,0.666666666666667,0
8208,"LA USUARIA MANIFIESTA QUE EL DIA AYER, SIENDO LAS 10 DE LA MAÑANA, QUE EL CONVINO EN EL DOMICILIO LE SACO SUS COSAS A LA CALLE Y LA CORRIO DE DONDE VIVE YA QUE COMO LLEVAN 23 AÑOS DE ESTAR JUNTOS PERO NO LO ESTAN, ENTONCES LA USUARIA QUIERE SOLICITAR SI SE PUEDE UNA PENSION ALIMENTICIA YA QUE TIENE CANCER Y NO PUEDE TRABAJAR Y YA NO HA TRABAJADO APARTE DE QUE TAMBIEN SUFRIO TAMBIEN AGRESION AL DECIRLE ES MEJOR MANDARTE A MATAR QUE A MANTENERTE.",0.666666666666667,0,0.333333333333333,1,0,0,0
8213,"US. REFIERE QUE APROXIMADAMENTE A LAS 7:10 P.M. SU PAREJA VIA TELEFONICA DICIENDOLE; QUE SE REGRESARA CON TODAS SUS GARRAS, PINCHE VIEJA CULERA, A MI ME VALEN LOS LICENCIADOS, ERES UNA PENDEJA, CHINGA TU MANDRE, AMENAZA CON QUITARLE A SUS HIJOS. 
 REFIERE QUE APROXIMADAMADAMENTE A LAS 2:30 P.M. SU PAREJA LA AGREDIO, LA JALO DEL CABELLO, LA COMENZO A AHORCAR, LE DIO UN PUÑETAZO EN EL VIENTRE Y EN LA MANDIBULA, DESPEGANDOLE LOS BRACKETS. APROX, HACE UN MES SU ESPOSO LA FORSEJEO TOMANDOLA DE LAS MANOS, AVENTANDOLA AL SILLON.",0,1,0.333333333333333,1,0,0.333333333333333,0
8214,"REFIERE USUARIA QUE APROXIMADFAMENTE A LAS 23:00H ELLA ESTABA EN SU DOMICILIO CONYUGAL Y EMPEZARON A DISCUTIR POR LAS LLAVES DE LA CAMIONETA YA QUE CADA QUIEN TRAE UNAS LLAVES PERO TIENEN COPAS Y EL LE DECIA QUE ELLA LAS HABIA PERDIDO PERO LUEGO ELLA REVISO SU CARTERA Y AHI TENIA TODAS LAS LLAVES DE REPUESTO, ELLA LE DICE SABES QUE YA NO VAMOS A ESTAR BIEN QUISO MARCARLE A SU HERMANO Y EL QUITO EL CELULAR Y LA TIRA AL SILLON Y LE PONE SU RODRILLA EN EL SUELO, ELLA RESPIRABA CON DIFICULTAD PERO AUN ASI FORSEJEABA CON EL PARA QUE LA SOLTARA Y SU HIJO DE 9 AÑOS VIO Y EMPEZO A LLORAR Y DECIRLE A SU PAPA QUE LA DEJE EN PAZ ELLA CAMINO HACIA LA COSINA Y VIO UN CUCHILLO Y LO TOMO PARA QUITARLO DE LA VISTA TEMIENDO QUE SE LO FUERA A ENCAJAR EL A ELLA Y EL AL VER ESO LE DICE ANDALE YA ES LO UNICO QUE TE FALTA, LE RESPONDE ELLA QUE NO ES COMO EL, Y EL LA TOMA POR LA ESPALDA Y LA TIRA AL SUELO, SE SUBE ARRIBA DE ELLA Y LA INMOVILIZA CON SUS RODILLAS EN LOS BRAOS, LE TOMA LA CABEZA Y LA EMPIEZA A REBOTAR EN EL SUELO, LOS NIÑOS QUIEREN QUITARLO DE ENCIMA PUES YA LO HABIAN LEVANTADO, EL NIÑO SALIO CORRIENDO GRITANDO QUE PORQUE LE HABIA TOCADO ESE PAPA Y ABRE LA PUERTA Y GRITA Y UNA MUJER SE ACERCA A DECIRLE QUE EN QUE LA AYUDABA EN ESO EL AGRESOR SALE TRAS SU HIJO Y LE DICE NO NADA, NO PASA NADA, EL ABRAZA A LOS NIÑOS Y LE DICE ""VEZ LO QUE PROBOCAS, HACES QUE LOS NIÑOS VEAN ESAS COSAS, YO NO TE HICE NADA, SOLAMENTE TE DETUVE"" ELLA LE DICE QUE DE QUE? EL NIÑO TOMA EL TELEFONO DE LA USUARIA Y LE HABLA A SU HERMANA, LLEGA EN 15 MIN Y EL LE ESTA ROGANDO QUE LO PERDONE, QUE ELLA HABIA TENIDO LA CULPA LA HERMANA SOLO SE LLEVO AL NIÑO YA QUE USUARIA CONVENSIO A SUS HIJOS DE QUEDARSE CON ELLA, PERO AL DIA SIGUIENTE EL SE FUE A TRABAJAR Y ELLA TOMO SUS COSAS Y DE SUS HIJOS Y SE FUE A CASA DE MAMA",0,1,0.666666666666667,1,0,0.333333333333333,0
8223,"LA USUARIA MANIFIESTA QUE APROXIMADAMENTE A LAS 7:30 PM UBICADA EN EL DOMICILIO EL AGRESOR QUE ES SU EXPAREJA ARRIBO AL DOMICILIO PARA DECIRLE QUE SE SALIERA DE LA CASA QUE AMBOS CONSTRUYERON DENTRO DEL MATRIMONIO LLEGO GRITANDOLE A LA USUARIA "" PINCHE PUTA"" LA USUARIA DESEA PRESENTAR DENUNCIA DE LOS HECHOS, DICE QUE ACTULAMENTE YA ESTA DIVORCIADA Y VA A VER LO DE LA LIQUIDACION DE SOCIEDAD CONYUGAL EN EL PALACIO DE JUSTICIA POR QUE EL AGRESOR DESEA TRAPASAR LA PROPIEDAD. TOMARA TERAPIA PSICOLOGICA GRUPAL",0,0,0.333333333333333,0.666666666666667,0,0,0
8225,"USUARIA REFIERE QUE EL DOMINGO A LAS 3:00 LE HABLO EL PR LE DIJO QUE SALIERA DE LA CASA, LE DIO UN MES Y MEDIO (ANTERIORMENTE) Y AL FINAL SOLO LE DIO 3 DIAS, LE DIJO QUE YA NO PODIA ENTRAR QUE HABIA CAMBIADO LA CHAPA. EL LUNES QUE ELLA ACUDE PARA SACAR SUS COSAS (YA QUE SE TUVO QUE QUEDAR EN CASA DE UNA HERMANA) CUANDO LLEGO POR SUS COSAS PARA SALIRSE NO LA DEJO SACAR LA PAPELRIA Y SOLO ALGUNOS MUEBLES PERO NO PAPELERIA.
 Y EL PR LE DICE ""ERES UNA PUTA, DEJAME A LOS NIÑOS PORQUE TU NO TE VAS A PODER HACER RESPONSABLE DE ELLOS Y HABER A DONDE TE VAS A IR A VIVIR"" REFIERE QUE LA EMPUJO Y SE CALLO CONTRA EL PISO Y SE PEGO EN LAS RODILLAS. (LA HIJA DE ENMEDIO Y EL NIÑO MAS CHICO VIERON ESO). (REFIERE QUE VA BUSCAR SI TIENE FOTO DEL MORETON QUE LE SALIO EN LAS RODILLAS. TIENEN 5 MESES SEPARADOS.) 
 2 DIAS DESPUES (APORX) LE MANDO MENSAJES POR WHATSAPP DICIENDO ""TU YA VAS PARA EL PANTEON"" REFIERE QUE TRAE CAPTURAS DE LAS CONVERSACIONES. 
  ""YA NADA DE ESO LO TENGO EN LA CASA, SACALOS TODOS NUEVOS. "" - CONTESTO CUANDO LA USAURIA LE DIJO QUE LE REGRESARA SUS COSAS. 
 LA PAPELRIA QUE TIENE EL PR ES: ACTA DE NACIEMINTO, DOCUMENTOS DE LA ESCUELA, Y DOCUMENTOS DE LOS MENORES. 
 REFIERE QUE TIENE AUN MUEBLES AHI EN CASA DE EL, PERO NO TIENE MANERA DE COMPROBAR QUE SON DE ELLA.",0,1,1,1,0,0,0
8239,"USUARIA REFIER QUE EL SABADO A LAS 8:30 PM APROX ESTABA LA USUARIA EN SU CASA Y EL LLEGO AL DOMICILIO GRITANDOLE QUE SALIERA, LE DIJO ""NO TE QUIERO VER EN EL BAILE, SI NO VA PASAR HASTA LO QUE NO"" SE ARRIMABA CON LA USUARIA Y MENCIONA USUARIA QUE PARECE QUE TRAIA NAVAJA. LA USUARIA SE METE Y EL PR LE SIGUE TOCANDO LA PUERTA.  REFEIRE QUE LE HABLO AL CUÑADO PARA QUE LE AYUDE. MENCIONA QUE EL PR LE DECIA ""ATENTE A TODO, NO VOY AGUANTAR QUE ME HAGAS LO QUE YO TE HICE"" (UNA INFIDELIDAD) ""NO VA SER EL PRIMER CASO QUE PASARA"" (REFIRIENDOSE A UN FEMINICIDIO) 
REFIERE QUE TIENE 9 MESES SEPARADA DE EL.",0,0.333333333333333,0,1,0,0,0
8247,"LA USUARIA MANIFIESTA QUE SIENDO LAS 6:00 DE LA TARDE , PASO CONVENIO DEL DIF QUE NO RESPETA, YA QUE CUANDO LA TENIA QUE ENTREGAR NO LO HIZO LA USUARIA TUVO QUE MARCAR A UNA UNIDAD LA CUAL LE DIJO QUE PODIAN IR POR LA MENOR PERO AL ULTIMO NO QUIZO ASI QUE ESPERO QUE LE ENTREGARA A LA NIÑA EL DIA DE AYER A LAS 6 DE LA TARDE LA NIÑA TUVO QUE SER ENTRGADA EL DOMINGO A MEDIA TARDE LO CUAL NO PASO, Y ENTONCES LA USUARIA LE DIJO QUE ESTA BIEN PERO TAMBIEN QUERIA LA PENSION A TIEMPO LO CUAL HIZO QUE EL PAPA DE LA NIÑA LE DIJIERA QUE NO ENTONCES LA USUARIA LE DIJO QUE SE LA IBA A ENTREGAR A LA HORA QUE ELLA QUISIERA LO CUAL HIZO QUE LE DIJIERA QUE VA A PONER UNA DEMANDA PARA QUE LE SEDA LOS DERECHOS A SU MAMA, ELLA PIDE DE SU AYUDA PARA LA PENSION ALIMENTICIA Y GUARDIA Y CUSTODIA. LOS HECHOS OCURRIERON EN EL EJIDO ENTRE LA ESCUELA Y EL KINDER.",1,0,0,0.666666666666667,0,1,0
8250,"US REFIERE QUE EL DIA MARTES DEL PRESENTE AÑO, SU ESPOSO  LA INSULTO ANDALE PUTA , QUE ESPERAS O TE METO AL CARRO DE LAS GREÑAS, TE TRAJE LA COCA PARA QUE LA COMPARTES CON TU MARIDO REFIERE QUE LOS HECHOS OCURRIERON EN SU TRABAJO DELANTE DE TODOS, REFIERE QUE ELLA SE METE AL TRABAJO Y EL SE FUE.
COMENTA QUE EL DIA LUNES, LA INSULTO PUTA MIERDA, YO SIEMPRE ALMUERZO SOLO COMO UN PERRO, VETE CON TU QUERIDO TOMANDOLA DEL CUELLO, ELLA SE LOGRA SAFAR , REFIERE QUE LA AMENAZO QUE SI EL FUERA OTRO AGARRARIA EL CUCHILLO, CON GANAS DE AVENTARTE LA CACEROLA CON EL ACEITE",0,1,0,1,0,0,0
8254,"LA USUARIA DICE QUE APROXIMADAMENTE A LAS 09:00 PM UBICADA EN EL DOMICILIO EL AGRESOR QUE ES SU HIJO BAJO LOS EFECTOS DEL ALCOHOL ESTABA CON LA USUARIA Y COMENZO A PONERSE VIOLENTO (YA QUE DICE LA USUARIA QUE EL SE PONE AGRESIVO A CONSECUENCIA DE LA DROGA Y ALCOHOL ) ESE DIA EL AGRESOR LE AVENTO LA ESCOBA A LA USUARIA (SIN DARLE) Y GRITANDO EN  EL PATIO DE LA PROPIEDAD ""ERES UNA PERRA PUTA "" ELLA  NO DESEA PRESENTAR DENUNCIA DE LOS HECHOS, DICE QUE SU ESPOSO FUE A LA FISCALIA DEL ESTADO Y LLEGARAN A UNA CONCILIACION. Y COMO VEA EL PROCESO DE SU HIJO ELLA DESIDE SI MAS ADELANTE PRESENTA DENUNCIA. TOMARA TERAPIA PSICOLOGICA GRUPAL",0,0.666666666666667,0.333333333333333,1,0,0,0
8263,"REFIERE USUARIA QUE EL DIA DE AYER MARTES A LAS 13:30 HRS DE LA TARDE ELLA SE ENCONTRABA EN  EL CAMION SALIENDO DE SU TRABAJO, CUANDO SU EX LE EMPEZO A MANDAR MENSAJES DICIENDOLE QUE SE DEJARA DE FREGADERAS QUE ALCABO LA ESTABA HACIENDO BRILAR Y PAGANDO LA LUZ , YO NO TENGO PORQUE MANTENER VICIOSOS INCLUYENDO A TI, Y SE METIO AL CUARTO DE LA USUARIA Y SE METIO A SU CUARTO, ELLA DESEA PRESENTAR  DENUNCIA ANTE MINISTERIO PUBLICO.",0.333333333333333,0,0.333333333333333,1,0,0,0
8266,"EL SABADO A LAS 4 O 5 P.M. EL PR FUE A SU DOMICILIO, PORQUE LE HABIA VISTO UNA MARCA EN EL CUELLO Y MOLESTO FUE A RECLAMARLE ¿QUIEN TE HIZO ESO? ERES UNA PUTA, UNA MIERDA, HIJA DE TU PINCHE MADRE, VALES PURA MADRE. LA ESTRUJO LA USUARIA TRATO DE IRSE A ESCONDER A LA VUELTA DE LA CASA Y DICE QUE EL HIJO LE DIJO QUE NO FUERA , PORQUE EL PR ESTABA EN DOMICILIO TIRANDO SU BOLSA, CARTERA. US, SE REGRESO Y REFIERE QUE LO ENFRENTA Y EL PR SE LE VA ENCIMA, LA AVENTO DOS VECES CONTRA CONTRA LA MESA, LA ESTRUJABA Y LA TOMO DEL CUELLO, DE LOS HOMBROS Y LA AVENTABA. EL DOMINGO 4 O 3 P.M. US REGRESO DE LA TIENDA EL PR VIVE EN LA ESQUINA Y VE A LA US, LA PERSIGUE, LLEGANDO A LA PUERTA LA TRATA DE GOLPEAR CON EL PUÑO CERRADO LA US SE AGACHA Y LE PEGO A LA PUERTA EN VEZ DE A ELLA, US REFIERE QUE TRATA DE FORCEAR LA PUERTA, ''TE VOY A MATAR'' LE GRITO'' (MENCIONA QUE SUS HIJOS TRATABAN DE IMPEDIR QUE EL PR ENTRATARA Y AVENTO AL MAS CHICO). SE FUE Y REGRESO A GRITAR ERES UNA PUTA (LO MISMO QUE LA VEZ PASADA) . LLEGO LA HERMANA DE LA US, Y SE LLEVO A LA US CON SU MAMA. POR LLAMADA A LA HERMANA DE LA US. LA AMENAZA DE MUERTE.",0,1,0.666666666666667,1,0,0.666666666666667,0
8269,"EL DIA DE HOY A LAS 14:00 PM APROX LA USUARIA ESTABA EN SU DOMICILIO ACOSTADA, EL PR LE COMIENZA A DECIR ""NOMAS TE LA PASAS EN EL TELEFONO, DE SEGUIR HABLAS CON HOMBRES Y TIENES A UNA PERSONA, POR ESO YA NO ME HABLAS A MI,"" (LA CASA ES DE LOS PAPAS DE LA USAURIA) ""NOMAS PIENSAS EN TI, ERES UNA PUTA, TU BUSCAS A LOS HOMBRES, ERES UNA FACIL,"" LE PEGO EN LA ESPALDA CON LA ESCOBA, LA EMPUJO CON SU PROPIO CUERPO
LA GOLPEO EN LA CABEZA Y CUANDO LA QUISO VOLVER A AGREDIR INTERVINO LA MAMA. Y SOLICITO LA SEÑORA LA UNIDAD Y SE LO LLEVAN DETENIDO.  LE AVENTO SUS TENIS Y LE QUITO EL TELEFONO, PERO LA MAMA SE LO QUITO AL PR  SE LO DEVOLVIO A LA USAURIA. 
REFIERE QUE LE PROHIBE TRABAJAR, LA AMENAZABA ""POR MI CUENTA CORRE QUE NO VAS A IR A TRABAJAR Y A VER COMO LE HAGO PERO NO VAS A IR A TRABAJAR""",1,1,0.666666666666667,1,0,0,0
8273,"LA USUARIA MANIFIESTA QUE APROXIMADAMENTE A LAS 01:40 PM UBICADA EN LA CARRETERA EL AGRESOR QUE ES SU ESPOSO ARRIBO DONDE ESTABA LA USUARIA, DICIENDOLE ""ERES UNA PENDEJA MUERTA DE HAMBRE DONDE ESTA EL DINERO  ES  DONDE PERTENECES EN LA CALLE NO TE QUIERO Y LARGATE"" EMPUJANDOLA PARA EL SUBIRSE AL CARRO  LA USUARIA LLAMO AL DSPM, Y SE ENCUENTRA  DETENIDO EN ESTE CENTRO. ELLA DESEA PRESENTAR DENUNCI A DE LOS HECHOS. DEMANDA DE DIVORCIO Y TERAPIA PSICOLOGICA GRUPAL",0.333333333333333,0.666666666666667,0,0.666666666666667,0,0,0
8276,"USUARIA REFIERE QUE EL DIA DE AYER SU EX PAREJA FUE A SU CASA PORQUE QUERIA VER A SU HIJA YA QUE TENIA 4 MESES QUE NO LA VEIA, LA AMENAZA QUE LA VAN A DETENER, QUE EL DARIA SUS PLACAS A LA POLICIA, PORQUE EL TIENE DERECHOS DE VER A SU HIJA Y CONSEGUIRIA UN ABOGADO PARA PODER VER A  LA MENOR.",0,0,0,1,0,0.333333333333333,0
8280,"LA USUARIA MANIFIESTA QUE APROXIMADAMENTE  ALAS 11:00 AM UBICADA EN EL DOMICILIO EL AGRESOR QUE ES SU ESPOSO LE REALIZO UNA LLAMADA A LA USUARIA PARA RECLAMARLE DE UN DINERO YA QUE DICE LA USUARIA QUE ENCONTRO UN RECIBO DE PAGO DE EL DONDE GANA BASTANTE Y SIMPRE LA ANDA LIMITANDO DE DINERO, DICE LA USAURIA QUE EN LA LLAMADA EL LE DECIA "" CHINGA TU MADRE NO SIRVES PARA NADA VIEJA CULERA"" ELLA NO DESEA PRESENTAR DENUNCIA DE LOS HECHOS. PASARA A LA AREA JURIDICA PARA LA DEMANDA DE PENSION DE ALIMENTO PARA ELLA Y SU HIJA MENOR DE EDAD YA QUE DICE QUE ESTAN CASADOS POR BIENES MANCUMUNADOS Y NUNCA HA COTIZADO AL SEGURO. TOMARA TERAPIA PSICOLOGICA GRUPAL",0.666666666666667,0.333333333333333,0,1,0,0,0
8281,"REFIERE USUARIA QUE APROXIMADAMENTE A LAS 00:00H ELLA LLEGO A SU DOMICILIO LA LLEVO UN AMIGO DE ELLA Y AL LLEGAR ESTABA ENFRENTE DE SU CASA EN UNA PLAZA SU EX ESPOSO Y DICIENDOLE ""OTRO NOVIO, OTRO"" ELLA SE ASUSTO Y LE DIJO QUE ERA UN AMIGO, EL EMPEZO A GRITARLE A SU AMIGO ""QUE"" Y ELLA LE DIJO A SU AMIGO QUE SE FUERA Y ELLA SE QUISO METER A SU DOMICILIO Y EL SE ATRAVEZO EN LA PUERTA Y NO LA DEJABA ENTRAR ELLA EMPEZO A GRITARLE A SU HIJO DE 18 AÑOS Y AL VER QUE SU HIJO SALIO LA DEJO ENTRAR ELLA LE CERRO PERO POR EL BARANDAL LE TOMO UNA FOTO DONDE EL SE QUEDO SENTADO EN LA PLAZA Y CUANDO EL VIO ESO SE ACERCO Y LE DIJO QUE PORQUE LE HABIA TOMADO UNA FOTO Y ELLA LE DIJO QUE PARA COMPROVAR QUE EL LA VIGILABA SIEMPRE FRENTE A SU CASA, QUE LA HOSTIGABA, Y NO LA DEJABA TRANQUILA, CON QUIEN ELLA ANDE SIEMPRE LA ESTA AMENAZANDO A ELLA CON LA PERSONA QUE ESTE, SE SIENTE ABRUMADA POR EL, EL SOLO SE FUE DE AHI, PERO NO ES LA PRIMERA VEZ QUE LO HACE, Y YA HA AMENAZADO A SUS AMIGOS, LES RAYO EL CARRO, A LA USARIA LA INSULTA DICIENDOLE ""PUTA""  LA AMENAZA QUE DEJA SOLA A SUS HIJOS CUANDO ELLOS YA ESTAN GRANDES Y REALMENTE NO LOS DEJA NUNCA, EL LA QUIERE TENER CONTROLADA Y SUPER VIGILADA, LA SIGUE A DONDE VALLA ELLA Y SE HACE NOTAR POR QUE SI VA EN CARRO EL LA SIGUE Y LA ARREBASA PARA QUE SEPA QUE EL ESTA SIGUINDOLA",0,0,0.666666666666667,1,0,0.333333333333333,0
8288,"LA USUARIA MANIFIESTA QUE APROXIMADAMENTE A LAS 08:00 AM UBICADA EN EL DOMICILIO EL AGRESOR QUE ES SU ESPOSO ESTABA CON LA USUARIA RECLAMANDOLE EL POR QUE SE HABIA IDO EL DIA DE AYER CON SU TIA Y MOLESTO COMENZO A DECIRLE "" ERES UNA PUTA VALES PURA VERGA"" ELLA DESEA PRESENTAR DENUNCIA DE LOS HECHOS. DEMANDA DE DIVORCIO PENSION DE ALIMENTOS GUARDA Y CUSTODIA . TOMARA TERAPIA PSICOLOGICA",0.333333333333333,0,0,1,0,0,0
8293,"LA USUARIA MANFIESTA QUE APROXIMADAMENTE A LAS 06:05 PM UBICADA EN EL DOMICILIO, EL AGRESOR QUE  ES SU HIJO ENTRO A LA CASA DE LA USUARIA DOBLANDO LA REJA DE LA VENTANA PARA PODER INGRESAR Y QUITANDO UN BLOCK, DICE LA USUARIA QUE ENTRO A LA PROPIEDAD DE ELLA SIN NINGUN PERMISO DE ELLA, POSTERIORMENTE LA USUARIA LE RECLAMO Y EL DICIELE A LA USUARIA "" POR TU CULPA ANDO EN LA CALLE POR TU CULPA PERDI A MI FAMILIA "" LA USUARIA LLAMO AL DSPM, PERO NUNCA FUERON LA OPERADORA LE DIO EL NUMERO. DESEA PRESENTAR DENUNCIA DE LOS HECHOS . TOMARA TERAPIA PSICOLOGICA",0,0,0.333333333333333,0.666666666666667,0,0,0
8304,"USUARIA MANIEFIESTA QUE EN SU TRABAJO Y EN HORARIO LABORAL EN COLEGIO, ALUMNOS DE PREPARATORIA LA AGREDIERON VERBALMENTE Y LA AMENAZARON CON AGREDIRLA FISICAMENTE COMENTA QUE LOS ALUMNOS CONSTANTEMENTE LE INSINUAN COSAS SEXUALES Y QUE SIEMPRE LE AGREDEN VERBALMENTE SIN QUE LAS AUTORIDADES DEL MENCIONADO COLEGIO HAGAN ALGO POR SOLUCIONARLO YA QUE SON ALUMNOS DE LA INSTITUCION.",0,0.333333333333333,0,1,1,0,0
8305,"LA USUARIA MANIFIESTA QUE EL DÍA DE AYER A LAS 14 HORAS, DENTRO DEL DOMICILIO CONYUGAL, TUVO UNA DISCUSIÓN CON SU ESPOSO DADO QUE ELLA YA INICIÓ SU DIVORCIO CON ABOGADO PARTICULAR,  Y ÉL NO SE QUIERE SEPARAR, LE PIDE OTRA OPORTUNIDAD, ANTE LA NEGATIVA DE LA USUARIA ÉL SE ENOJÓ, Y POSTERIORMENTE LA ESTRUJÓ, ESTO FRENTE A SUS MENORES HIJOS, LUEGO LE DIJO QUE CUANDO A ÉL LE NOTIFIQUEN EL DIVORCIO, VA A LLORAR LAGRIMAS DE SANGRE. LA USUARIA COMENTA QUE SU ABOGADO LE DIJO QUE PUEDEN PASAR HASTA 2 MESES PARA QUE A ÉL LE NOTIFIQUEN, LE DIJO QUE DENUNCIARA EL HECHO PARA QUE A ÉL LO SACARAN DE LA CASA MIENTRAS SALÍA EL DIVORCIO, PERO NO LE HABLÓ DE LAS MEDIDAS CAUTELARES POR LA VÍA FAMILIAR, ´POR TANTO TAMBIÉN SE CANALIZA PARA UNA COMPLETA ASESORÍA JURIDICA.",0,1,0,0.666666666666667,0,0,0
8326,"LA USUARIA MANIFIESTA QUE HACE DOS SEMANAS POR LA NOCHE UBICADA EN EL DOMICILIO EL AGRESOR QUE ES SU ESPOSO, COMENZO A PELEAR CON LA USUARIA DICIENDOLE "" PUTA"" ELLA DICE QUE TIENE UN PROBLEMA DE CONDUCTA DESDE HACE TRES SEMANAS, ELLA AUN NO DESEA PRESENTAR DENUNCIA DE LOS HECHOS NI DESEA PASAR A LA AREA JURIDICA PARA LA DEMANDA DE DIVORCIO, TOMARA TERAPIA PSICOLOGICA GRUPAL",0,0,0,1,0,0,0
8329,"LA USUARIA REFIERE QUE SU PAREJA EMPEZO A OFENDERLA DICIENDO ""ME VALE VERGA"", ""VALES MADRE"", ENTRE OTRAS COSAS.
 ADEMAS COMENTA QUE AL QUERER LLEVARSELA A SAN PEDRO TRATO DE GOLPEAR A SU HIJA CON UN ASADON. 
EN UNA OCASION AMENAZO CON UN CUCHILLO DICIENDOLE QUE DE SEGURO TIENE A OTROS AMANTES Y LE PREOCUPA LA SITUACION A SUS HIJOS PORQUE LA USUARIA NO PUEDE CAMINAR BIEN POR LO QUE SERIA MAS COMPLICADO DEFENDERSE.",0,0.666666666666667,0,1,0,1,0
8332,"LA USUARIA MANIFIESTA QUE EL DÍA DE AYER A LAS 23:30 HORAS, DENTRO DE SU DOMICILIO LLEGÓ SU EX ESPOSO A LA CASA, MOLESTO PORQUE SU MENOR HIJA ESTABA EN CASA DE LA ABUELA DE LA MENOR, ÉL LE RECLAMÓ Y LE QUITÓ EL CELULAR. LA USUARIA LO SIGUE, ÉL SE SUBE A SU VEHÍCULO Y ARRANCA, LA USUARIA OPTA POR DEJARLO IR. DESEA DENUNCIAR EL HECHO.",0,0,1,1,0,0,0
8352,"REFIERE USUARIA QUE A LAS 18:00 HRS DE LA TARDE , ELLA SE ENCONTRABA EN CASA DE SU MAMA , CUANDO LLEGO SU EX PAREJA Y EL LE DIJO QUE SI IBA A VOLVER CON ELLA, COMENZARON A  DISCUTIR, Y ELLA L DIJO QUE PORQUE NO CAMBIABA, ELLA LE SACO SUS COSAS Y EL LE DIJO QUE PORQUE SE REIA Y EL EMPEZO A PATEAR LA PUERTA DE LA ENTRADA ELLA LE DIJO QUE SE FUERA Y SALIO LA MAMA DE LA USUARIA MOLESTA , Y EN ESO UN AMIGO QUE LO ACOMPAÑABA LO SUBIO AL CARRO Y EL QUEBRO UNA MACETA DE LA MAMA DE LA USUARIA, ELLA NO MARCO A LA POLICIA, DESEA PRESENTAR DENUNCIA ANTE MINISTERIO PUBLICO.",0,0,1,1,0,0,0
8355,"LA USUARIA MANIFIESTA QUE EN DICIEMBRE APROXIMADAMENTE A LAS 6:30 AM UBICADA EN EL DOMICILIO EL AGRESOR QUE ES YERNO ARRIBO AL DOMICILIO PARA DECIRLE "" VIEJA HIJA DE LA CHINGADA OJALA QUE CUANDO TE MUERAS TE VAYAS AL INFIERNO""ELLA NO DESEA PRESENTAR DENUNCIA DE LOS HECHOS. PASARA A LA AREA JURIDICA PARA LA GUARDA Y CUSTODIA DE SUS NIETOS YA QUE DICE QUE EL AGRESOR ES UNA PERSONA DROGADICTA QUE CONSUME CRISTAL ENFRENTE DE SU NIETOS AL IGUAL QUE LA HIJA DE LA USUARIA MADRE DE LOS MENORES, PASARA A TOMAR TERAPIA PSICOLOGICA GRUPAL",0,0,0,1,0,0,0
8359,LA USUARIA REFIERE QUE SU EX PAREJA FUE AL DOMICILIO A HACER DESASTRE EN LA CASA CUANDO AL LLEGAR LE DIO UNA CACHETADA A LA USUARIA ADEMAS COMENTA QUE AL ENTRAR SE DIO CUENTA QUE ROMPIO COSAS Y QUE  LE ROBO ALGUNAS PERTENENCIAS.,0,1,0.666666666666667,0.333333333333333,0,0,0
8365,"LA USUARIA MANIFIESTA QUE A LO LARGO DE SU MATRIMONIO; SE HA VISTO AFECTADA EN MÚLTIPLES FORMAS POR UN ESPOSO NARCISISTA, MANIPULADOR, Y POCO AFECTIVO HACIA SU PAREJA. EL AGRESOR, DESDE UN INICIO, INTENTÓ DISMINUIR LA FIGURA DE LA USUARIA (PROFESIONALMENTE POR EJEMPLO) AL IMPEDIR QUE SE PREPARARA ACADÉMICAMENTE DESDE SU PRIMER EMBARAZO. SE LE HAN DESCUBIERTO 2 INFIDELIDADES Y, DE LA MÁS RECIENTE, SE HAN MANIFESTADO LAS PRUEBAS DE INCLUSO UN NIÑO DE POR MEDIO. LA USUARIA INCLUSO, EN AÑOS ATRÁS, LLEGÓ A ENCONTRARSE EN SITUACIONES GRAVES DE SALUD Y TODO A RAÍZ DE PROBLEMAS DE ANSIEDAD Y ESTRÉS PROVOCADOS POR SU PAREJA. EL AGRESOR SE HA NEGADO A LA FIRMA DE UN DIVORCIO Y A LA REPARTICIÓN DE BIENES, YA QUE LO ÚNICO QUE LE IMPORTA ES EL DINERO; QUE TODO ESTÉ REGISTRADO A SU NOMBRE. HA MENOSPRECIADO LAS CAPACIDADES DE LA USUARIA, LIMITÁNDOLA A LAS ACTIVIDADES DEL HOGAR, INCLUSO CON LOS NIETOS (LOS CUALES EL AGRESOR MENCIONA QUE ES OBLIGACIÓN DE LA USUARIA CUIDARLOS). DESPUÉS DE TANTOS PROBLEMAS A LO LARGO DE LOS AÑOS, LA USUARIA NO DESEA MÁS PROBLEMAS Y QUIERE VIVIR TRANQUILA; DE MOMENTO SOLICITA ASESORÍA LEGAL PARA DIVORCIO Y REPARTICIÓN DE BIENES.",0.666666666666667,0,0.666666666666667,1,0,0,0
8379,"REFIERE USUARIA QUE DESDE HACE APROXIMADAMENTE UN MES ELLA SE SEPARO DE SU PAREJA Y DESDE AHI EL NO LE HA AYUDADO EN NADA PARA CON LA NIÑA,  ELLA LE PEDIA Y LE DECIA QUE LE PAGABAN POCO, QUE NO COMPLETABA, QUE NO TENIA PARA LOS CAMIONES, QUE EL BANCO ESTA MUY LEJOS Y NO PODIA IR HASTA AYA A SACAR EL DINERO, LUEGO ELLA SUBIA FORTOS CON LA BEBE Y SU HERMANO O SU CUÑADO Y EL LE DECIA QUE YA NO LE IBAA DAR PORQUE LA NIÑA YA TENIA QUIEN LE DIERA, PUES ELLA ANDABA SUBIENDO FOTOS CON OTROS Y SU HIJA, SE SEPARARON PORQUE EL SOLO LE QUERIA DAR PARA PAÑALES Y LECHE NO PARA NADA DE ELLA O EL HOGAR PUES ESTABAN VIVIENDO CON LA MAMA DE LA USUARIA  PERO EL NO QUERIA APORTAR NADA, EL LA HA AMENAZADO DE QUE CUANDO SE LA PRESTE EL SE LA VA A LLEVAR Y NO SABE SI SE VUELVA A LLEVAR O NO, PORQUE A OTROS HOMBRES SI SE LA PRESTA, PERO ES SU HERMANO Y SU CUÑADO CUANDO ELLA ESTA PRESENTE, LA NIÑA SOLO TIENE 4 MESES NO LA DEJA SOLA CON NADIE",1,0,0,1,0,0.666666666666667,0
8388,"LA USUARIA COMENTA QUE DESDE QUE SE SEPARO DEL SU EX  ESPOSO, NO LE HAN DADO PENSION POR SUS HIJOS, ADEMAS DE RECIBIR RECLAMOS, CELOS Y AGRESIONES VERBALES POR MENSAJE DE PARTE DE SU EX ESPOSO.  LA USUARIA COMENTA QUE DEJO A SU EX ESPOSO  POR SUS PROBLEMAS CON EL ALCOHOL Y LAS DROGAS, Y SUS MULTIPLES ENGAÑOS E INFIDELIDADES,  ADEMAS DE SUS RECLAMOS POR CELOS, TAMBIEN REFIERE QUE YA NO LA DEJABAN TRABAJAR EN LA ESCUELA DONDE ANTES TRABAJABA, POR LO CUAL ELLA DECIDIO VENIR A VIVIR A ESTA CIUDAD.LA USUARIA SOLICITA TERAPIA  PSICOLOGICA, ORDEN DE PROTECCION,PENSION ALIMENTICA, Y DENUCIAR ANTE MINISTERIO PUBLICO LA VIOLENCIA",1,0,0,1,0,0,0
8393,"LA USUARIA REFIERE QUE MIENTRAS ESTABA MANEJANDO SE DETUVO EN UN TOPE Y SU EX PAREJA APROVECHO PARA SUBIRSE MIENTRAS MANEJABA PERO AL DARSE CUENTA QUE EL HABÍA SUBIDO SE PERCATO QUE TENIA UNA PIEDRA EN LA MANO POR CAUSA DE CELOS.
TAMBIÉN COMENTA QUE HACE UN MES CUANDO SE SEPARARON LE DIJO ""TE VOY A MATAS Y SI ME ECHAS LA POLICIA, TE VA A IR PEOR"".",0,0,0,1,0,0,0
8397,"EL LUNES A LAS 12:00 PM EN LA CASA DE LA MAMA DEL PR VENIAN DE UNA FIESTA PELEANDO, EN LA CALLE LE DIO UNA PATADA EN LOS GLUTEOS Y LA CARREOLA SE LA METIO ENTRE LOS PIES, AVENTO LA CARREOLA (YA SOLA) US PIDEN QUE HABLEN A UNA UNIDAD Y US, AGARRA UN TAXI QUE VIO Y ERA CONOCIDO Y LE DICE QUE SE REGRESE POR SU BEBE (YA QUE LO TENIA EL PR)  LLEGA AL DOMICILIO DE LA MAMA DE LA USUARIA, YA DE AHI EL LA AGREDE Y LA GOLPEA EN LA CARA LA NOQUEA VARIAS VECES (REFIERE QUE LA MAMA DEL PR TAMBIEN LA PATALEO EN EL PISO DESPUES LA AGARRO DEL CUELLO) LE MORDIO LA CARA, EL BRAZO, LE PATEO LA COSTILLA, LE ROBO DINERO Y LE QUEBRO EL CELULAR, REFIERE QUE PERDIO EL CONOCIMIENTO DURANTE  3 MINUTOS Y EL LE DICE; "" QUE TE CARGUE LA VERGA NO ERES NADA MIO ME VALE SI TE MUERES"" REFIERE QUE EN LA CAIDA ELLA MIRABA MUY NUBLADO ANTES DE PERDER EL CONOCIMIENTO, SE LA LLEVARON EN LA AMBULANCIA.",0.333333333333333,1,1,0.666666666666667,0,0.666666666666667,0
8402,"REFIERE USUARIA QUE EL DIA DE HOY APROXIMADAMENTE A LAS 20:00H ELLA ESTABA EN SU DOMICILIO Y FUE A LEVANTAR PARA QUE SE FUERA A TRABAJAR Y LE DIJO QUE ELLA YA EMPEZARIA A TRABAJAR YA QUE EL YA NO QUERIA ESTAR EN ESE TRABAJO Y PARA AYUDAR A LOS GASTOS EL SE MOLESTO PORQUE NO QUIERE QUE ELLA TRABAJE Y LE DIO  DIO UN PUÑETAZO EN EL OJO Y CABEZA, REFIERE USUARIA QUE EL ANDABA DROGADO, ELLA QUERIA SALIR PARA HABALRLE A SU MAMA PERO EL NO LA DEJABA AL FINAL SI PUDO Y EL SE ESCUSABA DE QUE ELLA TENIA LA CULPA PORQUIE ELLA LO HABIA PROBOCADO, REFIERE QUE CON ANTERIORIDAD YA LA HABIA GOLPEADO",0.333333333333333,0.666666666666667,0,0.666666666666667,0,0,0
10694,"REFIERE USUARIA QUE ESTA SEPARADA DE SU ESPOSO HACE APROXIMADAMENTE UN AÑO PERO SIGUEN VIVIENDO JUNTOS Y EL MISMO DIJO QUE SE IRIA PERO SIGUE AHI, Y E LA SEMANA SE QUEDA COMO 3 DIAS AVECES MAS O A VECES MENOS, ELLOS NO SE HABLAN SOLO Y EXCLUSIVAMENTE PASRA COSAS DE LAS NIÑAS, INCLUSO SI EL ESTA EN CASA LE MANDA MENSAJEPOR WHATS PARA COMUNICARLE ALGO, REFIERE USUARIA QUE NO LE AYUDA PARA NADA CON LAS NIÑAS, EL PAGABA LA GUARDERIA DE LA NIÑA PERO HACE 4 MESES DEJO DE PAGARLO, ELLA PAGA LUZ, AGUA, MANDADO Y DE LA CASA TIENEN CREDITO CONYUGAL PERO HACE 3 AÑOS QUE CAMBIO DE TRABAJO TAMPOCO A PAGADO SU PARTE DE LA CASA, ES POR ESO QUE LA USURIA QUIERE YA HACER LEGAL SU SEPARAMIENTO",1,0,0.333333333333333,0.666666666666667,0,0,0
10701,"USUARIA REFIERE QUE EL DÍA LUNES , SU HERMANO LLEGO A SU DOMICILIO Y EMPEZÓ UNA DISCUSIÓN, YA QUE ÉL ES CONSUME DROGAS Y NO LA DEJA DE MOLESTAR, EMPEZARON A DISCUTIR, EN LA EMPEZÓ A INSULTAR Y ELLA LE PIDIÓ QUE SE RETIRADA A LO CUAL EL SE NIEGA Y LE PEGA UNA PATA, ENTONCES ELLA LE HABLA A LA POLICÍA, PERO ÉL SALIÓ CORRIENDO Y CUANDO LLEGO LA POLICÍA EL YA SE HABIA IDO.",0,1,0.333333333333333,1,0,0,0
10711,"USUARIA MENOR DE EDAD ACOMPÑANADA DE SU MADRE MENCIONA QUE NO QUIERE QUE SU PADRE SE LE ACERQUE YA QUE ES AGRESIVO Y LA AMENAZA CON QUE SI SU MAMA ANDA CON OTRA PERSONA LAS VA A MATAR, REFIERE QUE UN FIN DE SEMANA DE HACE TRES SEMANAS APROXIMADAMENTE ELLA SE QUEDO EN CASA DE EL YA QUE SU MADRE Y EL NO ESTAN JUNTOS DESDE HACE UN AÑO, MENCIONA QUE LE DIO UNA NALGADA Y ELLA SE SINTIO MUY INCOMODA PERO ELLA NO LE DIJO NADA POR MIEDO A QUE LE FUERA HACER DAÑO YA QUE EL ES MUY AGRESIVO, TAMBIEN COMENTA QUE VA Y LA BUSCA A LA SECUNDARIA Y NO QUIERE QUE SE LE ACERQUE MAS YA LE MENCIONO A LOS PROFESORES DE LO SUCEDIDO. ACUDE A MINISTERIO PUBLICO,",0,1,0,1,0.666666666666667,0.333333333333333,0
10731,"USUARIA MANIFIESTA QUE SU PAREJA LA AMENAZO CON HACERLE DAÑO A SU HERMANO, YA QUE SABE QUE ME PREOCUPO POR MI FAMILIA, DESPUES ME HACIA SEÑAS Y ME DECIA VAS A VER VAN A VENIR POR TI, TE VAN A LLEVAR.

HACE APROXIMADAMENTE 2 MESES SU PAREJA LA AGREDIA VERBALMENTE Y TOMO UN CUCHILLO QUE UTILIZO PARA ELABORAR MIS PASTELES, SOLO SIRVE PARA CORTAR PAN Y TIENE SERRUCHITO, LO TOMO Y ME LO PUSO EN LA PANZA YO SE QUE NO HACE DAÑO, PERO ME DIO MIEDO A LO QUE LLEGA CON TAL DE MOLESTARME.

SU PAREJA NO SE QUIERE RETIRAR DEL DOMICILIO, LA CASA ES DE LA USUARIA.",0,0.333333333333333,0.666666666666667,1,0,0.333333333333333,0
10736,"REFIERE USUARIA QUE EL DIA LUNES POR LA TARDE, ELLA SE ENCONTRABA EN SU DOMICILIO CUANDO LLEGO SU HIJO Y EL TENIA MUCHAS COSAS EN EL PORCHE, LE DIJO A LA USUARIA HIJA DE LA CHINGADA PORQUE ME MOVIERON LAS COSAS Y ELLA LE DIJO QUE PORQUE SE MIRABAN MUY MAL DONDE ESTABAN , YA ME HA DE VER ESCULCADO Y METIDO LA MANO, DONDE LAS TIENE LAS VOY A SACAR , VOLVIO A SACAR TODO , Y ELLA LE DIJO MIRA LLEVATE TODO PORQUE YA NO QUIERO QUE VENGAS , PORQUE SI LLEGAS A VENIR LE VOY HABLAR A UNA POLICIA, Y EL LE DIJO HABLELE ME VALE MADRE, EL LE PREGUNTO POR UNA LAPTOP Y ELLA LE DIJO QUE ERA DE ELLA, Y EL LE DIJO QUE SE LA DIERA PORQUE AHI TIENE INFORMACION ELLA LE DIJO QUE NO SE LA IBA A DAR, EL SE ENCONTRABA APARENTEMENTE DROGADO, ELLA DESEA PRESENTAR DENUNCIA ANTE MINISTERIO PUBLICO.",0,0,0.333333333333333,1,0,0,0
10746,"USUARIA MENCIONA QUE YA ESTA CANSADA DE SU PAREJA YA QUE SE HA VUELTO UN DROGADICTO Y ELLA NO LO QUIERE MAS EN SU CASA, MENCIONA QUE EL DIA DOMINGO EN LA MADRUGADA LE HIZO DSTROZOS A SU DOMICILIO, COMENTA TAMBIEN QUE NO LO QUIERE CERCA DE SU CASA PERO ESTAN CASADOS POR BIENES MANCUMUNADOS. ACUDE A JURIDICO.",0,0,1,0.666666666666667,0,0,0
10764,"LA USUARIA REFIERE QUE DESDE QUE SE SEPARO HACE UN MES, EL NO LE DA DIENERO PARA EL HIJO QUE TIENEN EN COMUN QUE TIEN 1 AÑO TRES MESES, ELLA DESEA ASESORIA JURIDICA PARA TRAMITAR DEMANDA DE PENSION DE ALIMENTOS Y TERAPIA PSICOLOGICA,YA QUE REFIERE QUE NO LE DA HAMBRE Y NO QUIERE COMER PORQUE TIENE TRISTEZA Y DEPRESION.",1,0,0,0.666666666666667,0,0,0
10781,"USUARIA REFIERE QUE HACE TIEMPO CONOCIO A UN HOMBRE Y SALIERON POR 3 MESES PERO NUNCA FORMALIZARON UNA RELACION, EN ESE TIEMPO QUE SALIERON AGRESOR LE PIDIO UN VIDEO INTIMO QUE BRABARON Y AMBOS SALIAN TENIENDO RELACIONES SEXUALES , EN NOVIEMBRE USUARIA LE PIDE A EL QUE BORRE EL VIDEO Y LO BORRO, PERO EL DIA SABADO UNA AMIGA DE USUARIA LE COMENTO QUE AGRESOR LE HABIA ENSEÑADO A UNOS AMIGOS DE EL EL VIDEO INTIMO Y A OTRAS MUJERES, USUARIA FUE A RECLAMARLE A USUARIA ESE DIA Y AGRESOR NEGO TODO, REFIERE NUNCA ENSEÑO NADA A SUS AMIGOS Y QUE EL HABIA BORRADO ESE VIDEO. 
USUARIA SOLICITA AYUDA PARA INTERPONER DENUNCIA EN CONTRA DE AGRESOR Y DE LOS AMIGOS DE AGRESOR QUINES VIERON EL VIDEO.",0,0,0,0.666666666666667,1,0,0
10788,"USUARIA REFIERE QUE AGRESOR ES SU EX PAREJA Y MENCIONA ULTIMO HECHO DE VIOLENCIA HOY 10:30 AM AGRESOR LE LLAMO QUE LE IBA A LLEVAR A LA NIÑA, EL CREYO QUE USUARIA LO ESTABA IGNORANDO PORQUE LE DECIA COSAS QUE LA NIÑA ESTABA ENFERMA AGRESOR LE DIJO QUE LE PUSIERA ROPA A LA NIÑA PARA LLEVARSE, ELLA LE DIJO PUES COMPRALE Y LE CERRO LA PUERTA, AGRESOR ENOJADO EMPUJO LA PUERTA ROMPIENDO LA CHAPA Y LE DIO UN GOLPE A USUARIACON LA MANO ABIERTA EN LA OREJA, SIGUIERON DISCUETIENDO Y AGRESOR LE GRITABA QUE ERA LA PEOR BASURA LA TUMBO AL PSIO Y SIGUIO GOLPENADOLA, ELLA LE PIDE A SU HIJA QUE LE BAJARA EL TELEFONO Y AL TRARLO AGRESOR SE LO QUITO PARA QUE USUARIA NO LLAMARA A LA POLICIA, DESPUES AGRESOR SE QUEDA UN RATO Y SE VA.",0.333333333333333,1,1,0.666666666666667,0,0,0
10795,"USUARIA MENCIONA QUE TIENE SESIS AÑOS VIVIENDO EN UNION LIBRE, NO TIENE HIJOS EN COMUN CON EL AGRESOR, CON QUIEN HA VIVIDO VIOLENCIA PSICOLOGICA, VERBAL Y FISICA, LA VIOLENCIA HA IDO EN AUMENTO DESDE HACE UN AÑO, LA MAYORIA DE LAS AGRESIONES SE PRESENTAN CUANDO EL AGRESOR ESTA ALCOHOLIZADO. EL ULTIMO HECHO DE VIOLENCIA SE PRESENTO A LA 1:00 AM EN EL DOMICILIO COMUN, AMBOS ESTABAN INGIRIENDO ALCOHOL, SU PAREJA EMPEZO A AGREDIR DE FORMA VERBAL, ESTUVO INSULTANDO A LOS HIJOS DE USUARIA, LES DESEO LA MUERTE Y ELLA REACCIONO PEGANDOLE AL AGRESOR UNA CACHETADA, EL SE FUE ENCIMA DE ELLA Y LE PEGO EN LA CARA CON LA MANO, LA JALO DEL CABELLO, LE PEGO EN LA BOCA EN VARIAS OCASIONES CON LA MANO, USUARIA TRATO DE DEFENDERSE PEGANDOLE TAMBIEN AL AGRESOR, USUARIA ESTUVO GRITANDO Y SOSPECHA QUE LOS VECINOS LLAMARON A EMERGENCIAS, ACUDIO UNA UNIDAD DE POLICIA MUNICIPAL AL DOMICILIO Y DETUVIERON AL AGRESOR, USUARIA NO HA RECIBIDO ATENCION MEDICA, USUARIA ACUDE A EXPONER LOS HECHOS Y ES CANALIZA A MP, AREA DE PSICOLOGIA, MEDICA Y DESEA INFORMACION DE REFUGIO.",0,1,0,1,0,0,0
10805,"LA USUARIA REFIERE QUE SIEMPRE AH SUFRIDO VIOLENCIA INTRAFAMILIAR (MADRE, ABUELO, HERMANO, PAPA BIOLOGICO Y SU PADRASTRO) 
HACE DOS SEMANAS SU MAMA LE ENCONTRO UN FILTRO DE PORRO, LE DIJO QUE LA IBA A ANEXAR Y QUE LA IBA INTERNAR EN CONTRA DE SU VOLUNTAD Y LA CANALIZO CON UNA LIC. Y ELLA LE RECOMENDO QUE VINIERA.
ELLA REFIERE QUE SUFRE VIOLENCIA PSICOLOGICA CON INSULTOS. TAMBIEN REFIERE QUE SU PADRASTRO ABUSO SEXUALMENTE A LOS 7 AÑOS LA CONOCIO HASTA LOS 14 AÑOS ELLA ESTABA ACOSTADA Y LE PIDIO QUE LE HICIERA MASAJE ELLA A EL, A LO QUE EL LE TOCOLOS PECHOPS, LUEGO LOS PIES, LUEGO LAS PIERNAS, LUEGO LA TOCO POR DBAJO DEL SHORT Y ELLA SE EMPEZO A AGITAR. Y SE FUE EL DE AHI. ELLA LE CONTO A SU MAMA Y ELLA NO LE CREE. SIGUE VIVIEENDO CON EL. NO DESEA DENUNCIAR PERO SI QUIERE QUE QUEDE REGISTRADO QUE SUFRE VIOLENCIA POR PARTE DE SU PADRASTRO, SU PAPA BIOLOGICO, SU HERMANO, SU ABUELO Y SU TIO. SUFRIENDO VIOLENCIA POR PARTE DE SU ULTIMO EX NOVIO. Y POR TODA ESTA VIOLENCIA DESEA TOMAR TERAPIA PSICOLOGICA DE MANERA GRUPAL. NO DESEA DENUNCIAR EL HECHO PERO SI QUIERE DEJAR ASENTADA LOS HECHOS QUE OCURRIERON",0,0,0,1,1,0,0
10819,"USUARIA REFIERE QUE AGRESOR ES SU EX PAREJA Y MENCIONA CON EL VIVIO VIOLENCIA FISICA Y VERBAL POR CELOS, ADEMAS QUE EL CONSTANTEMENTE CONSUME ALCOHOL.
ULTIMO HECHO DE VIOLENCIA HACE 1 SEMANA APROXIMADAMENTE USUARIA ESTABA CON UN AMIGO Y AGRESOR LOS VIO Y COMENZO A RECLAMARLE A ELLA GRITANDOLE QUE LA IBA A MATAR.
USUARIA REFIERE QUE AGRESOR LE DIJO A MADRE DE USUARIA QUE IBA MATARLA.",0,1,0,1,0,0,0
10828,"USUARIA MENCIONA QUE TUVO CINCO AÑOS DE RELACION, VIVIO CON SU EX PAREJA CINCO MESES EN UNION LIBRE, TIENE UN HIJO EN COMUN CON SU EX PAREJA DE QUIEN SE SEPARO HACE TRES MESES DEBIDO A VIOLENCIA FAMILIAR, VIOLENCIA PSICOLOGICA, FISICA Y ECONOMICA, REFIERE QUE DURANTE SU RELACION SU EX PAREJA FUE INFIEL EN CONSTANTES OCASIONES, LA AGRESION FISICA ERA MUY CONSTANTE, LA DEJABA ENCERRADA EN EL DOMICILIO, LLEGO A AMEDRENTARLA CON ARMA BLANCA EN VARIAS OCASIONES, INCLUSO CULPABILIZO A USUARIA DE ESTAR CONTAGIADO DE UNA ENFERMEDAD DE TRANSMISION SEXUAL Y LLEGO A AGREDIRLA FISICAMENTE, ESTO DETONO SU SEPARACION. DESDE ENTONCES USUARIA DEJO DE TENER CONTACTO CON EL, TAMPOCO HA ESTADO APORTANDO ECONOMICAMENTE Y ES ELLA QUIEN CUBRE CON LOS GASTOS Y NECESIDADES DE SU HIJO, SIN EMBARGO RECIBIO MENSAJES DE SU EX PAREJA POR MEDIO DE WHATSAPP QUIEN AMENAZO CON DENUNCIARLA POR ""DIFAMACION"" LE DIJO QUE EL ACTUALMENTE ESTA EN POLITICA Y PUEDE AFECTAR SU REPUTACION, POR LO QUE USUARIA ACUDE A EXPONER LOS HECHOS YA QUE CONOCE QUE SU EX PAREJA ES UNA PERSONA AGRESIVA Y TEME POR SU SEGURIDAD. ANTERIORMENTE HA LLEGADO A AMENAZAR DE MUERTE, HA REALIZADO AMENAZAS CON GOLPEAR A SU PAPA. POR LO QUE SOLICITA EL APOYO PARA PRESENTAR DENUNCIA CORRESPONDIENTE. TAMBIEN SE BRINDA ASESORIA PARA TRAMITE DE GYC, SE RESUELVEN DUDAS Y SE BRINDA PLAN DE SEGURIDAD.",1,1,0,1,0.666666666666667,0.333333333333333,0
10830,"LA USUARIA MANIFIESTA QUE EL DIA JUEVES APROX 12:39 P RECIBIO NUEVAMENTE MENSAJES POR PARTE DE SU EX NOVIO VIA TWITTER QUE ""QUE PEDO PENDEJA PENSASTE QUE NO ME IBA A DAR CUENTA QUE TENIAS OTRO"" ""LLEGA AL PUNTO QUE UNO SE DA CUENTA QUE MORRAS COMO TU NO VALEN LA PENA"". LA USUARIA REFIERE QUE EL HIZO UN GRUPO EN TELEGRAM EN DONDE DIFUNDIO VIDEOS Y FOTOS DE ELLA INTIMOS, ESTO POR QUE EL SE ENTERO QUE ESTA SALIENDO CON ALGUIEN MAS, EN DONDE AL REDEDOR DE 30 VIDEOS Y FOTOS LOS ESTABA VENDIENDO CON PROPAGANDA DE QUE ELLA VENDE CONTENIDO ""BARATO"" JUNTO CON SUS REDES E INFORMACION DE ELLA. DESEA DENUNCIAR EL HECHO",0,0,0,1,1,0,0
10831,SE ANEXA HOJA DE HECHOS AL FINAL DE CEDULA,0,0,0,0,0,0,1
10836,"REFIERE USUARIA QUE SE ENCUENTRA EN TRAMITES DE DIVORCIO Y ESTO LE HA AFECTADO MUCHO POR LO QUE DESEA TOMAR TERAPIA PSICOLOGICA , ELLA TIENE ABOGADO PARTICULAR, DESEA INFORMACION D ELOS CURSOS.",0,0,0,0.666666666666667,0,0,0.333333333333333
10849,"REFIERE LA USUARIA QUE APROXIMADAMENTE LAS 5:00 PM EN EL DOMICILIO DE LA USUARIA, SU PAPA LA AGREDIO FISICAMENTE GOLPEANDOLA, CON EL PUÑO CERRADO LA GOLPEO EN EL COSTADO DEL LADO IZQUIERDO A UN LADO DEL SENO IZQUIERDO Y LAS COSTILLAS DEL MISMO LADO, ASI MISMO LA AGREDIO VERBALMENTE DICIENDOLE, ""ERES UNA PENDEJA"" LA USUARIA LE LLAMO A LA POLICIA QUIENES TARDARON MUCHO EN LLEGAR, MENCIONA QUE NO LE DIERON FOLIO. ELLA DESEA PRESENTAR DENUNCIA Y OBTENER ORDEN DE RESTRICCIÒN. SE LE RECOMIENDA LA ATENCION PSICOLOGICA Y LA ACEPTA.",0,1,0,1,0,0,0
10861,"OCHO AÑOS VIVIENDO EN UNION LIBRE, DOS HIJOS EN COMUN CON SU EX PAREJA DE QUIEN SE ENCUENTRA SEPARADA DESDE HACE UN MES DEBIDO A VIOLENCIA FAMILIAR, SU EX PAREJA EMPEZO CON EL CONSUMO DE CRISTAL Y LA VIOLENCIA HA IDO EN AUMENTO YA QU LA MANTENIA AISLADA, NO LE PERMETIA SALIR DE LA CASA, LA AGRESION VERBAL ERA CONSTANTE, GRITOS E INSULTOS, USUARIA AL YA TENER UN MES SEPARA DE SU EX PAREJA DEJO DE TENER CONTACTO CON EL, SIN EMBARGO DESDE HACE DOS SU EX PAREJA HA ESTADO ENVIANDO MENSAJES POR REDES SOCIALES MESSENGER PARA AMENAZARLA CON QUITARLE A SU HIJOS, DICE INICIO UNA DEMANDA DE CUSTODIO Y CUENTA CON ABOGADO, POR LO QUE USUARIA ACUDE A EXPONER LOS HECHOS Y SOLICITA ASESORIA JURIDICA AL RESPECTO, PRESENTA DUDAS. SE BRINDA ORIENTACION Y REQUISITOS PARA EL TRAMITE DE GYC, SE BRINDA PLAN DE SEGURIDAD, SE INVITA A TERAPIA GRUPAL.",0,0,0,1,0,0.666666666666667,0
10868,"USUARIA MENCIONA QUE VIVIO CATORCE AÑOS CON SU ESPOSO CON QUIEN TIENE DOS HIJOS EN COMUN, DURANTE SU MATRIMONIO HA VIVIDO VIOLENCIA PSICOLOGICA Y VERBAL, ESTO POR CELOS CONSTANTES DE SU ESPOSO, ACTUALMENTE USUARIA TRABAJA Y A SU ESPOSO SIEMPRE LE MOLESTO LOS HORARIOS DE USUARIA, CREE QUE USUARIA LO ENGAÑA CON ALGUN COMPAÑERO DE TRABAJO, EN VARIAS OCASIONES HA LLEGADO A INSULTAR, REALIZAR COMENTARIOS OFENSIVOS, REFIERE QUE A LAS 4:00 PM APROXIMADAMENTE USUARIA LLEGO AL DOMICILIO CONYUGAL Y SU ESPOSO EMPEZO A AGREDIR VERBALMENTE LA ESTUVO CORRIENDO DEL DOMICILIO PERO LE DIJO QUE SE IBA SOLA SIN SUS HIJOS, LA ESTUVO INSULTANDO DICIENDO ""ERES UNA PERRA DE LO PEOR, MENTIROSA"" USUARIA OPTO POR IRSE DEL DOMICILIO JUNTO CON SU HIJO DE 6 AÑOS, REGRESO AL INTERIOR DE LA CASA POR LOS ZAPATOS DEL NIÑO Y SU ESPOSO TOMO UN ZAPATO Y LE PEGO A USUARIA EN LA CABEZA Y EN LOA BOCA, POSTERIORMENTE SU ESPOSO TOMO CON LAS MANOS UNAS PESAS Y LE DIJO QUE SE LARGARA O LA GOLPEARIA, USUARIA ACTUALMENTE SE ENCUENTRA RESGUARDADA EN CASA DE SUS PADRES, REFIERE QUE REGRESO AL DOMICILIO CONYUGAL PARA RECOGER SUS PERTENENCIAS PERSONALES Y ENCONTRO EN EL DOMICILIO SUS PERTENENCIAS DAÑADAS, POR LO QUE ACUDE A EXPONER LOS HECHOS, DESEA EL APOYO PARA PRESENTAR DENUNCIA CORRESPONDIENTE, SE CANALIZA A MP Y AREA DE PSICOLOGIA. SE BRINDA ASESORIA PARA TRAMITE DE DIVORCIO .",0,0.666666666666667,1,1,0,0.333333333333333,0
10874,REFIERE LA USUARIA QUE TIENE UN PROCESO DE DIVORCIO EN EL CUAL SU ESPOSO NO HA CUMPLIDO CON SUS OBLIGACIONES ALIMENTICIAS Y SU ABOGADO NO HA HECHO SU TRABAJO PARA SOLICITAR LO NECESARIO Y ENCONTRAR EL BENEFICIO PARA LA USUARIA. SE CANALIZA AL AREA DE JURIDICO PARA ASESORIA Y DARLE CONTINUIDAD A SU PROCESO ENLOS JUZGADOS FAMILIARES.,0.666666666666667,0,0.333333333333333,0.333333333333333,0,0,0.333333333333333
10884,"REFIERE LA USUARIA QUE ES SU DESEO DIVORCIARSE DE SU ESPOSO, REFIERE LA USUARIA QUE SU ESPOSO INCUMPLE CON SUS OBLIGACIONES ALIMENTICIAS YA QUE ES TAXISTA Y AL DICHO DEL AGRESOR NO LE VA BIEN Y NUNCA TRAE DINERO. MENCIONA LA USUARIA QUE APROXIMADAMENTE LAS 8:38 A.M. SU ESPOSO LE ENVIO UN MENSAJE VIA MENSAJE DE TEXTO DONDE LE DECIA ""TE LARGASTE CON OTRO, NO SE CON QUIEN CHINGADOS, TE PASASTE DE VERGA POR ANDAR DE PUTA, SI TE VAS DE PUTA A COGER CON OTRO A MI NO ME IMPORTA, PERO TE PASASTE DE VERGA. LA USUARIA REFIERE QUE SU ESPOSO ULTIMAMENTE LA HA ESTADO HSTIGANDO Y CUANDO POR ALGUNA RAZÒN SE VEN EL AGRESOR SIEMPRE ESTA DICIENDOLE, ""CON QUIEN CHINGADOS TE FUISTE A COGER, QUIEN ES ESE GUEY"", ELLA MENCIONA QUE YA NO LO SOPORTA Y QUE INCLUSO LO HA BLOQUEADO VIA WHATSAPP PERO SIEMPRE HAYA LA MANERA DE ESTARLA MOLESTANDO. SE LE EXPLICA A LA USUARIA QUE LOS HECHOS DE VIOLENCIA SUCEDIERON EN OTRO ESTADO. Y QUE TIENE QUE ACUDIR A FISCALIA EN AQUELLA ENTIDAD PARA QUE PRESENTE SU DENUNCIA, ASI MISMO LLEVAR SU TRAMITE DE DIVORCIO ALLA, YA QUE SU ULTIMO DOMICILIO CONYUGAL FUE EN DGO. SE LE RECOMIENDA ASISTIR A TERAPIA PSICOLOGICA Y ACEPTA.",0.666666666666667,0,0,0.666666666666667,0,0,0
10887,"USUARIA REFIERE QUE AGRESOR ES SU PAREJA Y MENCIONA CONSTANTEMENTE AGRESOR LA VIGILABA, LE REVISABA EL CELULAR, LE HACIA VIDEOLLAMADAS PARA SABER CON QUIEN ESTABA, ULTIMO HECHO DE VIOLENCIA USUARIA FUE A CASA DE AGRESOR Y EL COMENZO A DISCUTIR POR CELOS, Y EL LE PIDIO EL CELULAR A USUARIA Y AMENAZO QUE SI NO SE LO DABA EL PUBLICARIA UN VIDEO INTIMO DE ELLOS. 
EL DIA MARTES AGRESOR SUBIO UNA FOTO INTIMA DE USUARIA Y EL A SU FACEBOOK Y ETIQUETO A USUARIA, ELLA BORRO SU FACEBOOK Y REDES SOCIALES.",0,0,0.666666666666667,1,1,0,0
10892,"USUARIA REFIERE QUE SU PAREJA LA AGREDIO FISICAMENTE HACE 6 MESES LE DIO UNA CACHETADA Y UN GOLPE, DESPUES AGRESOR LE DIJO QUE HABIA ENGAÑADO A USUARIA CON UNA MUJER Y AGRESOR CONSTANTEMENTE CONSUME ALCOHOL Y SE PONE MUY AGRESIVO.
EL DIA VIERNES AGRESOR SE FUE A CASA DE SUS PADRES Y COMENZO A PELEARSE CON SUS PADRES, HERMANOS Y VECINOS A GOLPES , LA ABUELA LE LLAMO A USUARIA PARA DECIRLE QUE LE IBAN A LLEVAR ALA AGRESOR, USUARIA LO RECIBIO Y AL LLEGAR AGRESOR ESTABA MUY GOLPEADO Y ALCOHOLIZADO, DESPUES USUARIA VIO EL CELULAR DE AGRESOR Y TENIA MENSAJES CON OTRAS MUJERES, USUARIA LE RECLAMO Y LE COMENTO LO SUCEDIDO A SUS FAMILIARES Y AGRESOR SE FUE DEL DOMICILIO. 
USUARIA REFIERE QUE LAS OCACIONES QUE SE HA DEJADO CON AGRESOR ELLA LE PIDE QUE REGRESE CON ELLA YA QUE LO QUIERE MUCHO Y REFIERE NO PUEDE DEJARLO.",0,1,0,0.666666666666667,0,0,0
10899,"LA USUARIA MANIFIESTA QUE EL DIA DE AYER APROX A LAS 16:00 HRS ELLA SE ENCONTRABA EN SU DOMICILIO CUANDO LLEGO SU HERMANO, LA ESPOSA DE EL Y SU HERMANA, YA QUE QUIEREN SACARLA DE SU CASA, Y SU HERMANO LE DIJO QUE ""ELLA AHI NO ERA NADIE, QUE NO TENIA NI VOZ NI VOTO YA QUE LA CASA NO ES DE ELLA QUE ES UNA PENDEJA"". LA USUARIA DESEA PRESENTAR DENUNCIA ANTE MINISTERIO PUBLICO YA QUE MENCIONA QUE HA SIDO EN VARIAS OCASIONES EN LAS CUALES SU HERMANO VA Y LA AGREDE VERBALMENTE, CAUSANDOLE MIEDO YA QUE NO QUIERE DEJAR LA CASA SOLA.",0,0,0.333333333333333,1,0,0,0
10905,"USUARIA REFIERE QUE UN DIA ENTRE SEMANA MIENTRAS DORMIA, ESCUCHA MUSICA AFUERA DE SU CASA MUY FUERTE, EMPIEZA A SONAR SU TELEFONO Y SE DA CUENTA QUE ERA AGRESOR EN ESTADO DE EBRIEDAD.LE DICE QUE IBA PARA HABLAR DEL DIVORCIO, USUARIA LE DICE QUE NO Y QUE LLAMARA A LA POLICIA, AGRSOR LA AMENAZA CON HACERLE UN DESMADRE Y ROMPERLE LA PUERTA ASI QUE POR EL MIEDO USUARIA ACCEDE A SALIR, USUARIA LE DICE QUE ELLA YA NO QUIERE ESTAR CON EL POR LO QUE AGRESOR SE EXHALTA. REFIERE AGRESOR YA TIENE UNA NUEVA PARJA Y QUE INCLUSO ELLA LA AMENAZA E INSULTA. AGRESOR AMENAZA A USUARIA CON ROMPER BIENES DE LA CASA.
REFIERE TENER TRES MESES SEPARADA DE AGRESOR Y DESEA INICIAR EL TRAMITE DE DIVORCIO",0,0,0.333333333333333,1,0,0,0
10911,"USUARIA MENCIONA QUE SE SEPARO DE SU ESPOSO YA QUE TENIAN MUCHAS DIFERENCIAS ENTRE ELLOS, MENCIONA QUE ELLA YA TIENE UNA NUEVA PAREJA Y MENCIONA QUE SU ESPOSO AHORA LA MOLESTA Y VA A SU CASA A BUSCARLA Y MENCIONA QUE SU HIJO DE 9 AÑOS LE DIJO QUE SU PAPA TRAIA UNA PISTOLA, MENCIONA QUE ELLA TIENE MIEDO PORQUE SIEMPRE QUE LA VE LA INSULTA.",0,0,0,1,0,0.333333333333333,0
10926,"LA USUARIA REFIERE QUE EL DIA DOMINGO APROX A LAS 1:00 HRS SE ENCONTRABA EN SU DOMICILIO DORMIDA Y LLEGA SU AUN ESPOSO A DESPERARTLA PARA RECLAMARLE UNA CUENTA DE FACEBOOK CON SU NUMERO DE CELULAR, LE GRITO QUE ""NO SE HICIERA PENDEJA, QUE NO ANDUVIERA CON SUS MAMADAS QUE ES UNA PUTA"" ELLA LE REFIERE QUE ""NO ERA FACEBOOK DE ELLA"" SU ESPOSO HACE EL GESTO COMO SI LE FUERA A PEGAR CON LA MANO, PERO SE DETIENE Y LE AVIENTA EL CELULAR A LA USUARIA PEGANDOLE EN LA PIERNA, LA USUARIA DESEA PRESENTAR DENUNCIA ANTE MINISTERIO PUBLICO YA QUE TIENE MIEDO A QUE LE HAGA UN DAÑO MAYOR, Y DESEA TRAMITAR DIVORCIO.",0,1,1,1,0,0,0
10937,"USUARIA REFIERE QUE AGRESOR ES SU ACTUAL PAREJA MENCIONA ULTIMO HECHO DE VIOLENCIA AYER USUARIA LE DIJO QUE YA NO QUERIA NADA CON EL, Y AGRESOR AMENAZO CON ATROPELLARLA, LE DIJO QUE EN DONDE LA VIERA LE IBA AVENTAR EL CAMION QUE AL CABO NADIE IBA A SABER.
 USUARIA REFIERE QUE HACE TIEMPO AGRESOR LE DIO 2,500 PESOS PARA COMPRARLE UN CELULAR, Y DESPUES USUARIA LE REGRESO EL DINERO, Y ACTUALMENTE AGRESOR LE PIDE EL DINERO Y AMENAZA CON DEMANDARLA, MATARLA E IR A SU TRABAJO A SACARLA A RASTRAS.
EL DIA SABADO AGRESOR LA ESTRUJO DE LOS BRAZOS DEJANDOLE MORETONES.",0.333333333333333,0.666666666666667,0,1,0,0,0
10951,USUARIA MENCIONA QUE REQUIRE TERAPIAS PSICOLOGICAS PARA ELLA Y SUS HIJOS,0,0,0,0.666666666666667,0,0,0.333333333333333
10953,"A LAS 16:00 HRS. ACABABA DE LLEGAR A MI DOMICILIO. 
SE ENCONTRABA MI ESPOSO ME COMENZO A DECFIR QUE SGARRRE MIS COSAS PORQUE ME FUERA QUE O ME IBA A AGUANTAR, REFIERE USUARIA QUE EL PIENSA QUE SE FUE CON ALGUIEN,. 
AL MOMENTO QUE NO ACCEDI, COMENZO A TOMAR FOTOS DE MIS COSAS Y METERLAS EN UNA MALETA Y AMENAZARME QUE LOS IBA A AVENTAR A LA CALLE DESDE EL SEGUNDO PISO, ME DIJO QUE LO HABIA PEDIDO POR LAS BUENAS Y QUE AHORA LO IBA HAER POR LAS MALAS. EMPIEZA A SUBIR LAS ESCALERAS Y EL SE VA DETRAS TRATANDO DE QUITARLE LA MALETA COMO NO PUDO LE COMENZO A TIRAR PATADAS POARA AVENTARLA DE LAS ESCALERAS, SE VA DETRAS DE EL A TRATAR DE QUITARLE LA MALETA Y COMO NO PUDO FORCEJEARON Y LA COMENZO A AVENTAR CON EL CODO A TRATAR DE QUITARLA Y COMO NO PUDO LE DABA PATADAS PARA TRATAR DE AVENTARLA DE LAS ESCALERAS.",0,1,0.666666666666667,1,0,0,0
10955,"LA USUARIA MANIFIESTA QUE TUVO UN PROBLEMA CON SU ESPOSO HACE 6 MESES POR UNA SUPUESTA INFIDELIDAD, EL LA CORRIO DE LA CASA Y LE QUEMO TODAS SUS PERTENENCIAS, HACE UN MES EL LA VOLVIO A BUSCAR Y ELLA VOLVIO CON EL, DESPUES DE ESTO EL LA VOLVIO A CORRER Y ELLA NO TENIA DONDE QUEDARSE Y DEJO A SUS HIJOS AHI CON EL EN LO QUE CONSEGUIA UNA CASA, EL HERMANO DE LA USUARIA LE PRESTO UNA CASA Y AHI SE QUEDO, DESPUES SU HIJA LE VOLVIO A HABLAR PARA QUE LES HICIERA DE COMER Y EL LE PIDIO AYUDA PARA LOS GASTOS DE SUS HIJOS Y ELLA LO APOYABA ECONOMICAMENTE, ELLA COMENZO A QUEDARSE EN CASA DE EL PERO EN EL CUARTO DE SUS HIJAS, PERO CADA QUE IBA LA NOVIA DE SU ESPOSO (YA NO ESTABAN JUNTOS) LE DECIA QUE SE FUERA POR QUE IBA A IR SU NOVIA, EL DOMINGO APROX 14:00 ELLA DECIDIO IRSE DE LA CASA CON SUS PERTENENCIAS, EL HIJO MAYOR FUE A RECLAMARLE A SU PADRE POR QUE NO QUERIA YA QUE METIERA A MAS MUJERES Y SE EMPEZO A PELEAR CON SU PAPA CON PALABRAS COMO ""QUIERES QUE TE META UNOS PUTAZOS?"" , DESPUES LE LLAMARON A LA POLICIA Y SE LO LLEVARON, LLEGO SU SUEGRA Y CORRIO A LA USUARIA Y A SUS HIJAS DE LA CASA, COMENTA LA USUARIA QUE VARIAS COSAS DE LAS QUE HICIERON EN EL MATRIMONIO ESTAN EN LA CASA Y NO DEJA SACAR NADA, LA AMENAZO CON RENUNCIAR DE SU TRABAJO E IRSE DEL PAIS PARA NO DARLE PENSION Y ESTA VENDIENDO LOS BIENES, COMENTA QUE NO LE DA NINGUN APOYO ECONOMICO PARA SUS HIJOS. DESEA ASESORIA JURIDICA PARA EL DIVORCIO Y PENSION DE LOS MENORES, AL IGUAL QUE UNA MEDIA DE PROTECCION, YA QUE TEME POR SU BIEN.",0.666666666666667,0,0.333333333333333,0.333333333333333,0,0,0
10957,"EL DIA DE HOY A LAS 12:00 AM APROX ESTABAMOS EN UNA REUNION CON AIGOS Y ESTABAMOS TOMANDO, Y LLEGA LA EX PAREJA DICIENDO QUE LE HABLEN A LA SUAURIA DICIENDO QUE ERA SU PAPA, SALE Y EL LE DICE ""SUBETE"" LE DIJE QUE SE LARGARA Y EL SALIO CORRIENDO Y ME AGARRO Y EMPEZAMOS A FORCJEAR, ME TENIA DE LOS BRAZOS AGARRADA Y ME LLEVAA PARA LA PUERTA DE LA CAMIONETA DE ATRAS, PERO COMO VIO QUE ME ESTABA NEGANDO, QUISO ABRIR LA DE LA CAJUELA Y YO LE GRITE A MI AMIGA, GRITE Y SALIERON MIS AMIGOS Y ME SOLTO, EN ESE MOMENTO SALI Y EN ESO SALE MI AMIGA Y DICE QUE TRAIA EL PR UN CHALECO ANTIBALAS Y QUE AL PARECER TRAIA ARMAS Y QUE ESTABA HABLANDO CON ALGUIEN. (ESO LO VIO LA AMIGA) LLEGO LA UNIDAD PORQ YO EMPECE A HABLAR, PERO AL LLEGAR EL LOS CONOCIA Y YO LES DIJE QUE SE LO LLEVARAN Y EL IBA PLATICNADO CON EL POLI EL SE FUE EN SU CAMIONETA E IBA ATRAS DE LOS POLIS. REFIERE QUE EL REGRESO A LAS 2:30 AM A LA CASA DE LA USUARIA: LLEGO EN LA CAMIONETA Y LE GRITABA Y VOLVI A MARCAR A LOS OFICIALES Y LLEGARON Y SE FUE EL. Y LOS POLICIAS LO RETIRARON Y 20 MINUTOS DESPUES EL REGRESA, SE ESUCHO LA CAMIONETA Y EL SE PARO ENFRENTE DE MI CASA Y ME EMPEZO A MARACAR. COMO A LAS SEIS O SIETE DE LA MAÑANA EL SE RETIRO DEL DOMICILIO.",0,1,0.333333333333333,1,0,0,0
10970,"USUARIA MENCIONA QUE TIENE 30 AÑOS CASADA, CUATRO HIJO EN COMUN YA MAYORES DE EDAD, DURANTE SU MATRIMONIO HA VIVIDO VIOLENCIA PSICOLOGICA, VERBAL, FISICAY ECONOMICA, SE HA SEPARO EN VARIAS OCASIONES DEBIDO A HECHOS DE VIOLENCIA, ADEMAS POR INFIDELIDADES CONSTANTES DE SU ESPOSO. DESDE HACE UN AÑO APROXIMADAMENTE LA AGREDE SEGUIDO DE MANERA VERBAL, NO APORTA ECONOMICAMENTE PARA LOS GASTOS DEL HOGAR, LA CORRE DEL DOMICILIO CONYUGAL Y HACE DIAS USUARIA OPTO POR IRSE DEBIDO A LOS CONSTANTES GRITOS, INSULTOS, HUMILLACIONES, ADEMAS EN OCASIONES LA JALONEA DE LOS BRAZOS. USUARIA ACTUALEMENTE ESTA VIVIENDO EN CASA DE SU MADRE, EL DIA DE HOY A LAS 11:00 AM APROXIMADAMENTE SU ESPOSO LLEGO AL DOMICILIO Y EMPEZO A GRITAR, LA ESTUVO INSULTANDO ""SAL, ERES UNA PUTA, PERRA, CULERA"" EL AGRESOR ESTUVO AVENTANDO EL PORTON PARA PODER INGRESAR Y AL NO PODER INGRESAR TOMO DOS PIEDRAS PARA AVENTARLA HACIA EL VIDRIO DE UNA DE LAS VENTANAS DE LA CASA, USUARIA LLAMO A EMERGENCIAS PERO NO ACUDIO LA POLICIA. ACUDE A EXPONER LOS HECHOS Y SE CANALIZA A MP PARA PRESENTAR LA DENUNCIA CORRESPONDIENTE, SE CANALIZA AL AREA DE PSICOLOGIA Y SE BRINDA ASESORIA PARA TRAMITE DE DIVORCIO.",1,1,0.666666666666667,1,0,0,0
10982,"USUARIA REFEIRE QUE AGRESOR ES SU EXPAREJA, AGRESOR EN ESTADO DE EBRIEDAD, AGRESOR SE MOLESTA PORQUE USUARIA NO QUIERE IRSE EN EL CARRO, AGRESOR LE PIDE DINERO Y USUARIA LE DICE QUE NO TRAE, AGRESOR LA AGARRA DE LOS CABELLOS Y LA PATEA, AGRESOR AGARRA UN BLOCK Y USUARIA CIERRA LA PUERTA, AGRESOR AGARRA LAS LLAVES DEL CARRO Y LE VUELVE A DAR UNAS PATADAS, AGRESOR LE DICE QUE NO DEJARA QUE SAQUE NADA,
AGRESOR EN OTRA OCASION LE AVENTO UNA BOTELLA DE CAGUAMA Y LA AMENAZO CON MATARLA",0.666666666666667,1,0.666666666666667,1,0,0,0
10995,SE ANEXA HOJA DE HECHOS AL FINAL DE CEDULA,0,0,0,0,0,0,1
11007,"USUARIA REFIERE QUE AGRESOR QUIEN AUN ES SU ESPOSO, LA HOSTIGA DIARIO, QUE CONSUME CRISTAL Y LA CELA AUN Y QUE YA NO ESTAN JUNTOS. LE HABLA POR TELEFONO Y LE DICE QUE QUIERE PLATICAR CON ELLA, USUARIA SE NIEGA Y LE DICE QUE NO PORQUE IBA A DORMIR PUES ERAN LAS 12 AM, AGRESOR SE MOLESTA Y LE DICE QUE SI ENTONCES QUERIA QUE LE HICIERA UN PINCHE DESMADRE, QUE LO CONOCIA Y SABIA QUE SI LO HACIA, QUE LE HACIA UN DESMADRE A ELLA Y SU MAMA. USUARIA POR EL MIEDO ACCEDE A VERLO Y LLEGA AGRESOR A LA MEDIA NOCHE, USUARIA SALE CON SU HIJA PARA QUE AGRESOR SE MANTUVIERA CALMADO, QUE ESTUVIERON AHI UN RATO Y AGRESOR NO LE DECIA NADA. REFIERE DECIRLE QUE SE VAYA Y QUE SE RETIRO PACIFICAMENTE. USUARIA REFIERE QUE AGRESOR LA HOSTIGA Y LE INSISTE EN QUE VUELVA CON EL, QUE LE PIDE QUE LO DEJE IR A VERLA POR LO QUE USUARIA DESEA UNA ORDEN DE RESTRICCION PARA EVITAR QUE LA SIGA HOSTIGANDO E INTIMIDANDO. 
SE LE DAN REQUISITOS Y ASESORIA DE DIVORCIO",0,0,0,1,0,0,0
11010,"USUARIA REFIERE QUE AGRESORA ES SU EX PAREJA MENCIONA HACE TIEMPO SE SEPARO DE ELLA Y ULTIMO HECHO DE VIOLENCIA AYER USUARIA NO SE ENCONTRABA EN SU DOMICILIO Y AGRESOR ENTRO AL DOMICILIO DE USUARIA SE BRINCO Y ROBO PERTENENCIAS DE USUARIA. USUARIA PUBLICO LO SUCEDIDO EN FACEBOOK Y AGRESORA LE MANDO MENSAJES A USUARIA DICIENDOLE QUE IBA A PUBLICAR VIDEOS INTIMOS DE USUARIA. 
USUARAI REFIERE QUE EN FEBRERO AGRESOR TAMBIEN SE BRINCO A CASA DE USUARIA PERO LA AGREDIO FISICAMENTE MORDIENDOLA Y ESTABA ALCOHOLIZADA. 
USUARIA DESEA PRESENTAR DENUNCIA Y SOLICITAR MEDIDAS, SE LE DA PLAN DE SEGURIDAD.",0,1,1,0.666666666666667,0.333333333333333,0,0
11014,"USUARIA REFIERE QUE AGRESOR ES SU PAREJA, QUE POR LA MADRUGADA ELLA LE REVISA EL TELEFONO Y LE RECLAMA POR HABER ENCONTRADO CONVERSACIONES CON ALGUIEN MAS, DISCUTEN Y LE PIDE QUE SE VAYA, EL SE NIEGA Y USUARIA SE DISPONE A EMPACAR. MIENTRAS AGRESOR LE EMPIEZA A COBRAR UN DINERO DE UNOS BOLETOS QUE EL PAGO, LE QUITA EL CELULAR Y LE DICE QUE NO LA DEJARA IRSE HASTA QUE LE PAGUE, LA EMPUJA EN LA CAMA Y SE SUBE SOBRE ELLA SOMETIENDOLA, LE DICE QUE NO SE IRA, QUE ES UNA ESTUPIDA Y UNA LOCA, LA ESTRUJA Y APRIETA FUERTEMENTE DE LAS MANOS. LE CUESTIONA DEL DINERO Y USUARIA NO RESPONDE, AGRESOR SE LEVANTA Y TIRA LAS PERTENENCIAS DE USUARIA AL PISO, AL USUARIA TRATAR DE LEVANTARSE AGRESOR LA EMPUJA EN VARIAS OCASIONES PARA QUE NO SE LEVANTE. LE PIDE QUE LE REGRESE LAS COSAS QUE LE REGALO Y USUARIA SE LAS DA, AGRESOR LA TOMA NUEVAMENT Y LA INSULTA DICIENDO QUE ES UNA ESTUPIDA, PERRA, PUTA, USUARIA EN LLANTO Y MOLESTA LO EMPUJA Y AGRESOR LE DA UNA CACHETADA Y LA SIGUE INSULTANDO. AGRESOR LE DA EL CELULAR Y LE ADVIERTE QUE NO LLAME A LA POLICIA, USUARIA SALE DE LA CASA Y ES DONDE LLAMA A LA PATRULLA. ARRESTAN A AGRESOR Y AUXILIAN A USUARIA.
PASA A LEVANTAR DENUNCIA Y A ATENCION PSICOLOGICA",0.666666666666667,1,0.666666666666667,1,0,0,0
11016,"REFIERE USUARIA QUE APROXIMADAMENTE A LAS 00:00H ELLA ESTABA EN SU CASA Y EMPEZO A RECIBIR MUCHOS MENSAJES DE ONOCIDOS QUE LE PREGUNTABAN QUE QUE ESTABA PASANDO Y LUEGO UNA LLAMADA DE UN AMIGO QUE LE DIJO QUE SABIA QUE NO ERA ELLA QUIEN LE ESTABA HABLANDO POR FACE ELLA LE DIJO QUE LE EXPLICARA Y SU AMIGO LE DIJO QUE HABIAN HECHO UN FACE COMO SI FUERA ELLA Y AGREGO A LA GENTE QUE TIEN ELLA EN SU FACEBOOK Y LE ESTABA HABLANDO COMO SI LE ESTUVIERA COQUETEANDO COMO ELLA NUNCA LE HABLA ASI A EL POR ESO DECICIO LLAMARLA Y COMPROBAR QUE EFECTIVAMENTE NO ERA ELLA QUIEN LE HABLABA Y SE EMPEZO A DAR CUENTA QUE ERA MUCHA GENTE A LA QUE LE ESTABA HACIENDO ESO PUES LE EMPEZARON A LLEGAR SOLICIDES DE MUCHAS PERSONAS Y LE ENVIARON CAPTURAS DONDE OTRO FAEBOOK COMO EL DE ELLA LE ENVIO SOLICITUD COQUETEANDOLE Y DANDOLE DIRECCION EXACTA DE DODE TRABAJABA Y DEMAS AMIGOS DONDE HACIA LO MISMO Y COMO DECLARANDOLES AMOR, Y CUADO LE ENVIARON CAPTURAS POR COMO HABLABA Y LO QUE DECIA SE DIO CUENTA QUE ERA SU EXPAREJA QUIEN TERMINO APENAS HACE UNA SEMANA PUES IBAN A VIVIR JUNTOS PERO EL ES UN CHANTAGISTA HCE 2 SEMANAS LA GOLPEO SOLO POR QUE SE MOLESTO, IVBAN A VIVIR JUNTOS Y DESPUES LE DIJO QUE NO QUE FORSABAN LAS COSAS, PERO EL SIEMPRE SE LA PASABA EN CASA DE SU MAMA, CUANDO LE DIJO QUE NO QUERIA VIVIR CON ELLA, ELLA DECIDIO TERMINAR LA RELACION PUES NO ENTENDIA NADA SI YA HABIAN IDO HASTA LIMPIAR LA NUEVA CASA DONDE SE MUDARIAN, EL LE SALIO CON ESO Y CUANDO LO TERMINO LA EMPEZO A BUSCAR DE NUEVO, SIEMPRE ERA LO MISMO SI ELLA NO QUERIA VOLVER CON EL ERA GOLPE SEGURO POR ESO AHORA ELLA SE DECIDIO A YA NO VOLVER Y DESPUES SE ENTERO QUE LA HABIA TERMINADO PARA ESTAR CON LA MAAM DE SU HIJO Y ENTENDIO POR QUE NO QUISO VIVIR JUNTOS PRO AHORA PASA ESO Y YA NO ENTIENDE QUE LE PASA QUE DA INFORMACION DE ELLA DE ESA MANERA Y SOLO QUIERE QUE LA DEJE DE MOLESTAR Y DAR INFORMACION PUES TUVO QUE RENUNCIAR A SU TRABAJO POR MIEDO A QUE ALGUIEN LLGERA A BUSCARLA Y LAS AMENAZS QUELEHACIA",0,0.666666666666667,0.333333333333333,1,0,0,0
11020,"REFIERE USUARIA QUE EL DIA DE AYER MARTES A LAS 13:00 HRS DE LA TARDE, ELLA SE ENCONTRABA EN SU DOMICILIO CUANDO ESCUCHA QUE SU HIJO SE SALE DE LA CASA Y ELLA APROVECHA PARA IR A LA TIENDA, Y CUANDO REGRESO SU HIJO SE ESTABA PELIANDO CON SU HERMANO Y ELLA LE DIJO QUE YA NO SE PELEARAN Y SE ENCERRARON EN EL CUARTO, EL DIA DE HOY POR LA MAÑANA ELLA PASA POR SU CUARTO Y EMPEZO A INSULTAR A LA USUARIA YA PINCHE VIEJILLA YA DEJESE DE MAMADAD, NO SEA PINCHE PAYASA, AHORITA LE VOY A PONER UNA CONTRA DEMANDA PINCHE VIEJILLA RATERA, ELLA NO MARCO A LA POLICIA, DESEA PRESENTAR DENUNCIA ANTE MINISTERIO PUBLICO.",0,0.333333333333333,0,0.666666666666667,0,0,0.333333333333333
11027,"LA USUARIA MANIFIESTA QUE EL DIA DE AYER SU ESPOSO DECIDIO TERMINAR LA RELACION, A LO QUE LA USUARIA LE PIDIO QUE SE RETIRARA DE LA CASA, A LO QUE SU ESPOS SE NEGO, REFIERE QUE EL NO QUIERE SALIRSE DE LA CASA PERO QUE NO QUIERE ESTRA CON ELLA, COMENTA QUE EL LA A AGREDIDO FISICAMENTE Y PSICOLOGICAMENTE, A CAUSA DE ESTO LA USUARIA LLEVA UN PROCESO DE MEDICAMENTO CONTROLADO, COMENTA TAMBIEN QUE SU ESPOOS CONSTANTEMENTE LE HACE AMENZASAS Y LE DICE QUE LE QUITARA A LOS MENORES POR QUE ELLA ""ESTA LOCA"" , DESEA ASESORIA JURUDICA PARA LA GUARDIA Y CUSTODIA DE LOS MENORES, ADEMAS DE SU DIVOCRIO Y ATENCION PSICOLOGICA PARA ELLA Y LOS MENORES YA QUE ELLOS HAN PRESENCIADO LA VIOLENCIA.",0,1,0,1,0,0.666666666666667,0
11029,"USUARIA REFIERE QUE AGRESOR ES SU EX PAREJA Y MENCIONA DURARON 14 AÑOS EN UNION LIBRE Y SE SEPARARON. HACE 1 AÑO APROXIMADAMENTE AGRESOR SE COMPORTO AGRESIVO CON USUARIA GRITANDOLE MALDICIONES Y LLEGARON A UN ACUERDO EN QUE UN FIN DE SEMANA LOS IBA A TENER AGRESOR Y AL SIGUIENTE FIN DE SEMANA LOS TENDRIA USUARIA, Y ESTABLECIERON PENSION PERO EN OCACIONES NO LE DANA DINERO.
EL FIN DE SEMANA AGRESOR LE RECLAMO A USUARIA GRITANDOLE PENDEJA QUE NO HABIA VISTO HACE 1 MES A SUS HIJOS Y QUE SE ATENGA A LAS CONSECUENCIAS Y SE VA, DESPUES MADRE DE AGRESOR LE LLAMA Y LE RECLAMA A USUARIA DICIENDOLE QUE AGRESOR LE IBA HACER UN DESMADRE. 
USUARIA SOLICITA AYUDA PARA REALIZAR TRAMITE DE PENSION ALIMENTICIA Y GUARDA Y CUSTODIA, SE LE DA PLAN DE SEGURIDAD.",1,0,0,1,0,0.333333333333333,0
11031,"USUARIA REFIERE QUE POR LA TARDE EN SU CASA AGRESOR SE MOLESTO AL VER QUE ELLA HABIA SALIDO A LA TIENDA CON LA NIÑA, QUE LE RECLAMO Y LE DIJO QUE PRIMERO LO DEBIA ATENDER A EL, LE GRITA PENDEJA, PERRA, ENTRE OTRAS. LUEGO LA GOLPEA ESTRUJANDOLA DE LOS BRAZOS Y PEGANDOLE EN LA CABEZA CON LA MANO CERRADA, AL IGUAL LE ESTIRO EL PELO, USUARIA SALE CORRIENDO DEL CUARTO, LUEGO DE ESTO AGRESOR SE ALISTA PARA EL TRABAJO Y SE VA. USUARIA ACUDE A CASA DE SU TIA QUIEN LA AYUDA A SACAR SUS COSAS Y LLAMAN A LA PATRULLA. AGRESOR AL DIA DE HOY AGRESOR LA LLAMA CONSTANTEMENTE PERO USUARIA NO RESPONDE. REFIERE QUE ANTERIORMENTE AL IGUAL LA HA GOLPEADO EN LA CABEZA POR LO QUE REFIERE LE DAN PUNZADAS, REFIERE TAMBIEN HABER VIVIDO VIOLENCIA ECONOMICA PUES L ALIMITABA DE DINERO Y LE PROHIBIA SALIR A VER A SU FAMILIA. REFIERE QUE AGRESOR LA AMENAZA CON QUITARLE A LA MENOR Y QUE SU MAMA TRABAJA EN PRESIDENCIA, QUE TIENEN LAS INFLUENCIAS PARA QUITARLE A LA MENOR, REFIERE AGRESOR ANTES DE CONOCERLA FUE POLICIA Y QUE TIENE YA ANTECEDENTES POR VIOLENCIA FAMILIAR CON EX PAREJAS.
HACE NUEVE DIAS USUARIA TRATO DE DEJAR EL DOMICILIO Y REFIERWE AGRESOR LA TENIA ENCERRADA, AL ELLA QUERER ESCAPAR POR LA PUERTA DEL PATIO AGRESOR LA ALCANZA Y AMENAZA CON UN CUCHILLO PARA EVITAR QUE SE FUERA. AL IGUAL HACE UN MES LA AMENAZO DE MUERTE
PRESENTA DENUNCIA, SE LE DAN REQUISITOS DE GUARDA Y CUSTODIA Y PASA A PSICOLOGIA",0.666666666666667,1,0,1,0,0.666666666666667,0
11054,"EFIERE USUARIA QUE APROXIMADAMENTE A LAS 03:00H ELLA ESTABA ENSU CASA CON SU PAREJA LLEGA Y LE DIC QUE LE DE SU CELULAR Y QUE SE LO ESBLOQUE Y ELATIENE MIEDO ASI QUE LO HACE AL DIA SIGUENTE NO SE LO SA Y ACTUA EL COMO SI NADA PERO APROXIMADAMENTE A LAS 12:00 H LLEGO EL MOLESTO PARA ECIRLE QUE YA LE HABIA REVISADO EL ELULAR QUE TENIA MUCHOS AMANTES Y NOVIOS Y DE PUTA NO LA BAJABA ELLA LE DECIA QUE NO PERO SUS CELOS YA ERAN ENFERMISOS POR QUE YA VOLVIABA A VER A ALGUIN O DARLE LOS BUENOS DIAS Y EL SE MOELSTABA Y ELLLA YA ANDABA CON EL Y DEMAS COSAS EL LA CORRE E LA CAS PERO LE PIDIO UN MES PERO YA NO SOPORTO MAS Y ELLA SE SALIO DE LA CASA PERO YA NO LE DIO EL CELULAR Y SE EMPEZO A DAR CUENTA QUE ELLA YA NO TENIA ACCESO A NINGUNA DE SUS CUENTAS DE REDES SOCIALES, CORREOS, UBER, FACEBOOK, INSTAGRAM, TELEGRAM Y DEMAS Y QUE EN TELCEL LE HABIA CAMBIADO SU NUMERO A NOMBRE DE UN HOMBRE Y ELLA SUPO QUE ERA EL, REFIERE QUE SE HACE PASAR POR ELLA SUBE FOTOS A REDES SOCIALES DE SU GALERIA COMO SI FUERA ELLA, Y MANDA MENSAJES A SUS AMIGOS Y CONOCIDOS BUSCANDO INFORMACION DE SI LO ENGAÑA O ALGO ASI, Y APROXIMADAMENTE A LAS 20:00H A QUE LE REGRESARA SU CELULAR Y TODAS SUS CUENTAS Y EL LE DIJO QUE NO SABIA DONDE ESTABA Y QUE TEIA QUE BUSCARLO ELLA LE DIJO QUE ALGUNOS DE SUS CONTACTOS QUE LA ESTABA INVESTIGANDO Y EL NO LO NEGO Y LE DIJO QUE SI QUE YA SABIA TODO LO QUE TENIA EN SU CELULAR, ESTUVO AHI 15 MIN NO LE DIO NADA Y SE FUE",0,0,0.666666666666667,1,0,0,0
11062,"USUARIA REFIERE QUE AGRESOR ES SU ESPOSO, ULTIMO HECHO AGRESOR ADICTO AL ALCOHOL Y A DROGAS, AGRESOR AGARRA EL TELEFONO Y CUESTIONA UNAS IMAGENES QUE VIO, AFIRMANDO QUE ELLA LO ENGAÑA, AGRESOR LA AVIENTA, LE GRITA, LA INSULTA, ""ERES UNA PUTA, TIENES AMANTES, CULERA, TE VOY A MATAR"" USUARIA REFIERE QUE HACE MESES LA CORRETEO CON UN CUCHILLO, AYER AGRESOR INTENTA AGREDIR CON CUCHILLO A SU YERNO, USUARIA MANIFIESTA QUE AL PRINCIPIO SOLAMENTE ERA EL ALCOHOL, PERO AYER LE CONFIRMARON QUE SE DROGA, HIJA DE USUARIA LLAMA A LA POLICIA Y SE LO LLEVAN DETENIDO, USUARIA DESEA DENUNCIAR/ MEDIDA DE PROTECCION/ REQUISITOS DE DIVORCIO.",0,1,0.333333333333333,1,0,0.333333333333333,0
11063,"REFIERE USUARIA QUE EL DIA DE HOY A LAS 06:00 AM, ELLA SE ENCONTRABA EN SU DOMICILIO CUANDO SU PAREJA COMENZO A INSULTARLA LE DIJO QUE YA SE IBA A IR CON SU AMANTE EL EMPEZO A PEGARLEE A LAS PAREDES Y NO LA DEJO SALIR DEL DOMICILIO ELLA MARCO A LA POLICIA PERO LE QUITO EL CELULAR Y SIGUIERON DISCUTIENDO, ELLA LO EMPUJO Y SE SALIO DE LA CAS AY EL SALIO ATRAS DE ELLA Y A MITAD DE CAMINO SE REGRESO, ELLA DESEA PRESENTAR DENUNCIA ANTE MINISTERIO PUBLICO.",0,0.333333333333333,0.666666666666667,1,0,0,0
11067,"LA USUARIA MANIFIESTA QUE TIENE DOS AÑOS SEPRADA DE SU PAREJA, YA QUE CONSTANTEMENTE LA AGREDIA PSICOLOGICA Y FISICAMENTE, COMENTA QUE LLEVA UN PROCESO JURIDICO POR UNA PROPIEDAD A LO QUE EL LA EMPEZO A AMENZAR Y DCIRLE ""QUE PASARIA SI PLANEO UN CHOQUE COMO SI FUERA ACCIDENTE"" ""QUE PASARIA SI TU SOBRINA NO APARECE"" COMENTA LA USUARIA QUE EL ES ABOGADO Y LA AMENZABA CON QUE PODIA HACER MUCHAS COSAS PARA QUE ELLA NO ESTUVIERA EN PAZ. CONSTANTEMNTE LA HOSTIGA, REFIERE QUE NO LE DA NINGUNA APORTACION ECONOMICA PARA LA HIJA QUE TIENEN EN COMUN. DESEA DENUNCIAR PARA MEDIDA DE PROTECCION Y ATENCION PSICOLOGICA.",1,1,0,1,0,0.333333333333333,0
11068,"LA USUARIA MANIFIESTA QUE SU EX-APREJA FUE A RECOGER A SU HIJO, DISCUTIERON POR QUE EL NO QUERIA QUE SU HIJO SE LLEVARA UN JUGUETE, EL SE LO AVENTO EN EL BRAZO A LA USUARIA Y LE DEJO UN MORETON Y CUANDO SE FUE LE MANDO MNSJ AMENZANDOLA CON UN VIDEO INTIMO, AL IGUAL QUE PALABRAS OFENSIVAS, AL DIA SGUIENTE QUE REGRESO LE DIO UN BOLSA CON POPO DE SU HIJO, COMENRTA QUE SU EX-PAREJA LE DIJO QUE QUE ESE VIDEO YA LO HABIA SUBIDO A UNA PAGINA PORNOGRAFICA SIN SU CONSENTIMIENTO, QUE LE DIO UN DINERO DE UNA VENTA DE UNA CASA Y CUANDO ELLA LO QUISO REGRESAR EL LE DIJO QUE ASI LO DEJARA, QUE ERA POR LA PARTICIPACION EN EL VIDEO, YA QUE LE HABIA IDO BIEN. DESEA DENUNCIAR LA AGRESION FISICA Y LA DIFUSION DEL VIDEO INTIMO, DESEA TAMBIEN ATENCION PSICOLOGICA.",0.333333333333333,1,0.333333333333333,1,1,0,0
11082,VIOLENCIA PSICOLOGICA,0,0,0,0.666666666666667,0,0,0.333333333333333
11087,"USUARIA REFIERE QUE EL DIA LUNES ELLA IBA RUMBO A SU TRABAJO E IBA A TOMAR UN TAXI EN ESO SE PERCATA QUE LA VENIA SIGUIENDO UN HOMBRE Y LE PREGUNTA QUE SI CONOCIA CIERTA CALLE Y ELLA LE RESPONDE QUE NO, Y EL METE SU MANO A SU SHORT Y SACA SU CELULAR Y LE MUESTRA UN VIDEO PORNOGRAFICO. ACUDE A MINISTERIO PUBLICO.",0,0,0,0.666666666666667,1,0,0
11110,"MENCIONA QUE EL DIA DE AYER COMO A LAS 2:00 DE LA TARDE MPEZARON A DISCUTIR CUANDO ANDABAN EN PLAZA Y QUE SU ESPOSO LE DECIA UQE PAGARA EL ESTACIONAMIENTO Y ÉL SABIA QUE NO TANIA EFECTIVO Y LE AVENTO EL BOLETO AL PISO Y LE DIJO QUE LO PAGARA NO LE QUISO DAR DIENRO NI LEVANTAR EL BOLETO ELLA LE PIDE LA SLLAVES DE SU CAMIONETA Y LE DICE ÉL QUE NO ES DE ELLA Y CLARO QUE SI E DE ELLA POR QUE LA ESTA PAGANDO Y QUE CUANDO ELLA VIO QUE NO LE IBA A DAR LAS LLAVES LE ESTIRA DE LA BOLSA Y LA TIRA AL PISO Y ÉL TRAIA AL NIÑO AGARRADO DE LA MANO Y LA NIÑA ESTABA ATRÁS DE ELLA Y CUANDO SUELTA ÉL AL NIÑO SE VA DETRÁS DE ELLA Y SE METE AL AREA DEONDE SALEN LOS PEDIDOS Y QUE DEJO A LOS NIÑOS Y SALE A DARLE EL DINERO QUE ÉL LE PEDIA Y NO SE RETIRABA DE AHÍ HASTA QUE LLEGA LA POLICIA Y S LO LLEVA DETENIDO 
MENCIONA SON 6 AÑOS DE CASADOS DOS HIJOS EN COMUN, QUE EN UNA OCASIÓN INTENTO GOLPEARLA CON UNAS BAQUETAS DE BATERIA PERO NO LO LOGRO Y QUE ES CONSTANTE LOS GRITOS, INSULTOS Y OFENSAS",0.666666666666667,0.666666666666667,0.666666666666667,1,0,0,0
11120,"LA USUARIA REFIERE QUE DESDE QUE SE SEPARO DE SU PAREJA HACE 4 MESES EL NO LE DA DIENERO PARA ELLAY SU HIJO Y LA DEJO EN UNA CASA DE REBTA Y SE FUE , ELLA DESEA ASESORIA JURIDICA PARA TRAMITAR DEMNADA DE PENSION DE ALIMENTOS .",1,0,0,0.666666666666667,0,0,0
11139,"USUARIA REFIERE QUE AGRESOR ES SU PAREJA Y MENCIONA ULTIMO HECHO DE VIOLENCIA, COMENZARON A DISCUTIR Y AGRESOR COMENZO A GRITARLE MALDICIONES, LA ESTRUJO Y LA GOLPEO, ELLA LE DIJO QUE YA NO QUERIS SEGUIR ASI CON EL Y AGRESOR FUE A LLEVARLA CON SUS HIJOS A CASA DE FU SAMILIA.",0,1,0,1,0,0,0
11145,"USUARIA REFIERE QUE AGRESOR ES SU EX PAREJA Y MENCIONA SE SEPARARON HACE 6 MESES APROXIMADAMENTE, ULTIMO HECHO DE VIOLENCIA AYER AGRESOR LE EXIGE A USUARIA 15 MIL PESOS POR EL TIEMPO QUE VIVIERON JUNTOS Y LE DICE QUE SI NO SE LOS DA LA VA A MATAR , USUARIA REALIZO GRABACIONES PARA TENER EVIDENCIAS. 
USUARIA SOLICITA MEDIDAS D EPROTECCION PASA A MP, SE LE DA PLAN DE SEGURIDAD Y SE LE OFRECEN LOS SERVICIOS DEL CENTRO.",0.666666666666667,0,0,1,0,0,0
11171,"USUARIA MENCIONA QUE SU EX PAREJA ACUDIÓ HOY ENTRE LAS 12 Y LAS 1 DE LA MAÑANA A BUSCARLA Y LE DIJO QUE FUERA POR SUS COSAS, REFIERE QUE GOLPEO LA VENTANA DE LA CASA PERO ELLA NO ABRIÓ, SU EX PAREJA LE DIJO QUE ELLA NO LE HACÍA UN DESMADRE ERA PORQUE ESTABA LA NIÑA. USUARIA COMENTA QUE EL TOMA MUCHO Y QUE SE PONE AGRESIVO Y QUE YA ANTERIORMENTE YA LA HABÍA DENUNCIADO.",0,0,0.333333333333333,0.666666666666667,0,0.333333333333333,0
11182,"USUARIA MENCIONA QUE VIVIO SESIS AÑOS EN UNION LIBRE, UNA HIJA EN COMUN CON SU EX PAREJA DE QUIEN SE ENCUENTRA SEPARADA DESDE HACE DOS AÑOS APROXIMADAMENTE DEBIDO A VIOLENCIA PSICOLOGICA, FISICA Y ECONOMICA, SU EX PAREJA NO TRABAJABA Y ERAN SUS SUEGROS QUIENES CUBRIAN CON SUS GASTOS, POR LO QUE ELLA OPTO POR SEPARARSE DESPUES DE VARIOS INTENTOS. DESPUES DE SU SEPARACION CONTINUO EN CONTACTO CON SU EX PAREJA POR SU HIJA DE 4 AÑOS EDAD, EL CONVIVE CON LA MENOR DE VEZ EN CUANDO, A LA FECHA NO APORTA PENSION ALIMENTICIA. REFIERE QUE EX PAREJA LE PIDE CONVIVIR CON LA NIÑA, USUARIA PERMITIO QUE SE LA LLEVARA FUERA DE DOMICILIO POR UNA HORA APROXIMADAMENTE, AL REGRESAR SU EX PAREJA AL DOMICILIO PARA ENTREGAR A LA NIÑA, EL EMPIEZA A DISCUTIR CON USUARIA RECLAMANDO QUE LA NIÑA LE DIJO QUE EL NO ERA SU PADRE Y NO ERA PARTE DE SU VIDA, SU EX PAREJA LA CULPA DE MANIPULAR A LA NIÑA, USUARIA LE ACLARA QUE NUNCA LE HA DICHO ESOS COMENTARIOS A LA NIÑA, SIN EMBARGO SU EX PAREJA SE PONE AGRESIVO Y LE GRITA ""SI YO QUIERO TE PUEDO QUITAR A LA NIÑA, SI YO QUIERO PUEDO MATAR A TODA TU FAMILIA"" USUARIA LE PIDE QUE SE RETIRE DE LA CASA PERO EL SE NIEGA, POSTERIORMENTE SU EX PAREJA LA EMPUJO Y CONTIUABA AGREDIENDO DE MANERA VERBAL, USUARIA INGRESO A SU CASA POR TEMOR. HOY ACUDE A EXPONER LOS HECHOS Y DESEA EL APOYO PARA PRESENTAR LA DENUNCIA CORRESPONDIENTE, TAMBIEN SE BRINDA ASESORIA JURIDICA PARA TRAMITE DE GYC, SE CANALIZA AL AREA DE PSICOLOGIA.",1,0.666666666666667,0,1,0,0.333333333333333,0
11210,"USUARIA REFIERE QUE AGRESOR ES SU ESPOSO Y MENCIONA ULTIMO HECHO DE VIOLENCIA AYER AGRESOR LE GRITA A USUARIA QUE SE VAYA DE LA CASA PORQUE ES DE EL Y QUE PREFIERE TIRAR LA CASA A QUE ELLA VIVA, LE GITA MALDICIONES Y LE QUITO EL CELULAR, PERO DESPUES SE LO REGRESO.
USUARIA REFIERE QUE AGRESOR SE FUE DEL DOMICILIO DESDE HACE 1 AÑO. SOLICITA REQUISITOS DE DIVORCIO Y PENSION ALIMENTICIA, SE LE BRINDAN REQUISITOS Y PLAN DE SEGURIDAD.",0,0,0,1,0,0,0
11221,"USUARIA MENCIONA QUE VIVIO CINCO AÑOS EN UNION LIBRE, UNA HIJA EN COMUN CON SU EX PAREJA DE QUIEN SE SEPARO HACE CUATRO AÑOS DEBIDO A HECHOS DE VIOLENCIA FAMILIAR, REFIERE QUE DESDE SU SEPARACION SE HAN PRESENTADO HECHOS DE VIOLENCIA VERBAL, HA INTENTADO REGRESAR A CON USUARIA Y ELLA AL NEGARSE SU EX PAREJA REACCIONA VIOLENTO, EL HACE USO DE LAS REDES SOCIALES PARA REALIZAR PUBLICACIONES EN DONDE LA INSULTA Y DESACREDITA, ADEMAS UTILIZA IMAGENES DE USUARIA QUE ELLA TIENE EN SU CUENTA, COMENTA QUE EL DIA DE HOY NUEVAMENTE SE PERCATO QUE EL AGRESOR COMPARTIO UNA PUBLICACION EN UN GRUPO LLAMADO ""QUE TODO SE ENTERE"" EN DONDE EXHIBE UNA IMAGEN DE ELLA , DESACREDITANDO QUE ES UNA MALA MADRE, QUE ABANDONA A SUS HIJOS Y QUE ES UNA MUJER FACIL, POR LO QUE USUARIA ACUDE A EXPONER LOS HECHOS Y DESEA EL APOYO PARA PRESENTAR DENUNCIA CORRESPONDIENTE, TAMBIEN SE BRINDA ASESORIA PARA TRAMITE DE PENSION ALIMENTICIA Y REQUISITOS. SE ENTREGA PLAN DE SEGURIDAD.",0.333333333333333,0,0,1,0,0,0
11232,"REFIERE USUARIA QUE L DIA DE HOY APROXIMADAMETE A LAS 13:00H ELLA EN UN HOTEL CON ALGUIEN MAS QUE UNA AMIGA DE ELLA VIO QUE L SE METIO AHI ASI QUE ELLA FUE A SACRLO Y LO VIO CON LA AMANTE Y EL SE SORPRENDIO Y SE MLESTO Y LA QUISO GOLPEAR SOLO LA ESTRUJO DEL BRAZO PERO QUE AUN TIENE LASTIMADO POR EL CANCER PERO SU NIETA SE METIO Y EL NO LE PUDO PEGAR, EL SE SUBIO A SU CAMIONETA Y SE FUE PARA LA CASA Y ELLA SE FUE DETRAS DE ELA SU DOMICILIO Y AL LLGAR EL QUISO SACAR COSAS PERO ELLA LE DIJO QUE NO SE PUSO AGRESIVO QUE ERAN DE EL QUE A EL LE HABIAN COSTADO Y DICIENDOLE A SUS NITAS QUE ELLA SE IBA A MORIR QUE YA NO LES IBA A DURAR SU ABUELA LLEGO LA PATRULLA Y AL LLEGAR LE DIO PERMISO DE PASAR Y EL EMPEZO A MANOTEARLO Y LE ADVIRTIERON QUE NO FUERA TAN GROSERO, Y AMENAZO A LA USUARIA QUE SI LO DEMANDABA NO LE IBA A DAR DINERO, USUARIA REFIERE QUE YA NO LO QUIERE VER PERO SI REQUIERE QUE LE AYUDE ECONOMICAMENTE POR SU ENFERMEDAD.
REFIER QUE EL NO ES LA PRIMERA VEZ QUE LE ES INFIEL Y ELLAS LE HBLAN QUE EL DICE QUE SOLO ES UNA CARGA PARA EL Y QUE LE ESTORBA ELLA HA HBLADO CON EL QUE SI QUIERE SE SEPAREN PERO EL NO LO ACEPTA",0.666666666666667,0.666666666666667,0.666666666666667,0.666666666666667,0,0,0
11236,"USUARIA REFIERE QUE EL DIA SABADO LE ENCONTRO UNOS MENSAJES A AGRESOR QUIEN ES SU ESPOSO, LE RECLAMA POR ESTOS MENSAJES Y LE DICE QUE DEBIO DECIRLE LA VERDAD SI YA NO STABA AGUSTO CON ELLA, REFIERE QUE LE DOLIO LA TRAICION PUES HACE POCO OPERARON A AGRESOR Y ELLA FUE QUIEN ESTUVO CUIDANDOLO. LE DICE QUE DIOS LO AYUDE Y SE VAYA DE LA CASA, AGRESOR SE EXALTA Y SE NIEGA A IRSE, ACEPTA QUE TIENE A OTRA PERSONA Y USUARIA INSISTE EN QUE DEJE EL DOMICILIO. AGRESOR LA AMEDRENTA, QUE EL NO SE DEBE IR POR QUE ES SU CASA, LA TOMA DE LOS BRAZOS Y LA TIRA AL PISO, LE GRITA QUE LA OTRA ERA MEJOR QU ELLA, QUE SIN EL NO ERA NADA Y TOO LO QUE TENIA SE LO DEBIA A EL. SU HIJO AL ESCUCHAR LA DISCUSION SE LEVANTA Y AUXILIA A SU MAMA PERO AL IGUAL QUE A ELLA AGRESOR LO GOLPEA, MIENTRAS ESTO SUCEDE USUARIA PIDE EL APOYO DE UNA UNIDAD. AGRESOR AL ESCUCHARLA SE VA DE LA CASA. 
USUARIA PRESENTA DENUNCIA Y REFIERE YA HABER RECIBIDO ATENCION MEDICA.",0.333333333333333,1,0,1,0,0,0
11238,"USUARIA MENCIONA QUE TIENE OCHO AÑOS CASADA, UN HIJO EN COMUN CON SU ESPOSO DE QUIEN SE ENCUENTRA SEPARADA DESDE HACE SEIS MESES DEBIDO A VIOLENCIA PSICOLOGICA, FISICA, Y ECONOMICA YA QUE USUARIA DURANTE SU RELACION ES QUIEN CUBRE CON LA MAYORIA DE LOS GASTOS DEL HOGAR Y DE SU HIJO. , DESDE SU SEPARACION SU ESPOSO CONTINUA EJERCIENDO VIOLENCIA VERBAL, INSULTOS, OFENSAS, COMENTARIOS DESCALIFICATIVOS A SU PERSONA, LE DICE ""ESTAS LOCA MEDICATE"" LA MAYORIA DE LAS AGRESIONES SON POR MEDIO DE MENSAJES, REFIERE TAMBIEN QUE EL SE MOLESTA CUANDO USUARIA LE PIDE APORTAR ECONOMICAMENTE Y QUE SE INVOLUCRE EN LAS ACTIVIDADES DE SUS HIJOS, COMENTA QUE USUARIA LE ENVIA MENSAJES PARA PEDIRLE QUE RECOGA A SU HIJO DE SUS ENTRENAMIENTOS, SU ESPOSO RESPONDE QUE NO Y USUARIA EMPIEZA A RECLAMAR, SU ESPOSO NUEVAMENTE REACCIONA VIOLENTO CON INSULTOS DICIENDO ""ESTAS LOCA, NO VALES LA PENA"" USUARIA MENCIONA QUE DEBIDO A ELLO HA LLEGADO A TENER CRISIS DE ANSIEDAD, ACUDE A ATENCION PSICOLOGICA Y DESEA ´PRESENTAR DENUNCIA POR VIOLENCIA FAMILIAR, REFIERE QUE TRAMITE DE DIVORCIO LO LLEVARA DE MANERA PARTICULAR.",1,0.666666666666667,0,1,0,0,0
11286,DENUNCIA A PAREJA POR VIOLENCIA PSICOLOGICA,0,0,0,1,0,0,0
11288,"USUARIA MENCIONA QUE VIVIO OCHO AÑOS EN UNION LIBRE, NO TIENE HIJOS EN COMUN CON SU EX PAREJA DE QUIEN SE ENCUENTRA SEPARADA DESDE EL MES DE DICIEMBRE, SU SEPARACION FUE DEBIDO A VIOLENCIA FAMILIAR, PSICOLOGICA Y FISICA, DESDE SU SEPARACION SU EX PAREJA LA MOLESTA POR MEDIO DE MENSAJES DE WHATSAPP Y TEXTO PARA INSULTAR, LE ENVIA IMAGENES DE LAS SUSTANCIAS QUE EL CONSUME, REFIERE QUE POR LA MADRUGADA RECIBIO LOS ULTIMOS MENSAJES DE SU EX PAREJA DICIENDO "" PINCHE PUTA CON EL QUE TE VEA TE VOY A PARTIR LA MADRE JUNTO CON EL"" POR LO QUE USUARIA HA OPTADO POR BLOQUEARLO DE REDES SOCIALES, USUARIA DESEA PRESENTAR DENUNCIA, SE CANALIZA A MP Y AREA DE PSICOLOGIA.",0,0.333333333333333,0,0.666666666666667,0,0,0
11312,"ANTECEDENTES DE VIOLENICA:
EMPEZARON LOS ACOSOS POR PARTE DE ESTE DESCONOCIDO YA QUE ACUDÍA A MI DOMICILIO A DEJARME COSAS AFUERA DE MI CASA (COMIDA, PAN, FRITOS) PERO SIEMPRE LAS DEJABA AFUERA Y AL DÍA SIGUIENTE LAS QUITABA. 
CUANDO SALÍA POR LA COLONIA DE MI CASA ESTE DESCONOCIDO ME MIRABA DESDE UNA ESQUINA Y INTENTABA ACERCARSE A MI PERO LO QUE HACIA ERA METERME A MI DOMICILIO POR MIEDO.",0,0,0,1,0,0,0
11324,"ANTECEDENTES DE VIOLENCIA: 
CUANDO ESTAMOS CASADOS MI EX PAREJA ME GENERABA VIOLENCIA FÍSICA.",0,1,0,0,0,0,0
11342,"LA USUARIA REFIERE QUE SE SEPARO DE SU ESPOSO HACE 4 MESES POR VIOLENCIA PSICOLOGICA COMO INSULTOS, DESEA ASESORIA JURIDICA PARA TRAMITAR DIVORCIO, PENSION DE ALIMENTOS Y GUARDA Y CUSTODIA. YA QUE REFIERE QUE EL LE DA DE DINERO LO QUE EL QUIERE Y CUANDO QUIERE. Y LA AMENAZA DICIENDOLE QUE SI ELLA LE METE LA DEMANDA EL VA A DEJAR DE TRABAJAR PARA NO DARLE DINERO . TAMBIEN REFIERE QUE EL MARTES A LAS 4 PM FUE A LA CASA Y LE QUITO Y FORCEJEARON PORQUE EL QUERIA LAS LLAVES DE LA CASA ALEGANDO QUE ESA CASA ES DE EL Y QUE EL PUEDE ENTRAR CUENDO EL QUIERA, LA USUARIA NO DESEA LEVANATR DENUNCIA POR VIOLENCIA SOLO ASESORIA JURIDICA.",1,0.666666666666667,0.666666666666667,1,0,0,0
11344,"USUARIA MENCIONA QUE TIENE SESIS AÑOS VIVIENDO EN UNION LIBRE, DOS HIJOS EN COMUN CON SU PAREJA DE QUIEN TIENE UNA SEMANA SEPARADA POR INFIDELIDAD, REFIERE QUE DURANTE SU RELACION HA VIVIDO VIOLENCIA PSICOLOGICA, VERBAL, SEXUAL , ECONOMICA Y FISICA, LA MAYORIA DE LAS AGRESIONES SE PRESENTAN CUANDO SU PAREJA ESTA ALCOHOLIZADO SE PONE ARESIVO CON ELLA , LE GRITA, LA INSULTA, RELIZA COMENTARIOS OFENSIVOS HACIA SU FISICO. COMENTA QUE DURANTE ESTA SEMANA SU PAREJA LE DIJO QUE NO APORTARIA ECONOMICAMENTE Y QUE ELLA LE HAGA COMO PUEDA, EL DIA DE HOY SU EX PAREJA SE ENCONTRABNA EN SU DOMICILIO Y EMPEZO A AGREDIR VERBALMENTE, ESTUVO AMENAZANDO A USUARIA CON LLEVARSE A LOS NIÑOS AL ESTADO EN DONDE EL TIENE A SU FAMILIA, LE GRITO ""NO VALES MADRE, ESTA SOLA"" LA GOLPEO EN LA CABEZA CON EL PUÑO CERRADO, LA SUJETO DE LOS BRAZOS PARA AVENTARLA HACIA UNA CAMA, USUARIA LO RASGUÑA DE LA CARA PARA QUITARSELO DE ENCIMA, DESPUES EL AGRESOR SE RETIRO DEL DOMICILIO, USUARIA NO HA RECIBIDO ATENCION MEDICA, ACUDE A EXPONER LOS HECHOS Y SOLICITA EL APOYO PARA DENUNCIAR, SE CANALIZA A MP Y ATENCION PSICOLOGIC, SE BRINDA ASESORIA PARA TRAMITE DE CUESTIONES FAMILIARES GYC Y PENSION ALIMENTICIA.",1,1,0,1,1,0.333333333333333,0
11352,SE ANEXA HOJA DE HECHOS AL FINAL DE CEDULA,0,0,0,0,0,0,1
11356,"USUARIA REFIERE QUE A LAS 8:00 PM APROXIMADAMENTE IBA CAMINANDO EN LA CALLE ACOMPAÑADA DE SU SUEGRA Y PAREJA, SE DIRIGIAN A UNA TIENDA, AL IR CAMINANDO UN SUJETO DE 20 AÑOS APROX SE ACERCA A ELLOS Y LE PEGA UNA NALGADA A USUARIA, LA PAREJA DE USUARIA LE RECLAMA PORQUE LA TOCO, EL AGRESOR LE DIJO ""PORQUE QUISE SOLO FUE UNA NALGADITA"" EL AGRESOR AGRESIVO INTENTO GOLPEAR A LA PAREJA Y SUEGRA DE USUARIA QUIENES LA ESTUVIERON DEFENDIENDO, OTRAS DOS PERSONAS DEL SEXO MASCULINO QUE ESTABAN PRESENCIANDO LOS HECHOS SOMETIERON AL AGRESOR PARA TIRARLO AL PISO, SE LLAMO EMERGENCIAS Y ACUDIO POLICIA MUNICIPAL PARA DETENERLO USUARIA ACUDE A DENUNCIAR LOS HECHOS Y SE CANALIZA A MP PARA DENUNCIA CORRESPONDIENTE.",0,1,0,0.333333333333333,1,0,0
11362,"USUARIA REFIERE QUE AGRESOR ES SU ESPOSO Y MENCIONA SIEMPRE HA SUFRIDIO VIOLENCIA VERBAL Y FISICA, ULTIMO HECHO DE VIOLENCIA EL SABADO A SU AGRESOR LE LLEGO LA DEMANDA DE DIVORCIO Y ELLA LE PIDIO A SU HERMANO QUE LE AYUDARA A SACAR SUS PERTENENCIAS, PERO AGRESOR COMENZO A GRITARLE MUCHAS COSAS Y LA JALO DE LOS BRAZOS ESTRUJANDOLA Y LA BESABA A LA FUERZA, ELLA COMENZO A LLORAR Y AGRESOR LA SOLTO. LOS HIJOS DE USUARIA 2 MAYORES Y UN MENOR DE EDAD SE QUEDARON CON AGRESOR YA QUE EL LOS CHANTAJEA. 
USUARIA REFIERE YA LLEVA TRAMITE DE DIVORCIO CON ABOGADA PARTICULAR.",0,1,0,1,0.333333333333333,0.333333333333333,0
11377,"ME SEPARE DE MI ESPOSO, DEBIDO A QUE NO SABE LEER Y VIO UN MENSAJE DE UN CORAZÓN ROTO EN MIS CONVERSACIONES EMPEZÓ A DECIRME “TÚ ME ESTAS ENGAÑANDO, YO TRABAJANDO Y LA PINCHE VIEJA DE MANTENIDA”, EN ESE MOMENTO TOME MIS COSAS Y ME RETIRE, YA QUE TEMÍA QUE ME AGREDIERA FÍSICAMENTE, YA QUE ME HABÍA ESTRANGULADO. DESPUÉS EMPEZÓ A SACAR MI ROPA AL PORCHE.",0,1,1,1,0,0,0
11386,DENUNCIA A ESPOSO POR V. FISICA Y PSICOLOGICA,0,1,0,1,0,0,0
11388,"USUARIA MENCIONA QUE TIENE DOS AÑOS EN UNION LIBRE, UN HIJO EN COMUN CON SU PAREJA (AUN NO RESGISTRADO )CON QUIEN VIVE VIOLENCIA PSICOLOGICA Y VERBAL, SON GRITOS, OFENSAS, LA CORRE DEL DOMICILIO, SE HAN PRESENTADOS HECHOS DE VIOLENCIA FISICA. USUARIA TIENE TRES SEMANAS QUE SE ALIVIO DE SU MENOR DE SU HIJO, HA ESTADO DISCUTIENDO CON SU PAREJA PORQUE DESLINDA SOBRE LOS CUIDADOS DELMENOR, EL SE LA PASA EN EL DOMICILIO DE LA MADRE Y NO ESTA AL PENDIENTE DE ELA Y DE SU HIJO, ADEMAS QUE ESTA LIMITANDO EN LOS GASTOS Y NECESIDADES DEL MENOR. REFERE QUE DISCUTE CON SU PAREJA POR DICHA SITUACION Y EL REACCIONA VIOLENTO, EMPIEZA A GRITAR, LA SUJETO DE LOS BRAZOS Y TORCIO LOS DEDOS DE UNA MANO, USUARIA SE DEFIENDE Y LO CACHETEA, SU PAREJA LA ESTUVO INSULTANDO DICIENDO ""ESTAS LOCA"", USUARIA CONTINUO EN EL DOMICILIO Y NUEVAMENTE LA AGREDE DE MANERA VERBAL Y LA CORRE DEL DOMICILIO, USUARIA ACUDE A EXPONER LOS HECHOS Y DICE QUE NO CUENTA CON REDES DE APOYO, POR EL MOMENTO NO PUEDE SALIRSE DEL DOMICILIO, QUIERE TRATAR DE LLEGAR A UN ACUERDO CON SU PAREJA, SIN EMBARGO SE BRINDA ORIENTACION AL RESPECTO Y SE RESUELVEN DUDAS, NO DESEA PRESENTAR DENUNCIA POR VIOLENCIA FAMILIAR.",0.666666666666667,1,0.333333333333333,1,0,0,0
11402,DENUNCIA A NOVIO POR V. FISICA Y PSICOLOGICA,0,0.666666666666667,0,0.666666666666667,0,0,0.333333333333333
11415,SE ANEXA HOJA DE HECHOS AL FINAL DE CEDULA,0,0,0,0,0,0,1
11422,"USUARIA MENCIONA QUE TENÍA UNA RELACIÓN DE 9 AÑOS CON SU PAREJA DE LA CUAL SE SEPARÓ EL DÍA DOMINGO YA QUE EL LE FUE INFIEL Y ESTE PREFIRIÓ IRSE DE LA CASA CON SU NUEVA PAREJA, A LO CUAL EL LE PIDIÓ QUE EL ENTREGARA UN CARRO DE LOS 2 QUE TIENEN, A LO QUE USUARIA SE NIEGA YA QUE ALEGA QUE SON DE ELLA, REFIERE QUE EL LA AMENAZO QUE SE ATUVIERA A LAS CONSECUENCIAS YA QUE LA CASA ESTÁ A NOMBRE DE ÉL Y QUE EL YA HABÍA METIDO DEMANDA PARA DARLE PENSIÓN A SUS HIJOS Y QUE LE TOCARÍAN $1100 POR SEMANA A LO QUE LA USUARIA NO LOS QUIERE YA QUE ELLA MENCIONA QUE NO LE INTERESA ESO, QUE ELLA SE QUIERE QUEDAR CON LA CASA Y SUS HIJOS.",0.333333333333333,0,0.333333333333333,0.666666666666667,0,0,0.333333333333333
11426,"LA USUARIA MANIFIESTA QUE APROXIMADAMENTE A LAS 8:00 PM UBICADA EN EL DOMICILIO, EL AGRESOR QUE ES SU EXNOVIO ARRIBO AL DOMICILIO DE LA USUARIA DICIENDOLE ""SABES QUE ESTUPIDA NO VOY A PERMITIR QUE SEA HAS FELIZ ASI COMO TU SALIAS CON TU MAMADAS DE CORRERME A MIS NOVIAS ASI YO TAMBIEN"" ELLA DESEA PRESENTAR DENUNCIA YA QUE TYEME POR SU INTEGRIDAD Y SIEMPRE LA ESTA MOLESTANDO HACIENDO FACEBOOK FALSOS, TOMARA TERAPIA PSICOLOGICA GRUPAL",0,0,0,1,0,0,0
11428,"USUARIA MENCIONA QUE ESTA TENIENDO PROBLEMAS CON SU HIJO Y ESTE ESTA HACIENDO DESMANES EN SU CASA, LE PRESTA COSAS A SUS AMIGOS QUE SON LA USUARIA ASÍ COMO MENCIONA QUE SE LLEVA COSAS DE SU COSA Y EL LE HABLA CON GROSERÍAS, MENCIONA QUE ELLA YA ESTA MUY CANSADA DE ESTA SITUACIÓN, ELLA MENCIONA QUE LE PRESTO UN CELULAR EN LO QUE EL COBRABA EL AFORE PARA COMPRARSE OTRO Y ELLA MENCIONA QUE NO LE QUIERE REGRESAR EL TELÉFONO.",0,0,1,1,0,0,0
11448,"ME SEPARE DE MI AUN ESPOSO HACE 2 AÑOS YA QUE PELEÁBAMOS MUCHO Y AGREDIRNOS ENTRE LOS DOS POR LO CUAL TOME LA DECISIÓN DE SEPARARME, AL SEPARARNOS MI EX PAREJA SOLO ME DIO DURANTE 6 MESES PENSIÓN ALIMENTICIA DE $500 PESOS Y LUEGO DE $250 PESOS PERO NO CONVIVÍA CON EL, SOLO CUANDO LO E LLEVADO A CASA DE SU ABUELA PATERNA ES CUANDO EN OCASIONES CONVIVE CON NUESTRO HIJO, ACTUALMENTE TIENE DESDE OCTUBRE QUE NO ME BRINDA LA PENSIÓN ALIMENTICIA CUANDO SE LO E SOLICITADO MI EX PAREJA ME IGNORA O ME CONTESTA LOS MENSAJES SU PAREJA ACTUAL DICIENDO QUE SOLO LO BUSCO POR EL DINERO, EL DÍA DE HOY EL PEDIATRA ME DIJO QUE MI MENOR HIJO TIENE UN QUISTE EN LA GARGANTA A LO CUAL NO TENGO SEGURO MEDICO PARA TRATARLO, MI SUEGRA ME COMENTO QUE MOVERÍA A MI EX PAREJA PARA QUE DIERA DE ALTA A MI HIJO EN EL SEGURO (DESCONOZCO DONDE TRABAJA MI EX PAREJA).",1,0,0.333333333333333,1,0,0,0
11455,"LA USUARIA REFIERE QUE SU ESPOSO DE QUIEN TIENE SEPARADA 1 AÑO, A LAS 11 AM , SU VECINA LO VIO ENTRAR A SU CASA Y LE QUITO LAS PUERTAS Y SE LLEVO DE SU CASA UN ESPEJO , UNA REPISA, UNA BOCINA , UN SILLON, EL TINACO, UNA PANTALLA DE 45 PULGADAS Y DINERO QUE DEJO PARA EL DESAYUNO DE LOS NIÑOS , REFIERE QUE DESDE LA MAÑANA LE LLAMO PERO ELLA NO LE CONTETSO Y POR ESO SE METIO A ROBARLE , PERO REFIERE QUE EL LA BUSCA EN SU TRABAJO , Y LE DICE QUE ""QUITA LA DEMANDA DE PENSION DE ALIMENTOS "" O VOY A SEGUIR MOLESTANDO "" ADEMAS DE ACOSARLA Y HOSTIGARLA DICIENDOLE "" SALTE DE L ACASA"" REGRESA CONMIGO "" PERO ELLA NO QUIERE , DESEA LEVANTAR DENUNCIA Y MEDIDA DE PROTECCION.",0.666666666666667,0,0.666666666666667,0.666666666666667,0,0,0
11458,DENUNCIA A EX PAREJA POR V. FISICA Y PSICOLOGICA,0,0.666666666666667,0,0.666666666666667,0,0,0.333333333333333
11471,"USUARIA REFIERE AGRESOR ES SU ESPOSO MENCIONA LO DENUNCIO EL SABADO POR VIOLENCIA FAMILIAR, EL DIA DE AYER USUARIA VINO POR SUS MEDIDAS DE PROTECCION EN MINISTERIO PUBLICO Y NOTIFICARON AL AGRESOR POR LO QUE SE PUSO MUY AGRESIVO, Y HACKEO CELULAR DE USUARIA INTERFIRIENDOLO, AGRESOR LE DIJO QUE LE MANDARA LA ORDEN QUE LE PUSO, Y EL COMENZO A DECIRLE A QUE NO ERA JUSTO, PORQUE LE IBA AFECTAR EN SU TRABAJO.
EL DIA DE HOY AGRESOR LE MANDO MENSAJE Y LE DIJO NO ESTA LA FACTURA DEL CARRO TE ENCARGO QUE ME LO ENTREGUES CON EL CARRO POR FAVOR NO EMPEORES LAS COSAS.
USUARIA REFIERE QUE REALIZO EL TRAMITE DE DIVORCIO HACE 7 AÑOS PERO NO SABE SI SE CONCLUYO. 
USUARIA PASA A JURIDICO Y MP.",0.666666666666667,0,1,1,0,0,0
11493,"REFIERE USUARIA QUE EL DIA MARTES A LAS 16:30 YRS DE LA TARDE, ELLA SE ENCONTRABA CON SU EX PAREJA BAJANDOSE DEL CARRO Y SU EX PAREJA LE DIO UN GOLPE CON EL PUÑO CERRADO EN SU RODILLA, EL LA INSULTO, LE DIJO QUE ERA UNA PUTA UNA MIERDA, ELLA NO MARCO A LA POLICIA, DESEA PRESENTR DENUNCIA ANTE MINISTERIO PUBLICO.",0,1,0,1,0,0,0
11494,"USUARIA MENCIONA QUE DESDE HACE CUATRO MESES HA ESTADO VIVIENDO VIOLENCIA PSCOLOGICA Y VERBAL POR UNO DE SUS HIJOS DE 33 AÑOS DE EDASD, A USUARIA LE DICE QUE LA ODIA, ES GROSERO CON ELLA, ADEMAS ELLA SE HA PERCATO QUE CONSUME MARIHUANA PERO EL SOLO SE BURLA, LE DICE QUE NO SE META PORQUE A ELLA NO LE IMPORTA, REFIERE QUE RECIENTEMENTE HA ESTADO EJERICIENDO VIOLENCIA CON OTRO DE SUS HERMANOS, EL AGRESOR GOLPEO A SU HERMANO, USUARIA SE ENCONTRABA EN SU CENTRO DE TRABAJO Y OTRO DIA AL LLEGAR A SU CASA LE RECLAMA AL AGRESOR, EL LA ESTUVO AGREDIENDO VERBALMENTE, AMENAZO CON VOLVER A GOLPEAR A SU HERMANO, CONDICIONO A USUARIA PARA QUE EL SE VAYA DE LA CASA, ES QUE ELLA LE PAGUE LA RENTA DE OTRA CASA. USUARIA ACUDE A EXPONER LOS HECHOS Y DESEA EL APOYO PARA DENUNCIAR LA VIOLENCIA, SE CANALIZA AL AREA DE PSICOLOGIA.",0.333333333333333,0,0,1,0,0.333333333333333,0
11496,"US REFIERE QUE EL DIA JUEVES APROX 16:30 COMENZO A AGREDIRLAS GRITANDOLES NI SABEN COMO LES VA A IR,VAN A VOLAR CABEZAS,TOMO UNA MASCOTA(UNA TORTUGA) Y LA AZOTO CONTRA EL SUELO HABLA A DSPM AVENTO LOS MUEBLES (EL VENTILADOR,Y GUARDA ROPA)LA INSULTO ""HIJA DE SU PUTA MADRE,NI SABEN COMO LES VA A IR.INTENTO QUEMAR UNA MOTOCICLETA,REFIERE QUE EL INCENDIA COSAS FRECUENTEMENTE. *EL PR ESTA ANEXADO DESDE EL DIA DE AYER,SALIO HACE 5 MESES DEL ANTERIOR",0,0.333333333333333,0.666666666666667,0.666666666666667,0,0,0
11499,SU PAREJA LA AGREDIO FISICAMENTE A CASUA DE QUE ESTE QUERIA DINERO PARA LA DROGA,0,1,0,0,0,0,0
11510,"USUARIA REFIERE QUE AGRESOR ES SU ESPOSO Y MENCIONA DESDE AYER AGRESOR DISCUTIO CON USUARIA POR CELOS, HOY A LAS 5:40 AM AGRESOR LLEGO ALCOHOLIZADO AL DOMICILIO Y DESPERTO A USUARIA, COMENZO A GRITARLE CON QUIEN ANDAS Y CON QUIEN TE ANDAS REVOLCANDO SEGURO ANDAS DE PUTA,Y AMENAZO CON QUITARLE A SUS HIJOS Y DEJARLA EN LA CALLE, SE SUBE ENCIMA DE USUARIA Y GOLPEA LAS ALMOHADAS. 
USUARIA CREE QUE AGRESOR ESTA CONSUMIENDO DROGAS DEBIDO A QUE SE HA VUELTO MUY AGRESIVO. 
USUARIA SOLICTA MEDIDAS DE PROTECCION PASA A MP, SE LE DA PLAN DE SEGURIDAD Y REQUISITOS DE DIVORCIO.",0,0.333333333333333,0,1,0,0,0
11521,"USUARIA REFIERE QUE AGRESOR ES SU PAREJA MENCIONA ULTIMO HECHO DE VIOLENCIA EL LUNES 10:00 PM USUARIA ESTABA CON UN AMIGO DE EL YA QUE EL LE PIDIO AYUDA, AGRESOR LLEGO Y LE DIJO QUE HACES AQUI YA ANDAS DE PUTA , LE AVENTO UN VASO CON COCA Y AGRESOR LE AVENTO PIEDRAS AL CAMION DEL TRABAJO DE USUARIA Y LE QUEBRO 5 VIDRIOS, TAMBIEN LE AVENTO PIEDRAS AL CAMION DEL AMIGO DE USUARIA, DESPUES FORCEJEO CON USUARIA LA GOLPEO Y LE DIJO QUE ERA UNA PUTA, UNAS PERSONAS QUE VIERON LA AGRESION AUXILIARON A USUARIA.",0,0.666666666666667,0.666666666666667,1,0,0,0
11530,"USUARIA RFEIERE QUE EL DIA SABADO SU EX PAREJA LE ROBO SU CARTERA QUE TRAIA UNA CANTIDAD APROXIMADAMENTE 2,400 PESOS COMENTA QUE LE HA OCASIONADO DAÑOS MATERIALES ANTERIORMENTE. ACUDE A MINISTERIO PUBLICO.",0.666666666666667,0,1,0,0,0,0
11534,REFIERE USUARIA QUE LLEVA SEPARADA DE SU ESPOSO 10 MESES Y VA DIARIO A SU CASA QUE PARA DEJARLE DINERO A SU HIJA PERO DESDE HACE COM 3 MESES EMPEZO A EMPEORAR LAS COSAS Y LLEGA A INSULTARLA PRIMERO QUE QUIERE HABLAR CON ELLA QUE ELLA ANDA DE PUTA Y DE VOLADA QUE ANDA CON MUCHOS HOOMBRES EL DIA DE AYER APROXIMADAMENTE A LAS 20:00H ELLA ESTABA EN SU CASAY LLEGO EL Y FUE LO MISMO A INSULTARLA PERO DESPUES SE LE QUISO IR A LOS GOLPES PUES ELLA LE DIJO QUE YA IBA A EMPEZAR CON SUS COSAS ELLA CAMINO Y EL LA ESTIRO Y LE DIJOQUE AU NO TERMNBA QUE LE DIJERON QUE ANDA CON UN HOMBRE Y ALSO LA MANO PARA TIRAR EL GOLPE PEROLA USUARIA SALIO CORRIENDO PARA METERSE Y SU HIJA LE PIDO AYUDA A SU ABUELITO Y EL SALIO Y LE DIJO QUE SE FUERA DE SU CASA QUE TODOS LOS DAS IBA SOLO PARA HACERLA DE PLEITO SE FUE Y REGRESO A GRITAR QUE IBA A IR A GOLPEAR CON EL QUE ELLA SUPUESTAMENTE ANDABA Y QUE SI LA VEIA EN LA CALLE CON OTRO TAMBEN LA IBA A GOLPEAR,0.333333333333333,1,0,1,0,0,0
11560,"USUARIA MENCIONA QUE TIENE TREINTA AÑOS VIVIENDO CON SU ESPOSO CON QUIEN TIENE TRES HIJAS EN COMUN, HA ESTADO VIVIENDO VIOLENCIA PSICOLOGICA Y VERBAL, LA MAYORIA DE LAS AGRESIONES SE PRESENTAN CUANDO SU ESPOSO INGIERE ALCOHOL, EL ULTIMO HECHO DE VIOLENCIA SE PRESENTO A LAS 9:00 PM APROXIMADAMENTE, SU ESPOSO ESTABA INGIRIENDO ALCOHOL Y EMPEZO A DISCUTIR CON UNA DE SUS HIJAS, USUARIA INTERVINO PARA DEFENDERLA Y SU ESPOSO EMPEZO A CORRERLAS A AMBAS, LES GRITO ""TENGO GANAS DE GOLPEARLAS Y TENGO GANAS DE A HACER UN DESMADRE"" USUARIA OPTO POR IRSE DE LA CASA POR MIEDO AL AGRESOR, ACTUALMENTE ESTA RESGUARDADA EN CASA DE UNA HERMANA, ACUDE A EXPONER LOS HECHOS Y DESEA PRESDENTAR DENUNCIA CORRESPONDIENTE, SE CANALIZA AL AREA DE MP Y SE BRINDA PLAN DER SEGURIDAD, SE ENTREGARON REQ DE DIVORCIO, POR EL MOMENTO NO DESEA ATENCION PSICOLOGICA.",0,0,0,1,0,0,0
11577,"LA USUARIA REFIERE QUE SU EX PAREJA A LAS 10:30 PM , LLEGO Y LE DIJO "" ERES UNA PENDEJA "" "" SI TE GUSTA ANDAR DE PUTA MUEVETE "" ESAS COSAS SON MIAS "" YO NO TE VOY A DEJAR A CAMIONETA "" TE LA VASA PALEAR "" TE VAS A CHINGAR TU MADRE TU Y TUS HIJAS "" VAS A VALER VERGA "" ESTAS BIEN PENDEJA "" TE VA A CARGAR A CHINGADA "" REFIERE QUE SU EX PAREJA SE LEVO LAS CAMIONETA A GUARDA A CASA DE SU MAMA PERO QUE ESTAN A NOMBRE DE LOS DOS , DESEA LEVANTAR DENUNCIA Y MEDIDA DE PROTECCION,",0.333333333333333,0,1,1,0,0,0
11587,"EL SÁBADO MI EXPAREJA ACUDIÓ A MI DOMICILIO PARA LLEVARME A NUESTRO HIJO DE 6 AÑOS, DESDE SU CARRO ME GRITO: “EL NIÑO ES BIEN CHIFLADO, MUGRE HUERCO CULERO, NO SE DEJA CORTAR EL PELO EL CULERO” “NO SIRVES PARA NADA PUTA”, NUESTRO HIJO LLEGO LLORANDO, NO QUERÍA HABLAR. 
EL DOMINGO MI HIJO ME PLATICA QUE LO DEJO SOLO EN EL CARRO Y ÉL SE FUE A SUBIR A OTRO, DESPUÉS LO DEJO SOLO EN SU CASA HASTA QUE LLEGO SU ABUELA.",0,0,0,1,0,0.666666666666667,0
11597,"EL DIA DE AYER FUI CON MISA AMIGAS A VER UN JUEGO DE FUTBOL, ME LLEVE A MI HIJA MAYOR, CUANDO LLEGO A LA CASA MI PAREJA ESTABA ALCOHOLIZADO Y SE AFERRA A QUERER MANEJAR, YO LE DIGO QUE NO Y EL SE MOELSTA, ME AGREDE CON LA CABEZA EN LA FRENTE Y ME INSULTA DICIENDOME TE FUISTE DE PUTA, TE LLEVASTA A TU HIJA Y TE VALE, CUANDO ME GOLPEA YO ME CAIGO Y ME TOMA CON FUERZA DEL CUELLO, YO LE DI UNA PATDA PARA DEFENDERME, EL SE CAE Y LUEGO ME TOMA DEL CABELLO CON FUERZA, SU AMIGO INTERVIENE PARA DEFENDERME Y MI PAREJA ME DICE VAS A VALER VERGA, LUEGO QUEBRA EL VIDRIO DEL CARRO, YO LE LLEME A LA PATRULLA PERO CUANDO LLEGARON YA SE HABIA IDO... DESEA DENUNCIAR ANTE MINSITERIO PUBLICO,",0,1,1,1,0,0,0
11609,"DENUNCIA A EX PAREJA POR V, FISICA Y PSICOLOGICA",0,1,0,1,0,0,0
11618,"APROX A LAS 9:30PM US REFIERE,LLEGUE A MI DOMICILIO ESTABA DISCUTIENDO EL PR CON MIS HIJAS INTERVINE Y EL ME EMPUJO,ME LEVANTO,ME TOMO DEL CUELLO CON UNA DE SUS MANOS Y ME APRETO CON FUERZA,NO PODIA RESPIRAR Y HIJA LLAMO A LA POLICIA",0,1,0,0.333333333333333,0,0,0
11622,"USUARIA REFIERE QUE CUANDO ELLA TENÍA 4 AÑOS SU TÍO PATERNO LE BAJABA SU ROPA INTERIOR Y ESTE LE PASABA SU PENE POR LA VAGINA EN REPETIDAS OCASIONES, REFIERE QUE NUNCA LA VIOLO SOLO FUE ABUSO SEXUAL Y QUE SOLO LE TOCO SUS PARTES ÍNTIMAS Y LA AMENAZO CON QUE MATARÍA A SU PADRES, ESTO OCURRIÓ HACE 19 AÑOS. CUANDO ELLA TENÍA 16 AÑOS ESTE LA BESO SIN SU CONSENTIMIENTO, ASÍ COMO TAMBIÉN QUE CUANDO ELLA TENÍA 18 AÑOS ESTE LA FUE A BUSCAR A SU CASA Y LE PIDIÓ PASAR A LA CASA Y ELLA SE NEGÓ.",0,0,0,0.666666666666667,0.666666666666667,0.333333333333333,0
11623,"USUARIA REFIERE QUE TENÍA UNA AMISTAD DE 2 AÑOS CON UN CHICO, A LO CUAL ESTABAN TOMANDO EN CASA DE EL, ELLA REFIERE QUE YA ESTABA MUY TOMADA A LO QUE NO RECUERDA BIEN LO QUE PASO PERO REFIERE QUE CUANDO MEDIO RECOBRO LA CONCIENCIA ESTA SE DA CUENTA QUE SOSTUVO RELACIONES SEXUALES CON EL MAS ELLA NO RECUERDA SI FUE O NO CON SU CONSENTIMIENTO YA QUE ELLA REFIERE QUE ESTE LE TOMO VIDEOS SOSTENIENDO RELACIONES SEXUALES Y ELLA SE VEÍA MUY EBRIA, ELLA COMENTA QUE NO VINO ANTES PORQUE NO SE SENTÍA PREPARADA PARA REALIZAR LA DENUNCIA YA QUE SENTÍA MUCHA VERGÜENZA.",0,0,0,0,1,0,0
11626,"USUARIA REFIERE QUE AGRESOR ES SU PAREJA, CON QUIEN ESTABA EN UNION LIBRE HASTA EL DIA DE HOY. REFIERE QUE HUBO UNA DISCUSION ENTRE AGRESOR Y SU MAMA, QUE POR ESTA CUESTION USUARIA INTERVIENE Y AGRESOR LA AMEDRENTA, LE GRITA VARIAS MALDICIONES Y LE DICE QUE SI LE ACOMODA SINO QUE SE VAYA. REFIERE NO TRABJAAR DESDE EL INICIO DE SU RELACION, QUE AGRESOR ES MUY CELOSOY POR ESTE MOTIVO NO LA DEJA SALIR SIN EL, TAMBIEN MENCIONA QUE HA EXISITIDO VIOLENCIA FISICA Y PSICOLOGICA HACIA SUS HIJOS. Y A ELLA. REFIERE QUE SU HIJO DE 8 AÑOS NO ESTUDIA PUES NO ESTA REGISTRADO AUN Y QUE ELLA LE ENSEÑA EN CASA. 
AGRESOR LA AMENAZA CON MATARLA SI LO DEJABA Y HACER DESTROZOS EN CASA DE SU FAMILIA, REFIERE QUE LE QUITO LAS LLAVES DE LA CASA SIN PERMITIRLE SACAR SUS PERTENENCIAS. 
PRESENTA DENUNCIA Y PASA A PSICOLOGIA, SE LE DAN REQUISITOS DE GYC",0.666666666666667,1,0.333333333333333,0.666666666666667,0,0,0
11632,"USUARIA REFIERE QUE SE SEPARÓ DE SU ESPOSO HACE 3 MESES DE SU ESPOSO YA QUE ESTE SIEMPRE ES MUY CELOSO Y LA AGREDÍA VERBALMENTE POR LO QUE ELLA MEJOR SE SALIÓ DE LA CASA, REFIERE QUE ESTE VA Y LA BUSCA A LA CASA DE SU PAPA QUE ES DONDE ELLA SE ESTÁ VIVIENDO ACTUALMENTE Y ESTE ES UN SEÑOR MAYOR. EL DÍA DE HOY COMO A LAS 4 DE LA MAÑANA ESTE ACUDIÓ AL DOMICILIO Y LE EMPEZÓ A GRITAR QUE LE ABRA LA PUERTA Y QUE DE SEGURO AHÍ TIENE OTRO HOMBRE, ELLA SOLO QUIERE QUE DEJE DE MOLESTARLA.",0,0,0,1,0,0,0
11636,"REFIERE USUARIA QUE ELLA DESEA EL DIVORCIO PORQUE YA NO QUIERE A SU ESPOSO Y EL LA HOSTIGA MUCHO, LE DICE QUE LE VA A QUITAR A SU HIJA , ELLA DESEA ASESORIA JURIDICA PARA DIVORCIO.",0,0,0,1,0,0.333333333333333,0
11647,"HACE 1 AÑO MIS HIJOS HABLARON CONMIGO PARA DECIRME QUE NO ERA LO CORRECTO QUE CONTINUARA EN EL MATRIMONIO POR LA VIOLENCIA QUE ME EJERCÍA MI EX PAREJA, POR LO CUAL TOME LA DECISIÓN DE SEPARARME DE MI EX PAREJA, AL MOMENTO DE COMENTÁRSELO A MI EX PAREJA NO QUERÍA EL DIVORCIO Y ME PEDÍA QUE ME FUERA PERO NO TENIA A DONDE IRME A LO CUAL AHORA QUE MIS HIJOS SON MAYORES DE EDAD CONTABA CON SU APOYO, AL COMENTÁRSELO NUEVAMENTE A MI EX PAREJA ME DIJO QUE ESTABA DE ACUERDO Y QUE SOLAMENTE LE DIJERA QUE DÍA PASARÍA A FIRMAR.",0,0.666666666666667,0.666666666666667,0.666666666666667,0,0.333333333333333,0
11697,"APROX 11:00 PM SE DIO CUENTA QUE SU EX PAREJA ESTABA CON UNA PERSONA DE SEXO FEMENINO EN SU ANTERIOR DOMICILIO Y AL EMPEZARLO A GRABAR, FORCEJEARON POR EL CELULAR",0,0.333333333333333,0.333333333333333,0.333333333333333,0,0,0
11699,"USUARIA MENCIONA QUE VENDE COSAS DE HIELO, ELLA FUE A CASA DE SU PAPA A SACAR UNA PALETA PARA VENDER AHI SE ENCUENTRA A SU HERMANO Y LA COMIENZA DE AGREDIR PRIMERO DE MANERA VERBAL, LE COMENTO QUE LA IBA A MATAR, USUARIA REFIERE QUE DESPUES DE LAS AGRESIONES VERBALES LA COMENZO AGREDIR FISICAMENTE PEGANDOLE PUÑETAZOS, LE DIO UNA PATADA, LA PENSABA AGREDIR CON UNA PALA PERO EL PAPA DE USUARIA ALCANZO A QUITARSELA Y EL LE AVENTO UN VASO DE VIDRIO, USUARIA MARCA A POLICIA, HERMANA DE USUARIA SE ACERCA CON ELLOS Y USUARIA LE COMENTA A SU HERMANA QUE LES DIGA A LOS POLICIAS QUE ELLA VENDE DROGA, HERMANA DE USUARIA MOLESTA LA AMENZA QUE SI LE PASA ALGO SE VA A IR CONTRA ELLA, USUARIA REFIERE QUE QUIERE INTERPONER DENUNCIA POR LOS HECHOS DE VIOLENCIA DE SU HERMANO Y SOLICITAR ORDEN DE PROTECCION, YA QUE USUARIA SOSPECHA QUE ESTA EMBARAZADA Y TEME QUE LE HAYA AFECTADO LOS GOLPES.",0,1,0,1,0,0,0
11723,"USUARIA REFIERE QUE AGRESOR ES SU ESPOSO ULTIMO HECHO DE VIOLENCIA AYER MENCIONA ELLA DESCUBRIO UNA IFIDELIDAD DE EL Y AGRESOR SE PUSO AGRESIVO CON USUARIA LE GRITO MALDICIONES Y LE DIJO QUE NO SE IBA A SALIR DE LA CASA. 
USUARIA DESEA TRAMITAR EL DIVORCIO, SE LE DA PLAN DE SEGURIDAD.",0,0,0.333333333333333,1,0,0,0
11724,"USUARIA REFIERE QUE SU EX PAREJA EL DIA DE HOY DESPUÉS DE LA 1:30 AM LLEGO A SU DOMICILIO YA QUE ESTE LE PIDIÓ EL BAÑO Y POSTERIORMENTE ESTE LE DIJO QUE SI LE PRESTABA SU CELULAR PARA LLAMAR A UN TAXI, ELLA SE LO PRESTA PERO ESTE LE DICE SABES QUE AHÍ NOS VEMOS Y SE FUE CON EL TELÉFONO, LE DIJO QUE COMO NO QUERÍA HABLAR CON EL, MEJOR SE IBA, ELLA LLAMA A LA POLICÍA PERO NO LO ENCUENTRAN, USUARIA SOLO QUIERE QUE LE REGRESE EL CELULAR",0,0,1,0.666666666666667,0,0,0
11732,"USUARIA REFIERE QUE EL MUCHACHO QUE TRABAJABA CON SU PAPA DESDE HACE MUCHOS AÑOS, TIENE APROXIMADAMENTE 10 MESES QUE LA ESTÁ ACOSANDO REFIERE QUE LE LLAMO Y LE DIJO QUE YA SABÍA DÓNDE VIVÍA Y QUE LE HARÍA COSAS, EL DIA HOY ESTA PERSONA ACUDIÓ A LA ESCUELA DONDE ESTÁ LA MENOR DE LA USUARIA YA ANTERIORMENTE ESTA PERSONA BESO A LA NIÑA Y POR ESO LA USUARIA ACUDE EL DÍA DE HOY YA QUE EN LA ESCUELA DE LA MENOR LE DIJERON QUE TENÍA QUE LLEVAR UNA MEDIDA DE PROTECCIÓN PARA PODER SACAR A LA ESTA PERSONA DE LA ESCUELA Y NO DEJAR QUE SE ACERQUE",0,0,0,0.666666666666667,1,0,0
11733,"USUARIA MENCIONA QUE AGRESOR ES SU ESPOSO PERO LLEVAN SEPARADOS DOS AÑOS.
REFIERE QU AGRESOR LLEGA AL DOMICILIO, PORQUE USUARIA SE IBA A SALIR CON SUS HIJOS, AGRESOR LA COMENZO AGREDIR VERBALMENTE, ERES UNA PUTA YA VAS DE PIRUJA, PINCHE VIEJA CULERA, QUE CUANDO IBA A DAR EL CULO COMO NO CARGABA CON LOS NIÑOS, MENCIONA QUE LE DICE CONSTANTEMENTE QUE ES UNA PUTA, GOLFA, MARRANA, Y LA EMPUJABA MENCIONA QUE LE DIO DOS GOLPES EN LA CABEZA CON LA MANI CERRADA, LE DIJO LARGATE DE PIRUJA TU SOLA A MIS HIJOS NO TE LOS VAS A LLEVAR, LE DIJO QUE SE LARGATE PARA MI ESTAS MUERTA PINCHE PERRA, USURIA MENCIONA QUE ENTRO AL DOMICILIO USUARIA, EL MENOR LE DECIA PAPA NO LE HABLES ASI A MI MAMA Y AGRESOR LE DIJO QUE ERA GRANDE Y LE RECLAMABA A LA USUARIA QUE LS ESTABA TRAUMANDO PINCHE PENDEJA NIÑO DE 6 AÑOS ENTRO CORRIENDO AL DOMICILIO PAA QUE EL AGRESOR NO SE LO LLEVARA PERO AGRESOR SE LLEVO AL NIÑO MAS PEQUEÑO. MENCIONA QUE NO LE HA ENTREGADO AL MENOR. AGRESOR LE LLAMA DICIENDOLE QUE SI IBA A IR POR EL MENOOR USIARIA LE DIJO QUE NO QUE EL SE LO LLEVARA, LA INSULTA, Y L AMENZA CON QUITARLE LOS MENORES. DESPUES LE DICE QUE VAYA POR EL Y QUE SE ENCARGUE DE DECIRLE A SUS HIJOS QUE EL YA ESTA MUERTO PARA ELLOS QUE YA NO LA VA A MOLESTAR.
MENCIONA QUE CONSTANTEMENTE LE MANDA MENSJAES INSULTANDOLA.",0,1,0,1,0,1,0
11756,"USUARIA REFIERE QUE AGRESOR ES SU ESPOSO Y REFIERE VIOLENCIA PSICOLOGICA Y FISICA DESDE HACE 30 AÑOS. REFIERE QUE EL SABADO POR LA MMADRUGADA AGRESOR Y ELLA SE ENCONTRABAN EN CASA DE SU HERMANA TOMANDO ALCOHOL, AL ELLA QUERER IRSE AGRESOR LE DICE QUE NO, QUE SE QUEDARAN AHI PARA EVITAR EL RETEN, AGRESOR SE VA AL CUARTO A ACOSTARSE, Y USUARIA SE QUEDO AFUERA CON SU HERMANA, AGRESOR SE LEVANTA Y LE HABLA QUE VAYA AL CUARTO, REFIERE ES MUY MACHISTA Y NO LE GUSTA QUE LO DESOBEDEZCA, SE MOLESTA AL USUARIA IGNORARLO Y LE GRITA QUE YA SE VAYAN, USUARIA LE DICE QUE SI Y AL SALIR DE LA CASA, A LA VUELTA LA GOLPEA CON L PUÑO CERRADO EN LA CARA Y EN EL BRAZO, USUARIA REFIERE QUE ELLA SE MOLESTA, EMPIEZA A FORCEJEAR CON EL Y LE DICE QUE YA NO QUIERE STAR CON EL. AGRESOR LE DICE QUE LE VALE VERGA, QUE SI SE QUIERE IR QUE SE VAYA, QUE NO SIRVE PARA NADA. TODO ESTO MIENTRAS IBAN EN LA CAMIONETA A SU CASA. AL LLEGAR AL DOMICILIO SE ACUESTAN A DORMIR SIN DIRIGIRSE LA PALABRA. USUARIA SE FUE A CASA DE SU HIJA A RESGUARDARSE AL DIA SIGUIENTE.
PRESENTA DENUNCIA, PASA A PSICOLOGIA Y SE LE DAN REQUISITOS DE DIVORCIO.",0,1,0,1,0,0,0
11766,"USUARIA REFIERE QUE LLEGO AGRESOR AL DOMICILIO TOMADO Y QUERIA TENER RELACIONES SEXUALES Y ELLA SE NEGO Y EL AGRESOR LA EMPEZO A ESTRUJAR Y LA QUERIA CORRER DEL DOMICILIO DESNUDA, AGRESOR LA INGRESA AL DOMICILIO Y LA COMIENZA AHORCAR ELLA SE DESMAYA Y CUANDO REACCIONA SE DA CUENTA QUE TIENE SANGRE EN EL LABIO, ENTONCES AGRESOR LA METE A BAÑAR Y LE PEDI QUE SE DUERMA Y ELLA COMO LE AGRESOR LE QUITA EL CELULAR, SE QUEDO DORMIDA, USUARIA REFIERE QUE AGRESOR NO LA DEJA INGRESAR AL DOMICILIO ELLA VIVE CON SUS PAPAS ACTUALMENTE, USUARIA QUIERE INTERPONER DENUNCIA ANTE MP POR HECHOS DE VIOLENCIA FISICA Y PSICOLOGIA Y SOLICITAR MEDIADA DE PROTECCION.",0,1,1,1,1,0,0
11775,"USUARIA REFIERE QUE SU EX PAREJA YA TIENE MAS DE 15DIAS QUE SE FUE, ELLA TIENE UNA HIJA EN COMUN CON EL, USUARIA MENCIONA QUE AGRESOR QUIERE QUE USURIA LE PRESTE A SU HIJA PERO USUARIA REFIERE QUE EL VIVE ENTRE PURO HOMBRE Y POR ESO ELLA NO SE LA QUIERE PRESTAR, AGRESOR LA AMENAZA QUE EL DIA QUE SE LA PRESTE SE LA LLEVARA, USUARIA REFIERE QUE SOLO LE DABA 100 PESOS PARA TODA LA SEMANA, EX PAREJA AGREDE A USUARIA VERBALMENTE, MENCIONA QUE AGRESOR SE DROGA (CRISTAL) USUARIA REFIERE QUE QUIERE INTERPONER DENUNCIA ANTE MP Y SOLICITAR MEDIDA DE PROTECCION.",1,0,0,1,0,0.333333333333333,0
11777,"ERA 1:30 PM APROX. Y AL LLEGAR AL HOGAR, AGRESOR SE ESTABA LLEVANDO PERTENENCIA DE LOS MENORES EN SU VEHICULO, YA QUE MANIFIESTA QUE ELLA NO ES APTA PARA TENER LOS POR UN DX. PSIQUIATRICO Y AL QUERER ABRIR, ELLA LO AGREDE",0.333333333333333,0,0.666666666666667,0.333333333333333,0,0.333333333333333,0
11778,"USUARIA REFIERE QUE SU EX PAREJA SE ENOJÓ EL DIA SÁBADO LA EMPEZÓ A AGREDIR VERBALMENTE, REFIERE QUE ESE DIA EL, LE DAÑO LA TELEVISIÓN, LE ROBO EL CELULAR Y UNA PERRITA PITBULL, USUARIA SOLO QUIERE QUE ESTE LE PAGUE LOS DAÑOS MATERIALES QUE LE CAUSO, REFIERE USUARIA QUE YA LO HABÍA DENUNCIADO ANTERIORMENTE POR AGRESIONES FÍSICAS, USUARIA CUENTA CON 17 SEMANAS DE EMBARAZO",0.333333333333333,0.666666666666667,0.666666666666667,1,0,0,0
11785,"USUARIA REFIERE QUE EL DIA DE AYER RECIBIO LLAMADAS POR PARTE DEL AGRESOR EN EL CUAL LA AMENAZA DICIENDOLE QUE ELLA ESTA TRABAJANDO CON GRUPOS DELICTIVOS Y EXPONIENDOLO ASI MISMO EN LAS REDES , COMENTA QUE EN LAS LLAMADSA QUE RECIBIO EL LA AMENAZA QUE NO SE LA VA ACABAR QUE YA HABIA VALIDO VERGA ACUDE A MINISTERIO PUBLICO",0,0,0,0.666666666666667,0,0,0
11800,DENUNCIA A ESPOSO POR V. FISICA Y PSICOLOGICA,0,1,0,1,0,0,0
11801,"SU PAREJA LA CUAL ESTABA BAJO LOS INFLUJOS DEL ALCOHOL, LA GOLPEO PORQUE NO SE QUISO IR A CASA DE SU CUÑADO",0,1,0,0,0,0,0
11803,"USUARIA REFIERE QUE EL AGRESOR ACUDE A SU DOMIICLIO A HOSTIGARLA CON EL PRETEXTO DE VER A SUS HIJOS, PERMITIENDOLE LA USUARIA VERLOS, PERO EL AGRESOR DESCUIDA EL CUIDADO DE SUS HIJOS AFERUA DE DEL DOMICILIO DE LA USUARIA, POR ESTAR HOSTIGANDOLA , COMENTA LA USUARIA QUE LE HACE SEÑAS OBSENAS Y QUE EL AGRESOR LE DICE QUE ASI SERA SU VIDA QUE NO LA VA A DEJAR TRANQUILA ACUDE A MINISTERIO PUBLICO Y ACUDE A JURIDICO PARA TRAMITE DE DIVORCIO Y GUARDA Y CUSTODIA",0,0,0,1,0.666666666666667,0.333333333333333,0
11816,"USUARIA REFIERE QUE SU AGRESOR ES SU HIJO DE 24 AÑOS, USA DROGAS (MARIHUANA), EL DIA DE AYER SE ENCONTRABA SU HIJO CON SU NOVIA HASTA LA MAÑANA, EL AGRSOR QUERIA LAS LLAVES DE LA MOTO , SE PUSO AGRESIVO AL NO ENCONTRARLAS, INICIO UNA DISCUSION QUE TERINO EN GOLPES HACIA ELLA Y HERMANOS DEL AGRESOR. AMIGOS DEL AGRESOR ENTRARON A AGARRARLO E IMPEDIR QUE ENTRARA A LA COCINA POR UN CUCHILLO. USUARIA REFIERE QUE SU HIJO TIENE PROBLMAS DE IRA. USUARIA REFIERE QUE LLAMO EN AUXILIO , ACUDIO POLICIA VIOLETA , PERO NO PUDIERO CONTROLAR AL AGRESOR Y ESCAPO. USUARIA REFIERE QUE ANTES DE HUIR AMENAZO CON MATARLOS Y QUEMAR LA CASA.",0,1,0.333333333333333,1,0,0,0
11817,"USUARIA REFIERE QUE SU PADRE LA AGREDE VERBALMENTE, EL DIA DE AYER ESTE ACUDE A MOLESTARLA E INSULTARLA DICIÉNDOLE QUE ERA UNA HIJA DE SE PINCHE MADRE, QUE ERA UNA CULERA Y SIEMPRE LA ANDA CORRIENDO E INSULTARLA, REFIERE QUE SU PADRE TENÍA MUCHOS AÑOS SEPARADO DE SU MADRE Y ÉL SE CREE EL DUEÑO DE LAS PROPIEDADES, MISMA QUE FUERON HERENCIA PARA LA MADRE DE LA USUARIA LA CUAL YA FALLECIÓ, PERO EL SIEMPRE SE PONE AGRESIVO, LA INSULTA, LA AMENAZA Y LA CORRE DE LA CASA Y DEL NEGOCIO QUE ERA DE SU MADRE.",0.333333333333333,0,0.666666666666667,1,0,0,0
11826,"USUARIA REFIERE QUE EL DIA SABADO SU HIJO LLEGO A SU DOMICILIO APARENTEMENTE DROGADO Y EMPEZO A INSULTAR A LA USUARIA POR LO QUE LA USUARIA LE DICE QUE VA A HABLAR A LA POLICIA Y ESTE LE REPONDE QUE LA POLICIA SE LA PELA Y QUE NO LES TIENE MIEDO, QUE ELLA Y LA POLICIA CHINGARAN A SU MADRE, COMENTA LA USUARIA QUE EMPEZO A AMENZARLA QUE LE ROBARIA LO QUE ESTA DENTRO DE LA CAS Y QUE LA IBA A SACAR A LA CHINGADA DE LA CASA QUE NO SE IBA A QUEDAR AHI, USUARIA HACE MENCION QUE SU HIJO ANDA ROBANDO POR QUE LLEVA COSAS A SU CASA COMO VENTANAS, CARRETILLAS, CABLES ENTRE OTRAS COSAS, USUARIA ACUDE A MINISTERIO PUBLICO",0,0,0.333333333333333,1,0,0,0
11830,DENUNCIA A EX ESPOSO POR V. FISICA Y PSICOLOGICA,0,1,0,1,0,0,0
11833,DENUNCIA A EX PAREJA POR V. FISICA Y PSICOLOGICA,0,1,0,1,0,0,0
11834,"REFIERE USUARIA QUE EL DIA DE AYER A LAS 18:00 HRS DE LA TARDE, ELLA SE ENCONTRABA EN SU DOMICILIO CUANDO SE DIO CUENTA QUE SU HERMANO ESTABA RONDANDO SU CASA INMEDIATAMENTE ELLA MARCO A LA POLICIA, LLEGO SU HERMANO A SU CASA ESTRUJO EL BARANDAL Y LO SAFO, ELLA SALIO DICIENDOLE QUE QUERIA Y EL LA ESTRUJO LA INSULTO LE DIJO QUE IBA A VALR MADRE QUE NO SABE COMO LE IBA A IR QUE IBA A COMPRAR UNA PISTOLA Y LOS IBA A CHINGAR LE DIJO QUE LE IBA A QUEBRAR LAS PATAS A UNO DE SUS HIJOS, ELLA LE DIJO QUE SE LARGARA, EL SE FUE Y EN LA ESQUINA LO DETUVO LA UNIDAD, ELLA DESEA PRESENTAR DENUNCIA ANTE MINISTERIO PUBLICO, DESEA TOMAR TERAPIA PSICOLOGICA.",0,1,0.666666666666667,0.666666666666667,0,0.333333333333333,0
11840,DENUNCIA A ESPOSO POR V. PSICOLOGICA,0,0,0,1,0,0,0
11844,"USUARIA REFIERE QUE AGRESOR ES SU ESPOSO, A LAS 10 AM FUE LE ULTIMO HEHCO DE VIOLENCIA Y LA PRIMERA CEZ QUE LA AGREDE, FISICAMENTE. AL ESTRA ALMORZANDO USUARIA LE COMENTA QUE NO COMPELTA CON LO QUE LE DA, LO QUE MOLESTA AGRESOR Y LA AMEDRENTA, LE DICE QUE SI NO LE GUSTA TRABJE ELLA, SE AVALANZA SOBRE ELLA Y LA CACHETEA, LA GOLPEA Y SUARIA SE CUBRE AGRESOR LA TRATA DE TIRAR, PROVOCANDO QUE SE GOLPE EN LA ACDERA, NO TIENE SERVICIO MEDICO NI HA RECIBIDO ATENCION.
PASA A PRESNETRA DENUNCIA, PSOCOLOGICA Y AREA MEDICA",0.333333333333333,1,0,0.666666666666667,0,0,0
11849,"APROXIMADAMENTE A LAS 8:30 A.M. AL ESTAR EN MI DOMICILIO , LE LLAMO A MI ESPOSO PARA COMENTARLE QUE ACUDÍ A PAGAR LAS COLEGIATURAS Y PARA DECIRLE DEL PORQUE LE ESTABA DICIENDO A NUESTRO MENORES HIJOS QUE YA NO ME QUERÍA EN LA CASA, ES CUANDO MI ESPOSO ME DICE “ESO A TI NO TE IMPORTA YO PUEDO HACER LO QUE YO QUIERO PORQUE ESTA SEMANA QUE NO ESTUVISTE PERDISTE TODOS TUS DERECHOS, TU NADA MÁS ESTAS DE ARRIMADA, NO TE QUIERO CERCAS, NI CERCAS DE MIS HIJOS, NO QUIERO QUE USES MI CAMIONETA NADA, LÁRGATE DE MI VIDA”, LE DIJE QUE SI TANTO LE INTERESABA NUESTROS HIJOS PORQUE SE SALÍA Y LOS DEJA SOLOS, QUE SOLO ESTÁN EN LA CASA Y LLEGA ENOJADO, NO PLATICA CON ELLOS, ES CUANDO SE MOLESTA Y ME VUELVE A DECIR “PUES YO PUEDO HACER CON MI VIDA LO QUE YO QUIERA, A USTED NO LE IMPORTA, LA PUERTA ESTÁ MUY ANCHA Y USTED SE PUEDE IR, VOY A CONSEGUIR A UN BUEN ABOGADO PARA QUE TE LARGUES” Y CUELGA LA LLAMADA. 

-HACE 1 SEMANA NO LLEGABA A DORMIR A MI DOMICILIO PORQUE ME MOLESTE CON MI ESPOSO PORQUE TUVIMOS UNA DISCUSIÓN, YA QUE CUANDO TERMINE MI TURNO SALE MUY CANSADA DEL TRABAJO PERO MI ESPOSO ME PIDE QUE LO LLEVE “YA QUITA ESA CARA DE PERRO, DEJA DE ESTAR DE PAYASA” LE COMENTE QUE ESTABA CANSADA QUE NO HABÍA DORMIDO Y TRABAJE TIEMPO EXTRA, MI ESPOSO SE MOLESTA Y GRITÁNDOME ME DICE “YA ESTOY HARTO DE TI, TU PINCHE CARA DE PERRO”.
-SIEMPRE ME COMPARA CON OTRAS PERSONAS.
-HACE 17 AÑOS ME EJERCIA VIOLENCIA CUANDO ME ENCONTRABA EMBARZADA DE MI PRIMERA HIJA.
-CUANDO NO QUERIA TENER RELACIONES ME DECÍA MI ESPOSO, LE DECIA QUE NO QUERIA PORQUE ESTABA CANSADA O ME DOLIA LA CABEZA Y ME DECIA ""A MI NO ME IMPORTA, PERO LUEGO NO TE QUEJES SI HAGO OTRAS COSAS""",0.333333333333333,0.333333333333333,0,1,0.333333333333333,0,0
11864,USUARIA SOLICITA ATENCIÓN PSICOLÓGICA DERIVADA A LAS CONSTANTES AMENAZAS DE MUERTE Y EL HOSTIGAMIENTO POR PARTE DE SU EX PAREJA EL CUAL HA INGRESADO A SU DOMICILIO PARA OCASIONAR DAÑOS LOS CUALES HAN SIDO DE RIESGO PARA SU INTEGRIDAD Y LA DE SUS HIJAS MENCIONA USUARIA QUE LE ESTA AFECTANDO EMOCIONALMENTE A ELLA Y A SUS HIJAS,0,0,1,1,0,0,0
11883,"USUARIA MENCIONA QUE EL DIA DE AYER ELLA ESTABA DORMIDA EN SU DOMICILIO Y AGRESOR ENTRA A SU CASA Y LE REVISO EL CELULAR Y VIO COSAS DE USUARIA Y LA LEVANTO, A CACHETAS CADA CONVERSACION QUE LE MOSTRABA, LE PEGABA, ELLA REACCIONO Y SE FUERON A PELEARSE EN LA PARTE DE LA COCHERA REFIERE USUARIA QUE LE MENCIONO QUE IBA A LLAMAR A UNA PATRULLA Y EL AGRESOR SE FUE , USUARIA MENCIONA QUE ANDUVO LLENDO MAS VECES A SU CASA Y QUE EN LA NOCHE FUE A PEDIRLE DISCULPAS, USUARIA QUIERE INTERPONER DENUNCIA ANTE MP Y SOLICITAR MEDIDA PROTECCION.
SE ENTREGAN REQUISITOS PARA DIVORCIO Y PENSION ALIMENTICIA",0,1,0.666666666666667,0.333333333333333,0,0,0
11887,DENUNCIA A EX PAREJA POR V. FISICA Y PSICOLOGICA,0,1,0,1,0,0,0
11892,"REFIERE USUARIA QUE EL DIA DOMINGO A LAS 18:00 HRS DE LA TARDE, ELLA SE ENCONTRBA EN SU DOMICILIO CUANDO COMENZARON A DISCUTIR, EL EMPEZO A FORCEJEARLA , ELLA SE ACOSTOCON SU HIJO Y CUANDO SE LEVANTO EL COMENZO A INSULTARLA DICIENDOLE QUE ERA UNA BUENA PARA NADA QUE NO SERVIA PARA NADA, ELLA ESTABA DOBLANDO ROPA EN LA SALA, Y EL SE LA TIRABA , CERRO LA PUERTA DE LA CASA CON LLVE Y SE SENTO, ELLA LE DIJO QUE YA SE IBA A IR Y QUE LE DIERA LAS LLAVES, EL EMPEZO EMPUJARLA Y ELLA NO SE DEJO, EL LE DIO UN PUÑETAZO EN LA BOCA, ELLA COMENZO A SANGRAR, EL SE ASUSTO, Y ELLA SE FUE PARA EL BAÑO A LAVARESE PORQUE SE LE INCHO LA BOCA Y ELLA LE DIJO QUE NO LA TOCARA , Y MARCO A LA POLICIA PERO NO LE CONTESTARON, EL LE DIJO QUE LA PERDONARA PORQUE SE ASUSTO Y NO LA DEJO SALIR ELLA LE PIDIO QUE SE FUERA, EL DIA DE HOY SE FUE DE LA CASA, ELLA DESEA PRESENTAR DENUNCIA ANTE MINISTERIO PUBLICO.",0,1,0.333333333333333,1,0,0,0
11893,"USUARIA REFIERE QUE TIENE PROBLEMAS CON SU EX PAREJA, A ESTADO YENDO A MOLESTARLA Y ENTRANDO A SU CASA, REFIERE QUE ES MUY VIOLENTO Y QUE ANTERIORMENTE YA LA A GOLPEADO Y EL DIA DE HOY ESTE LE MANDO UN MENSAJE DICIÉNDOLE QUE SE VA A LLEVAR EL REFRIGERADOR LA COCINETA, DICHOS BIENES FUERON HECHOS DENTRO DE LA RELACIÓN DE PAREJA QUE LLEVABAN, ELLA SOLO QUIERE QUE NO LA MOLESTE NI QUE SE LLEVE NADA DE SU CASA.",0,1,0.333333333333333,0.333333333333333,0,0,0
11899,"USUARIA REFIERE QUE LE DIA DE AYER ESTABAN ALCOHOLIZADOS Y EL COMENZO A CONATR QUE VIO A SU EX, ELLA LE DIJO QUE LO DEJARA DORMIR, Y EL LE DIJO QUE LE HICIERA CASO, ELLA LE COMENTA QUE MEJOR SE RETIRARA DEL DOMICILIO, SE LE SACA SU ROPA PARA FUERA, Y ELLA SALE POR ELLA LE MARCA A SU HERMANA, ELLA ESTABA ESPERANDO CARRO LE PIDIO EL CELULAR PARA DECIRLE A SU HERMANO QUE YA IBA EN ESO AGRESOR LA COMIENZA A HORCAR, Y LE DIO UN PUÑETAZO EN LA BOCA, Y ELLA REACCIONA A LAS AGRESIONES.
USARIA NO QUIERE SOLICITAR DENUNCIA YA QUE ELLA NO QUIERE Y SOLO UNO PORQUE MAMA LA ENTREGO",0,1,0.333333333333333,0.666666666666667,0,0,0
11902,"USURIA REFIERE QUE SU HIJO ES MUY AGRESIVO YA QUE EL CONSUME CRISTAL Y MARIGUANA, REFIERE QUE SE PONE MUY AGRESIVO CUANDO BAJO LOS EFECTOS DEL CRICO, REFIERE QUE HACE RATO ESTE SE PUSO MUY AGRESIVO CON ELLA, SE MOLESTA CON ELLA YA QUE EL ANOCHE METIÓ A UNA MUJER A LA CASA Y ESTA LE ROBO DROGAS QUE EL TENÍA EN CASA, A LO QUE LA CULPO Y LE DECÍA QUE ELLA LA TENÍA QUE PAGAR, ELLA REFIERE QUE ÉL SIEMPRE LA AGREDE VERBALMENTE, ELLA MENCIONA QUE YA NO QUIERE QUE EL SE ACERQUE",0,0,0,1,0,0,0
11916,"USUARIA MENCIONA QUE EL DIA JUEVES FUERON A VER EL JUEGO Y EMPEZO A TOMAR, USUARIA REFIERE QUE AGRESOR LE QUITA CELULAR Y BOLSO Y SE ECHA A CORRER, LA PELLIZCA, USUARIA MENCIONA QUE EL DIA VIERNES LECNATA DENUNCIA AL 911, ELLA RSATREO EL CELULAR Y APARECIA EN CASA DE AGRESOR, ELLA SE COMUNICA CON HERMANA DEL AGRESOR Y ELLA LE DICE QUE LE AYUDARA, PERO HRMANO DEL AGRESOR LE DICE QUE LE AYUDARA, PERO HERMANO DEL AGRESOR LE DICE QUE LO ESTAN RASTREANDO Y LE QUITA EL CHIP, USUARIA SE VUELVE A COMUNICAR CON SU HERMANA, Y ELLA LA COMIENZA AGREDIR Y EL ESPOSO DE ELLA LA AMENAZARON DE MUERTE, AGRESOR SE ESTA METIENDO A REDES SOCIALES DE USUARIA , USUSARIA REFIERE QUE QUIERE INTERPONER DENUNCIA ANTE MP Y SOLICITAR MEDIDA DE PROTECCION YA QUE LE DA MIEDO QUE TOMEN REPLEZALIAS EN SU CONTRA.
USUARIA QUIERE RECUPERAR CELULAR YA QUE COMENTA QUE TIENE COSAS MUY IMPORTANTES DEL TRABAJO.",0.333333333333333,0.666666666666667,1,0.666666666666667,0,0,0
11917,"USUARIA REFIERE QUE EL DIA DE AYER SU EX NOVIO LE MANDO MENSAJE DE UN PERFIL DE FACEBOOK FALSO YA QUE LA USUARIA TIENE EL PERFIL DEL AGRESOR BLOQUEADO, Y ESTE LA AMENAZABA DE MUERTE DICIENDOLE QUE TENIA UNA BALA CON SU NOMBRE Y QUE NO SABIA CON QUIEN SE ESTABA METIENDO QUE SE CUIDARA, USUARIA COMENTA QUE NO ES LA PRIMERA VEZ QUE LA AMENAZA Y QUE ANTERIORMENTE HA SUBIDO FOTOS DE ELLA EN FACEBOOK AGREDIENDOLA SU DIGNIDAD, USUARIA ACUDE A MINISTERIO PUBLICO",0,0,0,1,0,0,0
11923,DENUNCIA A ESPOSO POR V. FISICA Y PSICOLOGICA,0,1,0,1,0,0,0
11925,"USUARIA REFIERE QUE TIENE 5 AÑOS SEPARADA DE SU EX PAREJA, REFIERE QUE EL DÍA DE AYER POR LA TARDE ESTE VA A SU CASA Y LE GRITA QUE NO VALE MADRE QUE SE VAYA A LA VERGA, YA QUE EL LE DICE QUE YA NO CUIDA A LA NIÑA Y LE DICE QUE ES UNA IRRESPONSABLE, REFIERE QUE EL SIEMPRE A SIDO AGRESIVO Y VIOLENTO CON ELLA, YA QUE EL CONSUME Y VENDE CRISTAL, TAMBIÉN DESEA LLEVAR TRAMITE DE GUARDIA Y CUSTODIA DE SUS HIJAS",0,0,0,1,0,0.333333333333333,0
11928,"REFIERE USUARIA QUE EL DIA DOMINGO A LAS 21.00 HRS DE LA NOCHE, ELLA SE ENCONTRABA EN SU DOMICILIO CUANDO , ESTABA EN EL CUARTO Y ESCUCHO QUE SU ESPOSO COMENZO A GRITARLE A SU HIJA, QUIEN LE ESTABA PIDIENDO EL DINERO DE CUATRO SEMANAS QUE NO HA APORTADO A LA CASA EL SE ENCONTRABA ALCOHOLIZADO . ELLA FUE A DONDE ESTABAN DISCUTIENDO Y SU ESPOSO COMENZO AGREDIRLA VERBAL MENTE Y SE LE FUE ENCIMA SEÑALANDOLA CON FUERZA EN EL HOMBRO EMPUJANDOLA PARA ATRAS Y DICIENDOLE QUE NO ERA VERDAD QUE EL SIEMPRE LE DABA EL DINERO, Y QUE ELLA ERA UNA MENTIROSA, NO VALES MIERDA ERES UNA PUTA, ESTAS MAL DE LA PINCHE CABEZA APOCO NO IBA SABER CUANTO ERA LO QUE TENIA QUE DARLE, LE DIJO QUE SIN EL VALIAN PURA MADRE DICIENDO QUE EL ERA LA MERA CUERDA Y MUY CHINGON., LE DIJO A SU HIJO QUE SE FUERAN PARA AFUERA Y DARSE EN LA MADRE, AVER QUIEN ERA MAS CHINGON, EL SE CALMO SOLO Y LA USUARIA NO MARCO A LA POLICIA, DESEA PRESENTAR DENUNCIA ANTE MINISTERIO PUBLICO, ASESORIA JURIDICA PARA PENSION Y TOMAR TERAPIA PSICOLOGICA INDIVIDUAL.",0,0.333333333333333,0,0.666666666666667,0,0,0
11932,"USUARIA REFIERE QUE EL DIA DE AYER REGRESABA DE SU TRABAJO ALREDEDOR DE LAS 8 AM , SU PAREJA SE ENCONTRABA HACIENDO CARNE ASADA Y CONSUMIENDO BEBIDAS ALCOHOLICAS, USUARIA COMENTA QUE LE CUESTIONO EL PORQUE NO HABIA BAÑADO A SU HIJA , A LO QUE SU PAREJA LE DIJO QUE LO HICIERA ELLA , QUE QUÉ LE FALTABA PARA HACERLO , ELLA RESPÓNDIO QUE NADA Y QUE NO LE ESTUVIERA HABLANDO ASI , AMLO QUE SU PAREJA LE DIJO QUE EL LE IBA A ESTAR HABLANDO COMO EL QUISIERA , ACTO SIGUIENTE L SOLTO DOS PUÑETAZOS EN EL ROSTRO,, LOS PRESENTES EN DICA REUNION , FAMILIARES DEL AGRESOR, ESPECIFICAENTE EL PADRE DEL AGRESOR SE ACERCO A LA USUARIA A DECIR QUE YA LO TENIA HASTA LA MADRE, USUARIA SALIO DEL DOMICILIO EN BUSCA DE AYUDA A UNA TIENDA CERCANA, LA AUXILIARON PARA IR A CASA DE SU MADRE, YA ESTANDO CON SU MADRE LLAMARON A UNA PATRULLA PARA QUE ACUDIERA EL LUGAR DE LOS HECHOS PARA PEDIR QUE SE LE ENTREGARA A LA USUARIA LO NECESARIO PARA SU BEBE. LA MADRE DE LA USUARIA RECIBIO UNA LLAMADA POR PARTE DE LA MAMA DEL AGRESOR Y AGRESOR DONDE LE DECIAN QUE IBAN A MANIPULAR LAS COSAS , QU ERA ELLA A QUE HABIA LLEGADO ALTERADA, UE TENIA OTRA PAREJA, QUE ELLA TENIA LA CULPA DE DICHA AGRESION, QUE LE IBAN A DESTRUIR LA VIDA Y QUE SE IBA A ACORDAR DE ELLOS.",0,1,0,1,0,0.333333333333333,0
11933,"USUARIA REFIERE QUE EL DIA DE AYER SU PAREJA NO FUE A TRABAJAR, DESDE FEBRERO NO VIVEN JUNTOS. SU EX PAREJA LE PIDIO PERMISO PARA VER AL MENOR, Y SE OFRECIO A ARREGLAR UNA MESA EN EL DOMICILIO DE LA USUARIA. USUARIA MENCIONA QUE AL SALIR DEL TRABAJO USUARIA SE FUE A COMER ON UNOS COMPAÑEROS DEL TRABAJO , EN EL LUGAR USUARIA NOTA QUE SU EX PAREJA ESTABA RONDANDO EL LUGAR CON EL NIÑO. PERO DECIDIO HACER CASO OMISO A SICHO AVISTAMIENTO. AL LLEGAR AL DOMICILIO AHI SE ENCONTRABA SU EX PAREJA, LE OFRECE UN VASO DE REFRESCO,SE EMPEZO A SENTIR MAREADA, CANSADA Y CON LOS OJOS PESADOS, ACTO CONSECUENTE SE QUEDO DORMIDA. CUANDO SU EX PAREJA LLEGA DE NUEVO AL DOMICILIO CON LA CENA, USUARIA REGRESA EN SI, USUARIA LE MENCIONA LO QUE PASO A SU MAMA, Y ACUDE SU HERAMANA A SU AUXILIO , LA LLEVAN A ANALISIS DONDE NO ENCONTRARON RASTROS DE DROGAS NI DE ABUSO SEXUAL . CUANDO LLEGAN DE NUEVO AL DOMICILIO SE ENCUENTRAN QUE SU EX PAREJA S ENCONTRABA DENTRO DEL CARRO DONDE TENIA TENIA UN MARTILLO Y VARIAS HERRAMIENTAS. USUARIA Y COMPAÑIA MARCARON A LA PATRULLA Y SE LO LLVARON EN CALIDAD DE DETENIDO. DONDE MISMO SE DIERON CUENTA QUE AGRESOR HABIA FORZADO UNA PUERTA DE SEGURIDAD PARA PODER INGRESAR AL DOMICILIO.",0,0.666666666666667,1,0.666666666666667,0,0,0
11956,"EL DÍA MARTES, APROXIMADAMENTE 13:00 HRS NOS ENCONTRAMOS EN NUESTRO DOMICILIO EN LA SALA CUANDO MI ESPOSO SE SENTÓ Y SE COMIENZA A MOLESTAR PORQUE NO ENCONTRABA UNA CAMISA (YA QUE HABÍAMOS REGRESADO DE VIAJE) ""NO ENCUENTRO NINGUNA PINCHE CAMISA, SI YA NO ESTAS A GUSTO CONMIGO PREPARARTE CON EL PINCHE DIVORCIO, ME SALGO DE AQUÍ HASTA QUE PRIMERO ME DES EL PINCHE DIVORCIO"", ES CUANDO LE COMENTE QUE SI LO TRAMITARÍA PERO HASTA QUE LO PAGARA EL ""NO, NOS VAMOS A IR MITAD Y MITAD"".
•_x0001_HACE DÍAS PENSABA EN QUE QUIERO CORRER PARA QUE ME ATROPELLE UN CARRO. 
•_x0001_EN EL MES DE ABRIL UNA SOBRINA ME COMENTO QUE MI ESPOSO LA HABÍA BESADO, ES CUANDO UNA DE MIS HIJAS ME DIJO QUE HABLARÍA CON ELLA-
•_x0001_HACE 1 AÑO MI ESPOSO ME AGREDIÓ FÍSICAMENTE YA QUE MIENTRAS ESTÁBAMOS EN UNA REUNIÓN FAMILIAR MI ESPOSO ME INSISTÍA QUE QUERÍA TENER RELACIONES SEXUALES ME TOCO EN MI PARTE Y AL TOCAR QUE SENTÍA PAPEL ME COMENZÓ A INSULTAR “MIRA COMO ANDAS PARA MÍ QUE YA VIENES BIEN COGIDA DE OTRO PELADO” Y ME DIO UNA CACHETADA MUY FUERTE YA QUE SE ME HIZO MORADO Y SE ME INFLAMO HASTA MIS LABIOS. 
•_x0001_MI ESPOSO CUANDO TOMA ES MUY AGRESIVO. 
•_x0001_MI ESPOSO NO QUIERE QUE LE HABLE A LOS HOMBRES DE MI TRABAJO, SE QUEDA AFUERA DE MI LUGAR DE TRABAJO HASTA QUE ENTRE, ME REVISA CONSTANTEMENTE MI CELULAR Y REVISA MI BOLSA.",0,1,0,1,1,0,0
11966,"REFIERE USUARIA QUE EL DIA DE AYER MIERCOLES A LAS 17:00 HRS DE LA TARDE, ELLA SE ENCONTRABA EN SU DOMICILIO CUANDO LLEGO SU EX PAREJA Y COMENZO A GRITARLE PETRS Y ABRIO LA PUERTA ENTRO CON PALABRAS VIOLENTAS MOLESTO PORQUE NO LE CONTESTO UN MENSAJE, LE DIJO QUE ERA UNA PENDEJA Y QUE ESO IBA A TRAER CONSECUENCIAS QUE L IBA AMETER A LA CARCEL PORQUE ES UNA ENFERMA MENTAL Y QUE LE PREOCUPA MUCHO PORQUE ELLA NO TIENE LA CAPACIDAD DE EDUCAR A SU HIJA, LA AVENTO POR LA PUERTA FORCEJEARON Y LE CERROA LA PUERTA PORQUE VENIAN DOS HOMBRES CON EL, UNO ESTABA EN LA BANQUETA Y OTRO ESTABA ATRAS DE EL, ELLA CERRO AL PUERTA Y LOGRO SACARLO, ELLA MARCO A LA POLICIA, LLEGARON Y YA NO ESTABA, DESEA PRESENTAR DENUNCIA ANTE MINISTERIO PUBLICO.",0,1,0.333333333333333,1,0,0.333333333333333,0
11967,"USUARIA REFIERE QUE SU EX PAREJA ACUDIO A SU DOMICILIO Y ROBO UN TANQUE DE GAS, LA TELEVISION, EL CODIFICADOR DE LA TELEVISION Y UNA CADENA DE PLATA DE SU MENOR HIJA, ACUDE A MINISTERIO PUBLICO",0,0,1,0,0,0,0
11971,"USUARIA REFIERE QUE EL DIA DE AYER EL PAPA DE SUS HIJOS LA TOPO EN LA SQUINA DE SU DOMICILIO , PIDIENDOLE AYUDA PUES TIENE PROBLEMAS DE DROGADICCION, USUARIA LE DIJO QUE YA NO QUERIA TENER CONTACTO CON EL, PONIENDOSE EN ESTADO MUY ALTERADO, AL LLEGAR AL DOMICILIO EMPEZARON A DISCUTIR, PUES SU AGRESOR LA CULPA A ELLA DEL ESTADO EN EL QUE SE ENCUENTRA, DURANTE LA DISCUSION, INTENTO QUITARLE EL CELULAR, FORCEARON, PROVOCANDO QUE ELLA Y SU HUJO QUE ESTABA DE POR MDIO, SE PEGARA EN LA CABEZA CONTRA UN MURO (PARED), USUARIA LLAMA A PATRULLA , ACUDIERON PERO NO SE LO PUDIERON LLEVAR DETENIDO PUES NO HABIA DENUNCIA DE POR MEDIO.",0,1,0.333333333333333,0.666666666666667,0,0.333333333333333,0
11997,"REFIERE QUE TIENE TRES MESES SEPARADA Y CONTINUA EN CONTACTO CON SU EX PAREJA POR SU MENOR HIJA, EL ACUDE A SU DOMICILIO CON EL PRETEXTO DE VER A LA NIÑA PERO TERMINA AGREDIENDO DE MANERA VERBAL A USUARIA, LA INSULTA, HA LLEGADO AMENAZAR CON QUEMAR EL DOMICILIO. EL ULTIMO HECHO DE VIOLENCIA LA LLAMO POR TELEFONO PARA INSULTARLA, POSTERIORMENTE ACUDE A SU DOMICILIO PARA SEGUIR OFENDIENDO, LE GRITA GROSERIAS, ERES UNA PUTA, LOCA, AMENAZANDO CON QUITAR EL TEJABAN EN DONDE ELLA VIVE, FORCEJARON Y CACHETEO A USUARIA, A QUIEN LLAMO A EMERGENCIAS PERO NO HUBO DETENIDO. USUSARIA ACUDE A DENUNCIAR LOS HECHOS TAMBIEN SOLICITA ASESORIA JURIDICA PARA TRAMITE DE PENSION, PASA A MP, JURIDICO Y PSICOLOGIA.",0,0.666666666666667,0.333333333333333,1,0,0,0
12004,"USUARIA REFIERE QUE DIA DOMINGO SU CUÑADO LA HA ESTADO AMENZANDO QUE DONDE QUIERA QUE LA VEA LA VA A GOLPEAR, USUARIA COMENTA QUE PUSO UNA DENUNCIA EN CONTRA DE SU CUÑADO POR EL ROBO DE CABLEADO Y ARTICULOS PERSONALES DE SU DOMICILIO, USUARIA ACUDE A MINISTERIO PUBLICO",0,0,0.666666666666667,1,0,0,0
12008,"USUARIA REFIERE QUE EL DIA DE HOY RECIBIO UN MENSAJE DE UNA PERSONA EL CUAL LE DECIA QUE SI LE PODIA AYUDAR QUE LE URGIA RECUPERAR SU FACEBOOK QUE LE IBA A LLEGAR UNA NOTIFICACION QUE ALGUIEN INTENTO ENTRAR A SU CUENTA DE FACEBOOK, DESPUES LE ENVIO UN MENSAJE DICIENDOLE QUE IBA A SUBIR EL CONTENIDO INTIMO QUE LA USUARIA TENIA GUARDADOS EN LA RED SOCIAL A LA DIFERENTES PAGINAS QUE HAY EN LA CIUDAD, USUARIA ACUDE A MINISTERIO PUBLICO",0,0,0,1,1,0,0
12017,"USUARIA REFIERE EL DIA DE AYER POR LA NOCHE, LA USUARIA ESTABA EN CASA DE SU HERMANA, Y CUANDO IBA SALIENDO SU EX PAREJA LA VE Y SALE CORRIENDO ATRAS DE ELLA, Y LE DICE VAS A VER TE VOY A MATAR AHI ANDAS VENDIENDO LAS NALGAS, USUARIA COMENTA QUE YA TIENE MIEDO DE SALIR A LA CALLE POR QUE APENAS SALE Y EL AGRESOR LE SALE DE CUALQUIER LADO PARA AGREDIRLA, ANOCHE SE LLEVARON DETENIDO AL AGRESOR, USUARIA ACUDE A MINISTERIO PUBLICO",0,0,0,1,0,0,0
12044,"SU ESPOSO LA AGREDIO EN EL MES DE FEBRERO O MARZO NO RECUERDA PERO SI DENUNCIO, DISCUTIO CON SU ESPOSO Y EL LE PUSO UN CUCHILLO ENE L CUELLO Y ESTOMAGO Y LE DECIA QUE LA IBA A MATAR.",0,0.666666666666667,0,1,0,0,0
12049,"REFIERE LA USUARIA QUE APROX LAS 2:30 PM EN LA VIA PUBLICA, SALIENDO DEL REGISTRO CIVIL, EL AGRESOR LE ARREBATO A SU HIJA DE 5 MESES DE EDAD Y SALIO CORRIENDO, LA USUARIA LE LLAMO A LA POLICIA PERO NO LOS ENCONTRARON, ELLA SE FUE A LA CASA DEL AGRESOR Y AHÍ LOS ENCONTRO NEGANDOSE EL AGRESOR A ENTERGARLE A SU HIJA, ELLA LE LLAMO A LA POLICIA Y LE REGRESARON A SU HIJA, LUEGO EL AGRESOR LE DIJO A LA USUARIA “TE VOY A MATAR, TE VOY A HACER LA VIDA IMPOSIBLE, TE VOY A HECHAR AGUA HERVIDA EN LA CARA”. LA USUARIA MANIFIESTA QUE EL AGRESOR ES ADICTO A LAS DROGAS COMO EL CRISTAL Y LA MARIHUANA, ASI MISMO ES ALCOHOLICO.
ELLA DESEA PRESENTAR DENUNCIA Y ASESORIA JURIDICA PARA GUARDA CUSTODIA.",0,0,0.333333333333333,0.666666666666667,0,1,0
12051,"LA MADRE DE LA MENOR HACE REFERENCIA QUE SU HIJA EL DOMINGO LE COMENTO QUE SU PRIMO CUANDO ELLA ERA UN NIÑA LE HACIA TOCAMIENTOS, REFIERE QUE LOS TOCAMIENTOS SOLO ERAN SOBRE LA ROPA, ASI MISMO ESTABAN ELLA Y OTRA DE SUS PRIMAS Y SU PRIMA SE PONIA DELANTE DE ELLA PARA QUE NO LE HICIERA DAÑO A ELLA, REFIERE QUE APROXIMADAMENTE HACE 3 MESES SU PRIMO LE DIO UN ROZON ESTANDO ELLA FRENTE DE EL Y LO HIZO APROPOCITO ACERCANDOLE SUS PARTES INTIMAS A ELLA",0,0,0,0,1,0,0
12052,"USUARIA ACUDE A INTERPONER DENUNCIA EN CONTRA DE SU PAREJA YA QUE REFIERE EL DIA DE AYER POR LA NOCHE, ALREDEDOR DE LAS 10:30PM ESTE LA COMENZO A VIOLENTAR PSICOLOGICAMENTE MENCIONA QUE LE HACE INSULTOS Y COMENTARIOS HIRIENTES, COMO DE QUE ES UNA CUALQUIERA QUE YA NO ERA VIRGEN CUANDO EL LA CONOCIO, ANOCHE HIZO QUE SE QUITARA LA ROPA POR COMPLETO LA MANTUVO EN EL PISO DESNUDA Y LE PUSO EL ABANICO ELLA SE ENCUENTRA EMBARAZADA DE 4 MESES.ADEMAS MENCIONA QUE SIEMPRE LA CORRE DEL DOMICILIO EN EL QUE SE ENCUENTRAN RENTANDO Y LA OBLIGA A MANTENER RELACIONES SEXUALES EN CONTRA DE SU VOLUNTAD, LA USUARIA REFIERE QUE ESTE NO LA DEJA VISITAR A SU FAMILIA ADEMAS LA LIMITA DE DINERO Y LE HACE AMENAZAS DE MUERTE HOY EN LA MAÑANA SE SALIO A ESCON",0.666666666666667,0.666666666666667,0,1,1,0,0
12054,"LA USUARIA EX-PAREJA SEPARADA DE EL UN AÑO TRES MESES. LA USUARIA DICE QUE APROXIMADAMENTE 6-9PM EL AGRESOR ESTABA EN LA ESQUINA DE SU CASA OBSERVANDO QUE ES LO QUE ESTABA HACIENDO , HOSTIGANDOLA. LA USUARIA DICE QUE HACE 3 MESES LA TOMO DEL CABELLO FUERTEMENTE , TIRANDOLA AL SILLON DICIENDOLE ""ERES UNA ZORRA"" ""PUTA"" ""PENDEJA"" LA USUARIA TEME POR SU INTEGRIDAD 
DENUNCIAR LOS HECHOS/ORDEN DE PROTECCION
JURIDICO/PENSION DE ALIMENTOS /GUARDA Y CUSTODIA",0,0.666666666666667,0,0.666666666666667,0,0,0
12061,"REFIERE LA USUARIA QUE APROX LAS 13:30 HRS, ESTANDO EN EL DOMICILIO CONYUGAL SU PAREJA LE DIO UN PUÑETAZO EN LA CARA, LUEGO LA ESTAMPO CONTRA LA PARED Y LE DIO UNA PATADA EN LA PIERNA DERECHA, LE DIJO “HIJA DE TU PUTA MADRE”, LA USUARIA LE LLAMO A LA POLICIA QUIENES SE TARDARON APROX 5 MIN EN LLEGAR, LO DETUVIERON, LA USUARIA NO SABE DONDE ESTA EL AGRESOR. ELLA DESEA PRESENTAR DENUNCIA, SE LE OFRECE EL SERVICIO DE PSICOLOGIA Y LO ACEPTA.",0,1,0,1,0,0,0
12062,"LA USUARIA REFIERE RELACION DE 19 AÑOS VIVIENDO0 JUNTOS EN UNION LIBRE, PERO HACE 2 AÑOS SE SEPARARON SIN EMBARGO LA SIGUE MOLESTANDO, LA QUIERE OBLIGAR A QUE REGRESE CON EL CHANTAJEANDOLA CON EL MENOR QUE TIENEN EN COMUN Y QUE SE ENCUENTRA VIVIENDO CON EL AGRESOR, POR LO QUE DESEA DENUNCIAR YA QUE MENCIONA QUE LA ACOSA CONSTANTEMENTE Y DESEA INICIAR TRAMITE DE GUARDA Y CUSTODIA Y PENSION ALIMENTICIA Y TOMAR TERAPIA.",0,0,0,1,0,0.333333333333333,0
12069,"REFIERE LA MADRE DE LA USUARIA QUE APROX LAS 6:00 PM EN CASA DE LA USUARIA, SU EX PAREJA LE DIO PATADAS EN LA PIERNA IZQUIERDA, LE GIO UN GOLPE CON EL PUÑO CERRADO EN EL COSTADO IZQUIERDO, LA AGARRO DEL CUELLO ESTRANGULANDOLA Y LE PEGO UN PUÑETAZO EN LA BOCA, LE DIJO “ERES UNA PENDEJA, CHINGAS A TU MADRE, CALLATE A LA VERGA Y LA AMENAZO DICIENDOLE QUE LE IBA A HACER LA VIDA IMPOSIBLE, ASI MISMO LE DIJO QUE SE IBA A MATAR ÉL. LA MADRE DE LA USUARIA LE LLAMO A LA POLICIA QUIENES TARDARON 30 MIN EN LLEGAR. LA MADRE DE LA USUARIA DESEA PRESENTAR DENUNCIA Y QUE LA USUARIA RECIBA TERAPIA PSICOLOGICA.",0,1,0,1,0,0,0
12070,"LA USUARIA DICE QUE EL AGRESOR ES SU VECINO PERO EL AGRESOR SE METIO A LA CASA DE LA USUARIA A ROBARLE DOCUMENTOS DE LA CASA DE LA USUARIA LLEVANDOSE LAS ESCRITURAS COPIAS, TAMBIEN NARRA QUE EL AGRESOR EN ESTADO DE EBRIEDAD LE DICE ""VEN PARA DARTE VERGA"" LA USUARIA REFIERE QUE EL MANDA MUJERES A SU PROPIEDAD DICIENDO ""QUE LE DEN VERGA"" 
PRESENTAR DENUNCIA POR LOS HECHOS
TERAPIA PSICOLOGICA",0,0,0.666666666666667,0.666666666666667,0.333333333333333,0,0
12073,"LA USUARIA REFIERE QUE ACTUALMENTE SE ENCUENTRA DIVORCIADA DEL AGRESOR HACE APROXIMADAMENTE 2 AÑOS, SIN EMBARGO LA SIGUE INSULTANDO VIA MENSAJE Y EN PERSONA DICIENDOLE ""CHINGA TU MADRE, CULERA, MIERDA, TENGO GANAS DE METERTE UNA CHINGA"" ADEMAS DE QUE ACTUALMENTE NO ESTA CUMPLIENDO CON SU OBLIGACION DE PROPORCIONA ALIMENTOS Y DE INTIMIDACION YA QUE HASTA PATRULLSA A LLEVADO POR LO QUE LA USUARIA TEME POR SU INTEGRIDAD FISICA Y EMOCIONAL.",1,0,0,1,0,0,0
12077,"LA USUARIA REFIERE MATRIMONIO DE 09 AÑOS Y MENCIONA QUE DE 04 AÑOS A LA FECHA EL CARACTER DEL AGRESOR SE TORNO IRASCIBLE Y QUE APROXIMADAMENTE A LAS 21:00 O 22:00 HORAS, AL ESYTAR EN EL DOMICILIO CONYUGAL, EL AGRESOR LLEGO DISCUTIENDO CON LA USUARIA Y LA EMPEZO A TOMAR DEL CABELLO Y LA GOLPEABA CON LA PARED Y LA TOMABA DE LA QUIJADA Y LA INSULTO DICIENDOLE"" ANDAS DE PUTA CON LOS VECINOS, SE BRINCAN LA BARDA"", NO ME DISTE DE COMER, PARA QUE ME DESPERTABAS, YO ESTABA AGUSTO DORMIDO Y ME VALE VERGA TODO, POR LO QUE DESEA DENUNCIAR E INICIAR TRMAITE DE PENSION ALIMENTICIA.",0,1,0,0.666666666666667,0,0,0
12079,"LA USUARIA MANIFIESTA QUE POR LA NOCHE, SU ESPOSO ""LA TOMÓ POR LA FUERZA"" VÍA VAGINAL. DICE NO QUERER DENUNCIAR, POR EL MOMENTO POR EL MOMENTO SU INTERÉS ES QUE HACE 02 SEMANAS SE SEPARARON Y ÉL NO HA APORTADO PARA LA MANUTENCIÓN DE SUS 02 MENORES HIJOS, SIN IMPORTARLE QUE EL MAYOR ES PACIENTE PSIQUIÁTRICO Y LE RECETAN MEDICAMENTO CONTROLADO. ELLA SE ESTÁ VIENDO EN MUCHAS DIFICULTADES PARA SOLVENTAR LOS GASTOS. DESEA DEMANDAR PENSIÓN ALIMENTICIA. FIRMA HOJA RENUNCIA MP.",1,0.333333333333333,0,0,1,0,0
12080,"LA USUARIA REFIERE RELACION DE UNION LIBRE DE 6 AÑOS, MISMA QUE DIO POR TERMINADA APROXIMADAMENTE A LAS 07:00 U 08:00 HORAS,, EL AGRESOR LA EMPEZO A AHORCAR Y LA AMENAZO CON QUE IBA A REGRESAR Y SE IBA A LLEVAR A LOS MENORES POR LO QUE DESEA DENUNCIAR Y TOMAR TERAPIA, ASI COMO INICIAR GUARDA Y CUSTODIA Y PENSION ALIMENTICIA..",0,0.666666666666667,0,0.666666666666667,0,0.666666666666667,0
12082,"REFIERE LA USUARIA QUE EL DIA DE AYER, SIENDO LAS 16:00 HORAS SE ENCONTRABAN EN SU DOMICILIO , COMENZARON A DISCUTIR PORQUE EL LE DIJO QUE NO ERA SU SIRVIENTE, SE PUSO MUY AGRESIVO Y COMENZO A GRITARLE INSULTANDOLA, LA AMENAZO CON DESFIGURARLE LA CARA LA AVENTO A LA CAMA LE DIJ QUE LE ECHARIA ASIDO EN LA CARA LA AMENAZO CON HACERLE DAÑO A SUS HIJOS LA SUJETO FUERTE DE LA CAR Y LE REVENTO UNA VENA, TIENE TEMOR A DENUNCIAR PORQUE EL LE DIJO QUE SI SE ATREVIA LA HIBA A MATAR Y SE VENGARIA DE ELLA, DESEA PRESENTAR DENUNCIA Y TOMAR TERAPIA PSICOLOGICA.",0,0.666666666666667,0,1,0,0.666666666666667,0
12088,"LA USUARIA MANIFIESTA QUE EL DÍA DE HOY A LAS 07AM, SU ESPOSO QUIEN ESTABA APARENTEMENTE BAJO LOS EFECTOS DEL CRISTAL, LLEGÓ A CASA AVENTANDO A LA USUARIA CAUSÁNDOLE UN RASPÓN EN EL BRAZO DERECHO Y LA ESTUVO INSULTANDO Y LE DIJO ""CONTIGO NO ES EL PROBLEMA HIJA DE TU PUTA MADRE""( AL PARECER TIENE UN CONFLICTO CON EL HIJO DE AMBOS DE 15 AÑOS). LA USUARIA DESEA DENUNCIAR LOS HECHOS, ASESORÍA LEGAL PARA DIVORCIARSE Y MEDIDA DE SEPARACIÓN DE PERSONAS.",0,1,0,0.666666666666667,0,0,0
12090,"LA USUARIA REFIERE MATRIMONIO DE 30 AÑOS Y MENCIONA QUE SON LOS MISMOS QUE HA VIVIDO VIOLENCIA PSICOLOGICA, FISICA Y ECONOMICA, ACTUALMENTE NO LE OTORGA CANTIDAD ALGUNA PARA SOLVENTAR LOS GASTOS DE LA CASA Y DE LA USUARIA, SIN EMBARGO REFIERE QUE CONSTANTEMENTE LA ESTA AGREDIENDO VERBALMENTE DICIENDOLE QUE ES UNA PUTA Y QUE SE ACUESTA CON SUS HIJOS, QUE EL LA HA VISTO Y LA AMENAZA CON QUITARLE LA VIDA, ADEMAS DE QUE LA CORRE DEL DOMICILIO, POR LO QUE DESEA DENUNCIAR E INICIAR JEVF Y TOMAR TERAPIA.",0.666666666666667,0.666666666666667,0,1,0,0,0
12118,"MENCIONA QUE SU EX PAREJA NO A CUIMPLIDO CON EL PAGO DE ALIMENTOS, HACE 5 MESES LE DIJO QUE LA IBA A MATAR LE DIJO QUE EL TIENE PISTOLA",1,0,0,1,0,0,0
12119,"LA USUARIA MANIFIESTA QUE EL DÍA DE AYER A MEDIO DÍA, SU EX PAREJA PADRE DE SUS 03 MENORES HIJOS, SE METIÓ A LA CASA POR EL PATIO. ÉL LE DECÍA A LA USUARIA QUE VOLVIERAN A ESTAR JUNTOS. ELLA SE NIEGA Y ÉL SE ENOJA. LA GOLPEA EN LAS COSTILLAS Y AMENAZABA CON LLEVARSE AL MENOR DE SUS HIJOS. LA USUARIA MARCA A LA POLICÍA; ACUDEN Y LO DETIENEN, PONIÉNDOLO A DISPOSICIÓN DEL JUEZ DE CONTROL. LA USUARIA DESEA DENUNCIAR Y LA CUSTODIA DE SUS HIJOS.",0,1,0.333333333333333,0,0,0.666666666666667,0
12120,"HACE DOS MESES ME SEPARE DE MI ESPOSO YA QUE ME FUE INFIEL Y ESTA ENOJADO POR QUE NO QUIERO REGRESAR CON EL, EN LOS MENSAJES QUE ME ENVIÓ ME AMENAZA DE HACERME DAÑO Y QUITARME A MIS HIJOS",0,0,0,1,0,1,0
12134,"LA USUARIA REFIERE MATRIMONIO DE 5 AÑOS Y MENCIONA QUE A LAS 16:30 HORAS ESTABAN EN EL DOMICILIO CONYUGAL Y EMPEZARON A DISCUTIR POR UNA DEUDA Y EL AGRESOR EMPEZO A FORCEJEAR CON LA USUARIA Y LA TOMO POR LE CUELLO INTENTANDO AHORCARLA, LE DIO UN PUÑETAZO EN EL COSTADO IZQUIERDO, REFIERE QUE TODO ESTO LO HIZO DELANTE DEL MENOR, QUE INCLUSO CUANDO LLORO EL MENOR FUE CUANDO LA SOLTO Y LO CARGO Y LE DIO UNA PATADA EN LA ENTREPIERNA A LA USUARIA, POR LO QUE DESEA DENUNCIAR, DVORCIARSE Y TOMAR TERAPIA.",0,1,0,0.333333333333333,0,0,0
12138,"LA USUARIA MENCIONA QUE SU NOVIO SE PUSO CELOSO Y LA AGREDIO FISICAMENTE, LE MORDIO LA MANO, LE PEGO EN LA NARIZ, LE DIO GOLPES EN EL CUERPO, LE APRTO EL CUELLO CON LA SMANOS, Y LE JALO EL CABELLO",0,1,0,0.333333333333333,0,0,0
12144,"LA USUARIA REFIERE 5 AÑOS DE MATRIMONIO Y MENCIONA QUE EL DIA DE HOY APROXIMADAMENTE A LAS 03:00 ORAS, EMPEZARON A DISCUTIR PORQUE LE ENCONTRO MENSAJES CON OTRA PERSONA, LA AVENTO DE LA CAMA, LA MORDIO EN EL BRAZO IZQUIERDO Y LE PEGO EN LA ESPALDA CON UNAS LLAVES Y CON UNA ESCOBA LE PEGO EN LA CABEZA, POR LO QUE DESEA DIVORCIARSE Y DENUNCIAR , ASI COMO TOMAR TERAPIA.",0,1,0,0.333333333333333,0,0,0
12150,"LA USUARIA DE 20 AÑOS DE EDAD; MANIFESTÓ QUE EL DÍA JUEVES ACUDIÓ A UN BAR ACOMPAÑADA DE UN AMIGO. AL LLEGAR AL LUGAR LE DIO SU NIP A SU AMIGO POR SI ELLA SE EMBRIAGABA, PUDIERAN PAGAR ÉL LA CUENTA. SE SENTARON EN UNA MESA, Y PIDIERON UNA BOTELLA DE BACARDÍ. DE OTRA MESA LA INVITARON A TOMAR Y A BAILAR. AHÍ PERMANECIÓ UN RATO Y LUEGO LE INVITARON DE UNA TERCERA MESA DONDE CONOCIÓ A DOS HOMBRES. ACCEDIÓ A IR CON ELLOS A UN PRIVADO EN EL CUAL LES REALIZARÍA SEXO ORAL. UNA VEZ QUE TERMINÓ, UNO DE ELLOS LA PENETRÓ SIN QUE LE PREGUNTARA SI ELLA QUERÍA Y LUEGO ÉL OTRO SUJETO, TAMBIÉN LA PENETRÓ, O AL MENOS ESO CREE, LA REALIDAD ES QUE NO RECUERDA MUCHO DE LA SITUACIÓN.",0,0,0,0,0.666666666666667,0,0.333333333333333
12153,"LA USUARIA REFIERE RELACION DE 5 AÑOS EN UNION LIBRE Y MENCIONA QUE DURANTE ESTE TIEMPO SE HAN SEPARADO APRPOXIMADAMENTE EN 20 OCASIONES, REFIERE QUE APROXIAMDAMENTE A LAS 23:00 HORAS, ESTABAN EN EL DOMICILIO COMUN Y EL AGRESOR LA TOMO POR LOS BRAZOS Y LA FORCEJEO Y LA CORRIO DEL DOMICILIO Y NO LE PERMITIO LLEVARSE A SUS HIJOS, YA ACUDIO CON LA POLICIA Y TAMPOCO QUISO HABLAR Y ENTREGARSELOS, POR LO QUE DESEA DENUNCIAR LA VIOLENCIA Y EL OCASULTAMIENTO Y RETENCION DE LOS MENORES Y TOMAR TERAPIA, ASI COMO INICIAR JUICIO ESPECIAL DE VIOLENCIA FAMILIAR.",0,0.666666666666667,0,0,0,1,0
12158,"LA USUARIA REFIERE 17 AÑOS DE MATRIMONIO Y MENCIONA QUE HACE UN TIEMPO SE SEPARARON Y EN ESE TIEMPO EL AGRESOR SE EMPEZO A DROGAR CON CRISTAL Y REGRESARON PERO EL TIENE ALUSINACIONES Y LA AGREDE VERBALMENTE TODOS LOS DIAS LA AGREDE, ELLA REFIERE QUE LO AMA Y LO QUIERE AYUDAR PERO AL MISMO TIEMPO, REFIERE QUE YA NO PUEDE CON LA SITUACION, POR LO QUE DESEA TOMAR TERAPIA, POR EL MOMENTO ES EL UNICO TRAMITE QUE DESEA POR EL MOMENTO.",0,0.333333333333333,0,1,0,0,0
12161,"LA USUARIA REFIERE QUS SOSTUVO UNA RELACION DE 3 AÑOS CON EL AGRESOR Y QUE HACE 3 SEMANAS RETOMARON LA RELACION PERO ACE 1 SEMANA EMPEZARON A VIVIR JUNTOS, PERO EL DIA JUEVES APROXIMADAMENTE A LAS 20:30 HORAS, EMPEZO A DISCUTIR Y LA QUISO SACAR DE LA CASA, LE HABLARON A LA PATRULLA Y LOS OFICIALES LE DIJERON QUE NO LA PODIA SACAR, SE VAN Y EL LA FORCEJEA EN 2 OCASIONES, POR LO QUE DESEA DENUNCIAR Y RETOMAR EL JUICIO DE GUARDA Y CUSTODIA Y PENSION ALIMENTICIA.",0,1,0,0.333333333333333,0,0,0
12171,"MENCIONA QUE ELLA ESTABA EN SU CASA Y RECIBIO UNA LLAMADA DE SU EX PAREJA Y LE PREGUNTO POR UN ANILLO ELLA LE DIJO QUE YA NO EXISTYIA Y EL SE ENOJO Y AMENAZO CON MATARLA, DICE QUE EL SE ROBO ALGUNAS COSAS DE UNA CASA QUE ESTA EN CONTRUCCION",0,0,0.666666666666667,1,0,0,0
12172,"LA USUARIA MANIFIESTA QUE EL DÍA VIERNES A LAS 23 HORAS, SU PAREJA QUIEN ESTABA ALCOHOLIZADO, PERMITÍA INTIMAR CON ELLA; ELLA NO QUISO Y ÉL SE ENOJÓ Y LE DIO UN PUÑETAZO EN LA CARA Y OTRO EN LA BOCA Y SE VA DEL LUGAR, LLEVÁNDOSE SUS PERTENENCIAS. LA USUARIA DESEA DENUNCIAR EL HECHO Y ASESORÍA LEGAL SOBRE PENSIÓN ALIMENTICIA A FAVOR DE SUS 02 MENORES HIJOS EN COMÚN,.",0,1,0,0,0,0,0
12176,"LA USUARIA, DE 22 AÑOS, REFIERE QUE IBA A DEJAR PAPELERIA PARA UN TRABAJO AFUERA VIO A UN TIPO Y LE EMPEZO A HABLAR, ELLA NO LE HACIA CSAO Y LA EMPEZO A JALONEAR Y AMENAZAR Y LE DIJO QUE SI GRITABA O HACIA ALGO IBA A VALER, ADEMAS DE QUE NADIE LE IBA A CREER, EL TIPO PARA UN TAXI Y LA LLEVA A UN MOTEL, LE QUITO LA ROPA Y LA PENETRO VIA VAGINAL Y EYACULO ADENTRO DE LA USUARIA, POR LO QUE DESEA DENUNCIAR Y TOMAR TERAPIA.",0,1,0,0.333333333333333,1,0,0
12187,"LA USUARIA REFIERE 20 AÑOS DE MATRIMONIO Y MENCIONA QUE DESDE JULIO DEL PRESENTE AÑO SE SEPARARON Y QUE ACTUALMENTE LA SIGUE , LA ACOSA, TAL COMO OCURRIO APROXIMADAMENTE A LAS 20:00 HORAS, EN QUE LA USUARIA IBA EN UN DIDI Y EL AGRESOR SE BAJO DEL TAXI Y EMPEZO A AGREDIR EL VEHICULO DEL CHOFER Y MENCIONA QUE TEME POR SU INTEGRIDAD FISICA Y EMOCIONAL, POR LO QUE DESEA DENUNCIAR.",0.333333333333333,0,0,1,0,0,0
12205,"LA USUARIA EMNCIONA QUE EL DIA JUEVES APROX A LAS 7 DE AL MAÑANA SU PAREJA LA GOLPEO Y PATEO, LE DIJO QUE LA IBA A MATAR SI ELLA SE IBA DE AL CASA, MENCIONA QUE NO LA DEJABA SALIR, HOY SALIO PORQUE FUERON A SU CASA LOS POLICIAS Y LA SACARON",0,0.333333333333333,0,1,0,0,0
12207,LA USUARIA MENCIONA QUE SU ESPOSO LA GOLPEO CON EL PUÑO LE DIJO QUE SFUERA DE AL CASA SI NO LA MATABA,0,1,0,0.666666666666667,0,0,0
12224,"REFIERE LA USUARIA QUE APROX LA 1:00 PM EN EL DOMICILIO CONYUGAL, SU CONCUBINO LE DIJO ""ERES UNA PINCHE RATERA, YO LO HICE TODO Y ME ESTAS ROBANDO, TE VOY A QUEMAR LA CASA, DE AQUI NADIE VA A DISFRUTAR NADA, ME VALE MADRE LA NIÑA, TE VOY A MATAR POR PINCHE RATERA, OJALA Y TE MUERAS"" LA USUARIA NO LE HABLO A LA POLICIA. ELLA DESEA PRESENTAR DENUNCIA, SE LE OFRECE LOS SERVICIOS DE TX PSICOLOGICA Y JURIDICO ACEPTANDO AMBOS.",0,0,0,1,0,0.333333333333333,0
12227,"LA USUARIA REFIERE ESTAR CONOCIEDO AL AGRESOR EN EL TIEMPO DE SEPT. A OCT. Y MENCIONA QUE EL LE REALIZO UNA LLAMADA Y ELLA ESTABA EN ROPA INTIMA Y EL AGRESOR LE TOMO SCREEN SHOT Y SUBIO DICHA CAPTURA A FACEBOOK EN UN ENVIVO Y ELLA SE DIO CUENTA APROXIMADAMENTE A LAS 09:00 HORAS, POR LO QUE DESEA DENUNCIAR LA REVELACION DE FOTOGRAFIAS CON CONTENIDO INTIMO.",0,0,0,0,1,0,0
12253,"LA USUARIA ESPOSA DEL AGRESOR DICE QUE EL DIA SABADO TOMO UN ANOREXIGENO QUE LO UTILIZA PARA NO DORMIR, LA USUARIA REFIERE QUE DESDE QUE USA ESE MEDICAMENTO SE HACE AGRESIVO ESA NOCHE COMENZO A PELEAR CON ELLA Y DANDOLE UN GOLPE EN LA MANDIBULA DE LADO DERECHO Y LE ESTIRO SU CABELLO DICIENDOLE "" TE ESTOY DICIENDO QUE TE SUBAS AL CARRO PENDEJA, O SI NO TE VOY A AGARRAR A PUTAZOS"" LA USUARIA SOLO QUEIRE ASESORIA LEGAL.
NO DESEA DENUNCIA 
JURIDICO/ PENSION DE ALIEMENTOS/GUARDA Y CUSTODIA/DIVORCIO",0,1,0,1,0,0,0
12256,"REFIERE LA USUARIA QUE APROX LAS 9:00 PM EN EL DOMICILIO DE LA USUARIA SE PRESENTO SU EX PAREJA QUIEN LE DIJO ""ERES UNA PUTA, TE VAS A ARREPENTIR, DONDE TE AGARRE TE VOY A MATAR"" NO LE LLAMO A LA POLICIA. ELLA DESEA DENUCIAR.",0,0,0,1,0,0,0
12259,"LA USUARIA REFIERE QUE EL AGRESOR ES SU ESPOSO HACE APROXIMADAMENTE 06 MESES LA VIOLO YA QUE DICE QUE CUANDO ESTABA DORMIDA, NO PODIA DESPERTAR Y SOLO SENTIA LA PENETRACION, CUANDO LOGRO DESPERTAR SE DIO CUENTA QUE NO TENIA LA ROPA INTERIOR ELLA LE DIJO QUE HABIA PASADO, Y EL SOLO LE DIJO UQ ETENIA QUE HACER ESO PORQUE ELLA NO QUERIA YA NADA CON EL . LAUSUARIA SOSPECHA QUE LE HABIA DADO ALGO DE TOMAR , EL DIA DE AYER BAJO LOS EFECTOS DE ALGUNA DROGA EL AGRESOR COMENZO A VER ALUCINACIONES QUE LA USUARIA TENIA UN HOMBRE EN SU CAMA YA QUE NO HABIA NADIE LA USUARIA TEME POR SU INTEGRIDAD Y LA DE SU HIJA MENOR DE EDAD QUE VIVE CON ELLA LA USUARIA REFIERE QUE EL AGRESOR SE FUE EL DIA DE AYER POR LA NOCHE ## NO PRESENTA DENUNCIA DE LOS HECHOS DE V",0,0.333333333333333,0,0.333333333333333,1,0,0
12266,ASESORIA LEGAL Y ATENCION PSICOLOGICA POR QUE SUFRE DE VIOLENCIA FAMILIAR POR PARTE DE SU EX PAREJA EL CUAL ES ADICTO A LAS DROGAS Y CUANDO ANDA BAJO OS EFECTOS DE LA DROGA LA GOLPEA. LA ULTIMA AGRESION FUE A LAS 7 PM,0,1,0,0,0,0,0
12268,"LA USUARIA DICE QUE EX PAREJA DEL AGRESOR PERO APROXIMADAMENTE 7:00 PM COMENZARON A DISCUTIR Y EL AGRESOR LE DIO TRES PATADAS EN LA PARTE DE LA CADERA Y LE AVENTO LA PUERTA Y LA GOLPEO EN EL ABDOMEN EL AGRESOR DICIENDOLE ""ME LA PELAS"" LA USUARIA SE SALIO DE LA CASA, LA USUAIRA REFIERE QUE CONSTANTEMENTE LO QUIERE CONTROLAR Y GOLPEAR LA USUARIA TEME POR INTEGRIDAD Y QUIERE PENSION DE ALIMENTOS YA QUE LE DA MUY POCO DINERO PARA SUS HIJOS
DENUNCIA DE LOS HECHOS DE VIOLENCIA 
JURIDICO/TOMAR TERAPIA GRUPAL",1,1,0,0.666666666666667,0,0,0
12274,"REFIERE USUARIA QUE EL DIA DE AYER SIENDO LAS 14:00 HRS ELLA SE ENCONTRBA EN SU DOMICILIO CUANDO LLEGO SU EX PAREJA A INVITARLA A COMER PERO ELLA SE NEGO, LA JALO DEL CABELLO Y SE COMENZO A PONER AGRESIVO , LA EMPEZO A QUERER FORZA PARA TENER RELACIONES, ELLA LO EMPUJO EL SE LE ECHO ECIMA , LA COMENZO A ESTRUJAR Y AA JELONEAR , ELLA SALIO CORRIENDO A PEDIR A YUDA A LOS VECINOS , DESEA PRESENTAR DENUNCIA ANTE MINISTERIO PUBLICO..",0,1,0,0.333333333333333,0.666666666666667,0,0
12278,"LA USUARIA ESTABA EN UNION LIBRE CON EL AGRESOR HACE UN MES DICE QUE APROXIMADAMENTE A LA 9:00 PM LA USUARIA REGRESO DEL TRABAJO Y EL AGRESOR COMENZO A DECIRLE ""VALES PURA VERGA"" ""DONDE SEA TE VOY A MATAR"" "" ERES UNA VIEJILLA"" ""NO SIRVES PARA NADA"" EL AGRESOR COMENZO A GOLPERALA CON UNA MANGUERA DE GAS Y LA USUARIA SE PROTEGIO CON UN CIBERTOR LA USUARIA REFIERE QUE LAS HIJAS ESTAN VIVIENDO CON CON EL . EL AGRESOR ESTA VIVIENDO ACTUALMENTE EN LA CASA DE LA USUARIA REFIERE QUE CONSTANTEMENTE VIVE VIOLENCIA FAMILIAR TEME POR SU INTEGRIDAD FISICA QUIERE LA RECUPERACION DE SUS PERTENENCIAS
DENUNCIAR LOS HECHOS
JURIDICO/GUARDA Y CUSTODIA",0,1,0.666666666666667,0.666666666666667,0,0.333333333333333,0
12279,"LA USUARIA MANIFIESTA QUE ELLA Y SU EXPAREJA TIENEN LA CUSTODIA COMPARTIDA DE SUS 03 MENORES HIJOS, EN LOS CUALES SE ESPECIFICÓ QUE LOS MENORES ESTARÍAN CON ELLA DE MIÉRCOLES A DOMINGO SEGÚN RELATA. SIN EMBARGO HACE 02 SEMANAS SU EXPAREJA NO LE ENTREGA A SUS HIJOS. EL DÍA DE AYER POR LA TARDE, ACUDIÓ LA USUARIA ACOMPAÑADA DE UNA UNIDAD PARA PEDIRLE QUE ENTREGUE A LOS MENORES, PERO ÉL LE EXPUSO QUE NO SE LOS DARÍA HASTA QUE UN JUEZ SE LO INDIQUE..",0,0,0,0,0,1,0
12280,"LA USUARIA REFIERE QUE EL AGRESOR COMENZO APONERESE VIOLENTO CON ELLA YA QUE DESDE HACE 02 SEMANAS EL AGRESOR LE INSINUA QUE QUIERE TENER RELACIONES SEXUALES CON ELLA, EL AGRESOR ES HIJASTRO DE LA USUARIA, TAMBIEN DICE L AUSUARIA QUE EL AGRESOR LE DIJO QUE TOMO SU ROPA INTERIOR Y LA COMENZO A OLER, REFIERE QUE EL AGRESOR CONSUME DROGAS, EL CRISTAL, MARIHUANA, TABACO Y EL ALCOHOL. LA USUARIA REFIERE QUE TEME POR SU INTEGRIDAD YA QUE UN FAMILIAR DE ELLA, DEL MISMO AGRESOR QUERIA VIOLENTARLA SEXUALMENTE. LA USUARIA LLAMO EL DIA DE AYER Y SE LO LLEVARON DE TENIDO ACTUALMENTE ESTA EN LA PENITENCIARIA
DENUNCIAR LOS HECHOS DE VIOLENCIA SEXUAL
TERAPIA INDIVIDUAL",0,0,0,0,1,0,0
12289,"LA USUARIA REFIERE QUE ESTA CASADA CON EL AGRESOR Y HACE 06 MESES SUFRIO VIOLENCIA FISICA ECONOMICA Y PSICOLOGICA POR PARTE DEL AGRESOR DICE QUE NO RECUERDA LA FECHA PERO EL AGRESOR LA GOLPEO FUERTEMENTE EN EL OJO DE L AUSUARIA Y ELLA LO ANEXO A UN CENTRO DE REHABILITACION LA USUARIA TEME POR SU INTEGRIDAD YA QUE EL DIA DE MAÑANA EL AGRESOR CUMPLE 06 MESES EN EL ANEXO Y EL YA SALE DE AHI. LA USUARIA DESEA PRESENTA DENUNCIA DE LOS HECHOS DE VIOLENCIA FAMILIAR /SEÑALA QUE NO TRABAJA Y NO LE DA DINERO 
PRESENTAR DENUNCIA DE LOS HECHOS DE VIOLENCIA
JURIDICO /PENSION DE ALIMENTOS/GUARDA Y CUSTODIA/DIVORCIO INCAUSADO",0.333333333333333,0.666666666666667,0,0.333333333333333,0,0,0
12291,"REFIERE USUARIA QUE EL DIA DOMINGO A LAS 10:15 DE LA NOCHE, OCURRIERON LOS HECHO AFUERA DE SU DOMICILIO, SE ENCONTRABA DIALOGANDO CON SU EX PAREJA , PERO LUEGO COMENZARON A DISCUTIR YA QUE EL AGRESOR IBA EN ESTADO DE EBRIEDAD, LE EMPEZO A RECLAMAR A LA USUARIA QUE PORQUE LOS NIÑOS NO SE SABIAN SUS NOMBRES, LA INSULTO DICIENDOLE QUE ERA UNA CUALQUIERA , UNA BASURA MIERDA DE PERSONA , ELLA LE DIJO QUE NO LA INSULTE EL LA JALA DEL CABELLO , LA ESTRUJO , LA MAMA DEL AGRESOR TAMBIEN LA GOLPEO, ELLA LOGRA SAFARSE Y SE METIO A SU CASA, LLAMO A LA POLICIA PERO LLEGARON 20 MINUTOS DESPUES PERO ELLOS YA SE ABIAN IDO , ELLA DESEA PRESENTAR DENUNCIA ANTE MINISTERIO PUBLICO..",0,1,0,0.666666666666667,0,0,0
12294,ASISTE A SUBSECUENCIA AL ÁREA DE MINISTERIO PÚBLICO. SE LE ADJUNTAN LAS SIGUIENTES OBSERVACIONES: LA USUARIA REFIERE QUE EL AGRESOR ARRIBO AL DOMICILIO Y COMENZO A GOLPERLA EN EL BRAZO LA PATALEO Y LE DIO DE PUÑETAZOS EN LA CARA LOS HECHOS OCURRIERON APROXIMADAMENTE A LA UNA DE LA MAÑANA DENUNCIAR LOS HECHOS.,0,1,0,0,0,0,0
12297,"REFIERE USUARIA QUE EL DIA DE AYER A LAS 17:30 DE LA TARDE, SE ENCONTRABA EN EL DOMICILIO DE SU MAMÁ, CUANDO LLEGO SU EX PAREJA Y LE DIJO QUE SI LE PRESTABA A LOS NIÑOS Y ELLA SE LOS ESTABA ALISTANDO, Y LE GRITO MUEVETE MUEVETE TENGO PRISA , ELLA LE DIJO QUE NO LE GRITARA COMENZO A DECIRLE GROSERIAS, ESTABA APARENTEMENTE DROGADO, LE DIJO SALTE CULERA PARA PARTIRTE TU MADRE , O ENTRO Y TE SACO , EL DIJO PUTA TE VOY A MANDAR A REVENTAR , LA ESTRUJO DEL BRAZO , EMPEZO A PATEAR LAS PUERTAS , SU MAMA MARCO A LA POLICIA , Y SE LO LLEVARON DETENIDO, ELLA DESEA PRESENTAR DENUNCIA ANTE MINISTERIO PUBLICO Y TOMAR TERAPIA PSICOLOGICA. ASI COMO UNA ASESORIA JURIDICA REFERENTE A LA GUARDA Y CUSTODIA DE SUS MENORES HIJOS.",0,1,0.666666666666667,0.666666666666667,0,0,0
12303,LA USUARIA REFIERE QUE DESDE LOS 05 AÑOS ABUSABA DE LA USUARIA HASTA QUE CUMPLIO 15 AÑOS DICE QUE ELLA HIZO MENCION DE ESTE HECHO UNA DECLARACION.,0,0,0,0,1,0,0
12304,"LA USUARIA REFIERE QUE APROXIMADAMENTE 07:00 PM ESTABA CON EL GARESO R Y EL LA COMENZO A INSULTAR ""NO ESTES CHINGANDO"" Y LA AVENTO JUNTO CON SUS HIJO MENOR HACIA UN CARRO DICE LA USUARIA QUE QUIERE PONER DENUNCIA DE LOS HECHOS DE VIOLENCIA",0,1,0,0.666666666666667,0,0,0
12305,"REFIERE USUARIA QUE EL DIA DE AYER A LAS 21.04, DE LA NOCHE, SE ENCONTRABAN EN SU DOMICILIO, REFIERE USUARIA QUE YA HABIAN TEIDO PROBLEMAS HACE DOS DIAS,ELLA LE DIJO QUE YA SE QUERIA SALIR DE LA CASA Y QUE QUERIA IR POR SUS COSAS, EL NO LA DEJO SACAR SUS PERTENENCIAS, LA INSULTO, LA EMPUJO, LO UNICO QUE SACO FUE UNA ROPA INTERIOR , ROPA DE SU MENOR HIJO, Y UNA PANTALLA, PERO TODAVIA DEJO MAS SU COSAS, EL LA TUMBO AL PISO, LE DIO UNA PATADA, LA ESTRANGULO, USUARIA TOMO SUS COSAS Y SE RETIRO DEL DOMICILIO, PIDIO APOYO A SEGURIDAD PUBLICA PERO NO LLEGARON , DESEA PRESENTAR DENUNCIA ANTE MINISTERIO PUBLICO.",0,1,1,0.666666666666667,0,0,0
12308,"LA USUARIA MANIFIESTA QUE HACE MÁS DE UN AÑO QUE DECIDIÓ TERMINAR SU RELACIÓN DE UNIÓN LIBRE, DEBIDO A QUE SEGÚN ELLA DESCRIBE, ÉL SE HA ESFROZADO POR MEJORAR SU COMPORTAMIENTO, PERO ES ADICTO A LAS DROGAS, RAZÓN POR LA CUÁL ÉL HA ESTADO ANEXADO EN 3 CENTROS DESDE ENTONCES. DESDE HACE 02 MESES ÉL ESTÁ LIBRE Y ELLA HABÍA ESTADO INTENTADO TENER UN TRATO COORDIAL CON ÉL, TANTO QUE EL SÁBADO A LAS 16:30 SE CITARON EN CASA DE ÉL PARA IR A COMPRARLE ALGO AL MENOR QUE TIENEN EN COMÚN. ELLA ACUDIÓ E INGRESÓ A LA CASA, ÉL SALE DE PRONTO ACTUANDO DE MANERA AGRESIVA, MANIFIESTANDO QUE ÉL SE ESTABA DROGANDO, Y LE DIJO ""PARA QUÉ ME ESPERAS"", LA ESTRUJA DEL BRAZO Y DE LA ROPA, LA JALA DEL CABELLO, LA TIRA AL PISO Y LA PATEA.",0,1,0,0,0,0,0
12313,"LA USUARIA REFIERE RELACION SENTIMENTAL CON EL AGRESOR DE 3 AÑOS Y MENCIONA QUE APROXIMADAMENTE A LAS 21:00 HORAS, AL ESTAR EN EL DOMICILIO DEL AGRESOR, EMPEZARON A DISCUTIR PORQUE HABIAN QUEDADO DE IR CON LA FAMILIA DE LA USUARIA Y EL SE NEGO PORQUIE QUERIA VER EL JUEGO Y ELLA LE DIJO QUE SE IBA ELLA CON EL NIÑO Y EL NO LOS DEJO IR, ELLA SE VA A COSTAR CON EL NIÑO Y ENTRA DESPUES EL AGRESOR LLORANDO Y LE DICE QUE ELLA NO LE PERMITE ESTAR Y CONVIVIR MUCHO CON SU HIJO, Y DE LA NADA LE DA UN PUÑETAZO EN EL OJO IZQUIERDO, POR LO QUE DESEA DENUNCIAR E INICIAR TRAMITE DE GUARDA Y CUSTODIA Y PENSION ALIMENTICIA., ASI COMO TOMAR TERAPIA.",0,1,0,0.333333333333333,0,0,0
12332,"LA USUARIA REFIERE QUE APROXIDAMENTE A LAS 5:00 PM EL AGRESOR COMENZO A MANDARLE MENSAJES QUE SI NO SALIA, LO IBAN A MATAR QUE PORFAVOR SALIERA DEL TRABAJO DE LA USUARIA TIENEN UN MES DE SEPARADOS EL AGRESOR ESTOS ULTIMOS DIAS LA HA ESTADO ENVIANDO MENSAJES PARA QUE VUELVAN ENTONCES ESE DIA EL AGRESOR TOMO EL DIDI QUE LA USUAIRA HABIA TOMADO , COMENZANDOLA PARETAR DEL BRAZO DERECHO EL GERENTE DEL TRABAJO DE LA USURIA LA SIGUIO EN SU MOTO AL VER EL PERCANCE QUE TENIAN ELLOS, BAJANDO DEL AGRESOPR DEL DIDI COMENZARON A PELEAR Y FUE EL MODO EN QUE EL AGRESOR SE FUERA DEL LUGAR 
LA USUARIA DESDE DENUNCIAR LOS HECHOS DE VIOLENCIA",0,1,0,0.333333333333333,0,0,0
12336,"LA USUARIA REFIERE QUE APROXIMADAMENTE A LAS 12:00PM DICIENDOLE POR VIA WHATSSHAP ""OJALA TE CARGUE LA VERGAS ESO SERIA LO MEJOR PARA TODOS"" LA USUARIA DICE QUE TAMBIEN LE MARCA LA HOSTIGA CON SACARLA DE LA CASA
DESEA PRESENTAR DEUNCIA DE LOS ULTIMOS HECHOS
JURIDICO GUARDA Y CUSTODIA PENSION DE ALIMENTOS
TERAPIA GRUPAL",0,0,0,1,0,0,0
12343,"APROXIMADAMENTE 10:22 PM EL AGRESOR LE MARCO POR VIA TELEFONICA DICIENDOLE A LA USUARIA ""VOY HACER QUE TE CORRAN DE TU PINCHE TRABAJO PUTA ASQUEROZA TE VOY A PARTIT TU MADRE"" LA USUARIA DICE QUE ESTA TRABAJANDO Y EL AGRESOR ESTA MOLESTO DE ESO LOS HIJOS MENORES ESTAN A CARGO DE LOS ABUELOS MATERNOSTRAMITAR PENSION DE ALIMENTOS Y GUARDA Y CUSTODIA TERAPIA GRUPAL Y PARA SUS HIJOS.",0.333333333333333,0,0,1,0,0,0
12348,"LA USUARIA MANIFIESTA QUE HACE APROXIMADAMENTE 04 MESES, SE SEPRÓ DE SU ESPÑOSO DEBIDO A UNA INFIDELIDAD POR PARTE DE ELLA. SIN EMBARGO VA CASI A DIARIO A CASA DE ELLA CON PROTEXTO DE VER A SU 02 MENORES HIJOS, PERO EN OCASIONES VA A DESHORA O TOMADO. ES EL CASO QUE A LA 1AM, ÉL ESTABA EN EL DOMICILIO DE LA USUARIA EN APARENTE ESTADO DE EBRIEDAD, Y COMENZÓ A RECLAMARLE POR LA INFIDELIDAD, LA USUARIA LE PIDE QUE SE VAYA Y ÉL REACCIONA MORDIÉNDOLE LA MEJILLA Y DÁNDOLE UN GOLPE EN EL BRAZO, PARA DESPUÉS IRSE; LA USUARIA DESEA DENUNCIAR EL HECHO Y ASESORÍA LEGAL PARA DIVORCIARSE",0,1,0,1,0,0,0
12349,"USUARIA ACUDE A DENUNCIAR A SU EX PAREJA REFIERE QUE HACE SIETE MESES LO DENUNCIA POR VIOLENCIA FAMILIAR , Y QUE EN ESTAS ULTIMAS SEMANAS EL ACUDE AL DOMICILIO Y LE PIDE RETOMAR LA RELACION, LA USUARIA LE DICE QUE YA NO QUIERE Y ES CUANDO EL COMIENZA A A GRITARLE Y DECIRLE QUE SI NO REGRESAN LA VA A MATAR Y LE VA A DAR DONDE MAS LE DUELE, AYER EL ACUDIO NUEVAMENTE Y COMENZÓ A GRITARLE SI NO ERES MIA NO SERAS DE NADIE , ELLA LLAMO A LA PATRULLA Y EL SE FUE EN EL TAXI.",0,0,0,1,0,0,0
12350,"LA USUARIA REFIERE QUE ESTABA LABORANDO APROXIMADAMENTE 8:30 AM ARRIBO UN CLIENTE EL COMIENZA HACER SEÑALES SEXUALES LA TOMA DE LA MANO Y SE VA DESPUES A LA 10:30 AM VUELVE ARRIBAR Y LE LLEVA FRUTA Y EMPIEZA A TOCARLE EL BRAZO POSTERIORMENTE LE TOCA UN PECHO Y EL ROSTRO A LA USUSARIA Y LE DICE QUE SE VAYA CON EL. LA SUUARIA ENTRA EN PANICO Y EL AGRESOR SE VA EL AGRESOR VA AL REDEDOR DE LAS 2:00PM PERO VE UN FAMILIAR DE LA USUARIA Y SE VA. L AUSUARIA LE COEMNTA LO SUCEDIDO AL DUEÑO Y LA DESPIDE
DENUNCIAR LOS HECHOS DE VIOLENCIA SEXUAL
TERAPIA INDIVIDUAL",0.333333333333333,0,0,0,1,0,0
12352,"LA USUARIA REFIERE QUE EL DIA DE HOY APROXIMADAMENTE 6:30 AM EL AGRESOR LLEGO A LA HABITACION PARA PEDIRLE EL TELEFONO CELULAR DE LA USUARIA PERO ELLA NO SE LO QUERIA DAR EMPEZARON A FORCEJEAR Y EL LA AVENTO A LA PUERTA Y GOLPEANDOSE CON LA MANIJA ENLA ESPALDA DURANTE EN EL FORCEJEO LE QUEBRO UNA UÑA A LA USUARIA CUANDO LOGRO QUITARLE EL TELEFONO SE DIO CUENTA QUE NO HABIA NADA, EL AGRESOR COMENZO A PEDIRLE PERDON LA USUARIA DESEA PRESENTAR DENUNCIA DE LOS HECHOS TOMAR TERAPIA GRUPAL",0,1,0.333333333333333,0.333333333333333,0,0,0
12354,"USUARIO REFIERE QUE SE FUE A UN BAILE , CON SU FAMILIA Y SU HIJA QUE TIENE EN COMUN CON EL GV SE LA DEJO A SU MAMA , LE HABLARON POR TELEFONO PARA DECIRLE QUE SU MAMA SE PUSO MALA POR QUE EL GV FUE A QUITARSELA CUANDO ELLA QUISO IR POR LOA NIÑA EL GV NO SE LA QUISO REGRESAR EL FUE A REGRESARLE A LA NIÑA DICIENDO QUE IBA A CAMBIAR",0,0,0,0.333333333333333,0,0.666666666666667,0
12366,"USUARIA ACUDE A DENUNCIAR A SU ESPOSO, TIENEN 3 AÑOS SEPARADOS, COMENTA QUE AYER ACUDIO A SU DOMICILIO PARA DECIRLE QUE SE VAYA DEL DOMICILIO, TAMBIEN COMENTA QUE LA INSULTO, LKA ACUSA DE INFIEL Y LE DICE QUE VA A QUITAR DE ENMEDIO A ESA PERSONA CON LA QUE ELLA ANDA Y QUE ELLA SE LA VA A PAGAR QUE ESO NO SE VA A QUEDAR ASI, E INTENTO GOLPEARLA, MENCIONA QUE EN DICIEMBRE EL TAMBIEN ACUDIO AL DOMICILIO LA SUJETO DEL CUELLO QUERIÉNDOLA AHORCAR.",0,1,0,0.666666666666667,0,0,0
12375,"LA USUARIA REFIERE QUE APROXIMADAMENTE 13:00 PM LLEGO AL DOMICILIO COYUGAL SORPRENDIENDO AL AGRESOR CON 02 MUJERES, EL AGRESOR LA EMPEZO A INSULTAR ""VETE A LA VERGA"" Y ESTRUJANDOLA AVENTANDOLA Y CAYO AL PISO CUANDO LA LEVANTO LA MAMA DE LA USUARIA, CUANDO DE PRONTO DE DESMAYO PROQUE SE EMPEZO A SENTIR MAL 
DENUNCIA DE LOS HECHOS 
DEMANDA DE PENSION DE ALIMENTOS GUARDA Y CUSTODIA DIVORCIO
TERAPIA GRUPAL",0,0.666666666666667,0,0.666666666666667,0,0,0
12381,"REFIERE USUARIA QUE EL DIA DE AYER A LAS 18.00 HRS LLEGO A SU CASA Y AFUERA DE LA CASA EN LA COCHERA SE ENCONTRO CON QUE LE PUSIERON UNA CRUZ DE BLOCKS, ELLA CON TEMOR SE CRUZO A CASA DE SU MAMA, Y HASTA LAS 02.00 AM, ELLA ENTRO A US CASA Y CUANDO ENTRO A SU CUARTO , EN SU CAMA ESTABA UNA CRUZ NEGRA ECHA DE ROPA. ELLA SE ASUSTO Y LE GRITO A SU MAMA, PREGUNTO OCON LOS VECINOS SI ALGUIEN ABIA VISTO A SU EX Y LE DIJERON QUE SI, ELLA HACE UNA SEMANA ABIA DISCUTIDO CON EL Y LE DIJO QUE IBA A VALER MADRE SI NO LLEGABA A LA CASA A TIEMPO, LA EX PAREJA DE LA USUARIA LE OFRECIO DINRO A LA SEÑORA D ELA TIENDA PARA QUE LE DIJERA A QUE HORA SALEN SUS HIJOS Y A QUE HORA VNA LA TIENDA, ELLA DESEA PRESENTAR DENUNCIAS ANTE MIN",0,0,0.666666666666667,1,0,0.333333333333333,0
12395,"LA USUARIA MANIEFIESTA QUE EL VIENRES APROXIMADAMENTE 8:00 PM COMENZO A DISCUTIR CON LA USUARIA DICIENDOLE ""CULERA"" EL AGRESOR COMENZO A TOMARLA DE LA CARA MUY FUERTE Y HACIENDOLE UN RASGUÑO EN EL ROSTRO DESPUES LA TOMO DEL CUELLO QUERIENDOLE ASFIXIAR PERO LLEGO SU HIJA Y FUE EL MODO EN QUE LA SOLTO SUJENTANDOLA DEL BRAZO Y LAS COSTILLAS PIDIENDOLE QUE NO SE FUERA LOS HECHOS OCURRIERON EN CASA DE SU HERMANA ACTUALMENTE ESTA VIVIENDO CON SU MAMA EL AGRESOR ESTABA BAJO LO EFECTOS DE ALGUNA DROGA

DENUNCIA DE LOS HECHOS DE VIOLENCIA
DEMANDA DE GUARDA Y CUSTODIA",0,1,0,0.333333333333333,0,0,0
12410,"LA USUARIA REFIERE QUE SE ENCUENTRA DIVORCIADA DEL AGRESOR HACE 2 AÑOS Y QUE ACTUALMENTE LA ACOSA, LE ENVIA MENSAJES, LLAMADAS, LA CITA EN LUGARES, ACOSA A SU FAMILIA Y AMIGOS, EL ULTIMO MENSAJE ACOSANDOLA FUE APROXIMADAMENTE A LAS 23:15 HORAS, POR LO QUE DESEA DENUNCIAR.",0,0,0,1,0,0.333333333333333,0
12414,"LA USUARIA REFIERE 1 AÑO VIVIENDO EN UNION LIBRE Y SE SEPARARON, RETOMARON LA RELACION DE NOVIAZGO Y HACE 3 MESES LO DEJO, PERO LA SIGUE ACOSANDO, AYER LLEGO A LA CASA DE LA USUARIA, ELLA NO SALIO, PERO EL LE ENVIA MENSAJES AMENAZANDOLA DE MUERTE A ELLA Y A SUS HIJAS, DICIENDOLE QUE LE VA A PARTIR SU MADRE, POR LO QUE DESEA DENUNCIAR Y TOMAR TERAPIA",0,0,0,1,0,0.333333333333333,0
12425,"LA USUARIA REFIERE RELACION DE 2 AÑOS EN UNION LIBRE Y HACE 1 AÑO SE SEPARARON Y AUN ESTANDO SEPARADOS, LA HA SEGUIDO AGREDIENDO HASTA EL DIA DE HOY APROXIMADAMENTE A LAS 5:30 HORAS, FUE A LA CASA DE LA USUARIA , LE TOCO MUY FUERTE LA PUERTA PORQUE QUERIA QUE ELLA SALIERA PARA PLATICAR, EL ESTABA EN ESTADO DE EBRIEDAD, SALIO EL PADRASTRO DE LA USUARIA Y QUISO PELEAR CON EL, SALIO LA HERMANA DE LA USUARIA Y TAMBIEN LA AGREDIO, A LA USUARIA LA EMPUJO Y CAYO AL PISO Y LE QUEBRO EL VIDRIO DEL PARABRISAS Y DEL LADO DEL CONDUCTOR, LE MARCARON A LA PATRULLA, PERO LLEGARON MUCHO DESPUES Y EL AGRESOR YA SE HABIA IDO, POR LO QUE DESEA DENUNCIAR E INICIAR GUARDA Y CUSTODIA.",0,1,0.666666666666667,0,0,0.333333333333333,0
12460,"USUARIA REFIERE QUE TENIA UNA RELACION DE UNION LIBRE CON SU PAREJA DE 7 MESES, MENCIONA QUE DURANTE LA RELACION EL CONSTANTEMENTE EL LA INSULTA, CELA Y EL DIA SABADO DISCUTIERON PORQUE EL LE PROHIBÍA QUE SE BAÑARA PORQUE LA ACUSABA QUE ELLA DE SEGURO SE IRÍA CON ALGUIEN MAS, MENCIONA LA USUARIA MENCIONA QUE ELA SE FUE A TRABAJAR PERO LE PIDIO QUE SE FUERA DEL DOMICILIO, ELLA LLEGO DE TRABAJAR Y LO ENCONTRÓ DORMIDO, DESPUÉS COMENZO A INSULTARLA LE DIO UNA PATADA, EN LA ESPALDA, LE JALO EL CABELLO Y SE FUE DEL DOMICILIO LLEVÁNDOSE LAS LLAVES DE LA CASA, TAMBIÉN COMENTA QUE LE ROMPIO ROPA Y ZAPATOS. HOY EN LA MALAÑA LE LLAMARON PARA AMENAZARLA DICIÉNDOLE QUE ARREGLARA LAS COSAS CON SU EX PAREJA PORQUE LA TENÍAN VIGILADA",0,1,1,1,0,0.333333333333333,0
12462,"LA USUARIA REFIERE QUE SALIO CORRIENDO DEL DOMICILIO DONDE VIVIA CON EL AGRESOR, DEBIDO A QUE LA GOLPEO, Y DESDE ENTONCES EL AGRESOR LA SIGUE A TODOS LADOS Y LE ENVIA MENSAJES Y YA LA AMENAZO DICIENDOLE QUE SE CUIDARA, POR QUE PUEDE TERMINAR COMO TERMINO UNA CHICA QUE MATARON, LA USUARIA TEME POR SU INTEGRIDAD FISICA Y EMOCIONAL, POR LO QUE DESEA DENUNCIAR Y TOMAR TERAPIA.",0,0.666666666666667,0,1,0,0,0
12488,"USUARIA ACUDE A INTERPONER DENUNCIA EN CONTRA DE US ESPOSO MENCIONA QUE HACE DOS SEMANAS EL SE ENCONTRABA BAJO LOS EFECTOS DEL ALCOHOL, REFIERE QUE LA EMPUJO Y LE GRITO QUE LO ENGAÑABA CON ALGUIEN, QUE ES UNA CUALQUIERA, REFIERE QUE EL DÍA DE HOY LE HABLO AL TELÉFONO Y LA AMENAZO DICIÉNDOLE QUE PORQUE SE LLEVO A SU HIJO Y LO DEJO A EL POR QUE ANDA CON OTRO, QUE TUVIERA CUIDADO POR QUE EL LE PUEDE HACER ALGO, DESEA MEDIDA DE PROTECCIÓN",0,0.333333333333333,0,1,0,0,0
12496,"LA USUARIA SOLICIT A ASESORIA LEGAL Y ATENCION PSICOLOGICA PARA TRAMITE DE PENSION ALIMENTICIA PORQUE SE SEPARO DE SU PAREJA Y DESDE ENTONCES NO LE PASA PENSIOON PARA SU MENOR HIJA, SE SEPARO PORQUE ERA MUY AGRESIVO Y CELOSO.",1,0,0,0.666666666666667,0,0,0
12503,"MENCIONA QUE VIVIA EN UNION LIBRE POR 6 MESES Y QUE ÉL LA OBLIGABA A HACER COSAS QUE ELLA NO QUERIA COMO LLEVAR DROGA DEL TRABAJO A SU CASA QUE SE SEPARO EL SABADO YA QUE EL JUEVES EN LA NOCHE LA GOLPEO CON UN TUBO EN LOS BRAZOS POR QUE SE MOLESTO POR QUE COMO ÉL VENDE DROGA LLEGO UN MUCHACO Y LE HABLO POR SU APODO PERO ELLA ESTABA AFUERA DE LA CASA HACIENDO SUS NECESIDADES FISIOLOGICAS EN UN BOTE POR QUE NO TIENEN BAÑO Y ELLA LE CONTESTO AL MUCHACHO QUE YA IBA Y ÉL LE DIJO QUE LA HABIAN VISTO QUE ANDABA DE OFRECIDA LA METIO A LA CASA Y LA EMPEZO A GOLPEAR LA JALONEO Y ELLA SE SALIO DE LA CASA EL SABADO, QUE LA HA OBLIGADO A TENER RELACIONES SEXUALES EN SU CONTRA, QUE SE LO HIZO POR ATRAS (ANO) Y LA TUVO PARADA NO LA DEJABA MOVERSE, QUE LA GOLPEO QUE LE DECIA QUE SE METIERA COSAS, QUE LA DEJABA ENCERRADA NO LA DEJABA SALIR NI A LA TIENDA.",0,1,0,0.333333333333333,1,0,0
12505,"25 AÑOS DE CASADA, SIEMPRE VIVIDO VIOLENCIA FAMILIAR IDO AL MACHISMO Y ADICCIÓN A LAS DROGAS DE SU ESPOSO, A LA FECHA NO SE HACE LA VIOLENCIA FÍSICA, PSICOLÓGICA, LIMITACIÓN ECONÓMICA, AMENAZAS DE GOLPES Y MUERTE, DE VEZ EN CUANDO LA FORZA A TENER RELACIONES SEXUALES, EL SUJETO SIEMPRE PORTA ARMA BLANCA, TAMBIÉN AGREDE A SUS HIJOS LA MISMA MANERA, REALIZA DAÑOS PATRIMONIALES, EL SEÑOR CUENTA CON ANTECEDENTES PENALES POR HOMICIDIO Y VIOLENCIA FAMILIAR, USUARIA SALIÓ DE DOM CONYUGAL. ÚLTIMAS AMENAZAS DE GOLPES Y MUERTE; ÚLTIMA RELACION SEXUAL FORZADA 
; ÚLTIMO HECHO 19:30 HRS AGRESIÓN FÍSICA, PSICOLÓGICA Y AMENAZAS EN CASA DE LA HIJA DE SUSCRITA.",0.666666666666667,1,1,1,1,0.333333333333333,0
12507,"LA USUARIA MANIFIESTA QUE A LAS 19:00 HORAS, SE ENCONTRABA ELLA CAMINANDO UN HOMBRE DESCONOCIDO LE HABLÓ Y LUEGO LA ABRAZÓ APRETÁNDOLA FUERTE Y POSTERIORMENTE INTENTÓ BESARLA EN LA BOCA, ELLA LOGRÓ MOVER SU CARA Y LE BESÓ EN LA MEJILLA. DICE QUE ELLA LE PIDE QUE SE VAYA Y ÉL LE DICE QUE ÉL IBA ""AL GRANO"", QUE ÉL ERA UN VIOLADOR Y QUERÍA VIOLARLA, ADEMÁS DE QUE YA CONOCÍA SUS HORARIOS Y QUE ALGUN DÍA IBA A CUMPLIR CON SU COMETIDO, DICE QUE ESTUVO APROXIMADAMENTE 08 MINUTOS DICIÉNDOLE CUSTIONES DE INDOLE SEXUAL Y LUEGO SE FUE. DICE QUE LUEGO FUE UNA MUJER A BUSCARLA DICIENDO QUE ERA ESPOSA DEL AGRESOR Y OFRECIÓ DINERO PARA PEDIR QUE NO DENUNCIARAN,",0,0.333333333333333,0,0.666666666666667,1,0,0
12515,"LA USUARIA REFIERE QUE SU EX NOVIO EMPEZO A LLEGAR BORRACHO A LA CASA, PERO ELLA NO LE PONIA LIMITES. POR LO QUE UN DIA ELLA RECIBIO UNA VISITA EN SU CASA DE OTRO EX NOVIO, ESTA PERSONA LO AGEDIO FISICAMENTE, SUS PAPAS LO CORRIERON Y EL SE BURLABA DE ELLOS.
EL SAB. A PRX. 8:00 EL LA VE EN UNA ESQUINA Y LA LLEVA A SU CASA EN DONDE LA FORZO A TENER RELACIONES SEXUALES.
EL LUNES APROX. 6:30 PASO A SU TRABAJO Y LE PIDE SE VALLA CON EL, A LA FUERZA SE TENIA QUE IR CON EL. LA AMENAZO CON QUE LA TENIA VIGILADA. SE LLEVO SU CELULAR Y NO LO A DEVUELTO.
LA MAMA DEL AGRESOR DICE QUE SI LO ENUNCIA ELLA LE PONDRA UNA CONTRADEMANDA 
SE SABE QUE ESTA PERSONA CONSUME DROGAS .",0,0.666666666666667,0.666666666666667,0.666666666666667,1,0,0
12517,USUARIA REFIERE QUE EL DIA DE HOY EN LA MAGRUGADA A LAS 2:00 AM LLEGO SU EX PAREJA A SU CASA A MOLESTARLA Y LA ESTRUJO LE GRITO A ELLA POR LO QUE DESEA MEDIDAS DE PROTECCION,0,1,0,0.666666666666667,0,0,0
12524,"LA USUARIA REFIERE QUE HACE 4 MESES SE SEPARO DE SU EX PAREJA Y DESDE ENTONCES HA CUMPLIDO CON SU OBLIGACION DE PROPORCIONAR ALIMENTOS DE ACUERDO A SU ARBITRIO, POR LO QUE DESEA INICIAR TRAMITE DE PENSION ALIMENTICIA.",0.666666666666667,0,0,0,0,0,0.333333333333333
12547,"LA USUARIA REFIERE MATRIMONIO DE 4 AÑOS Y MENCIONA QUE ELLA ES PROPIETARIA DEL DOMICILIO DONDE HABITA ELLA Y SU ESPOSO, Y AHI MISMO HABITA SU PADRE, QUIEN LA VIOLENTA EMOCIONALMENTE Y QUIEN NO QUIERE SALIRSE DEL DOMICILIO Y ADEMAS LE INGRESA MUJERES AL DOMICILIO, LA HA AISLADO DE TODA SU FAMILIA, SE BURLA DE ELLA, EL AGRESOR NO ENTIENDE QUE LA PROPIEDAD ES DE LA USUARIA, LE DICE CABRONA, LA USUARIA REFIERE QUE LA HA AISLADO DE TODOS, POR LO QUE LA USUARIA SOLICITA INICIAR JUICIO ESPECIAL DE VIOLENCIA FAMILIAR PARA SOLICITAR LA EXCLUSION, Y TOMAR TERAPIA.",0,0,0.666666666666667,1,0,0,0
12549,"USUARIA MENCIONA QUE TIENE CUATRO AÑOS CASADA, HA VIVIDO VIOLENCIA PSICOLOGICA Y FISICA DESDE INCIO DE SU MATRIMONIO, ESTA SEPARADA DESDE HACE OCHO MESES, SU ESPOSO CONTINUA EJERCIENDO VIOLENCIA VERBAL, INSULTOS Y AHORA TAMBIEN ES ECONOMICA, TIENEN UN HIJO EN COMU N Y NO APORA ECONOMICAMENTE, REFIERE QUE EL ULTIMO HECHOS DE VIOLENCIA PRIMERO EN EL DOM DE LA HERMANA DE USUARIA, SU ESPOSO FUE A ROMPER VIDRIOS DE UN VEHICULO, DESPUES FUE A CASA DE USUARIA Y TAMBIEN REALIZO DAÑOS A UNA CAMIONETA DE SU PAPA, QUIEN TAMBIEN FUE AGREDIDO A GOLPES POR EL AGRESOR, ANTES DE LOS HECHOS, EL ESTUVO AMENAZANDO A USUARIA POR MENSAJES, SU ESPOSO ESTA DETENIDO, ACUDE A DENUNCIAR, INCIARA TRAMITE DE DIVORCIO CON ABOGADO PARTICULAR. SE LE OFRECE EL SERVICIO DE REFUGIO SIN EMBARGO NO LO ACEPTA POR CONTAR CON RED DE APOYO SOLIDA.",0.666666666666667,0.666666666666667,0.333333333333333,1,0,0.333333333333333,0
12554,"SIENDO APROXIMADAMENTE A LAS 10AM LA USUARIA LLEGO AL DOMICILIO CUANDO EN EL LUGAR ENCONTRO A SU AUN ESPOSO EN COMPAÑIA DE OTRA MUJER Y UNOS NIÑOS PEQUEÑOS, MOMENTO EN EL CUAL COMIENZA UNA DISCUSION DONDE EL AGRESOR COMENZO A EMPUJAR Y JALAR A LA USUARIA GRITANDOLE ""TU AQUI NO ERES NADIE"" ""VETE DE AQUI"" ESTIRANDOLE DE LOS CABELLOS, SITUACION QUE SE PROLONGO HASTA QUE EL HIJO MEDIANO DE ELLOS LOS SEPARO, MOMENTO EN EL CUAL EL AGRESOR LE COMENTO SI NO TE SALES, TE VOY A SACAR, AUQUE SEA A RATRAS O MUERTA SITUACION POR LO CUAL LA USUARIA ACUDE. SE LE OFRECE EL SERVICIO DE REFUGIO, SIN EMABRGO NO LO ACEPTA YA QUE CUENTA CON RED DE APOYO SOLIDA.",0,1,0,1,0,0,0
12556,"USUARIA REFIERE QUE SU PAREJA LA AGREDE FISICAMENTE, MINIMIZA LOS GOLPES, CUANDO ELLA HACE DE SU CONOCIMIENTO QUE LE FRACTURO LA NARIZ; AREAS APARENTES LESIONADAS: ESPALDA Y NARIZA.
YA QUE LE CONTESTA: ""NO FUE PARA TANTO Y FUE TU CULPA""
USUARIA PIDE REESTRCCION Y GUARDA Y CUSTODIA DE LOS NIÑOS.",0,1,0,0.666666666666667,0,0,0
12566,"LA USUARIA INDICA QUE EL DIA VIERNES APROXIMADAMENTE A LAS 1:29 PM EL AGRESOR COMENZO A PELAR POR UN CELULAR Y GOLPEANDOLA EN UN BRAZO IZQUIERDO , PERO ESE DIA EL AGRESOR TENIA A SU HIJA QUE AMBOS PROCREARONA NO QUIZO DEVOLVERSELA, LA USUARIA TEME POR LA INTEGRIDAD DE SU HIJA YA QUE EL AGRESOR CONSUME DROGAS MARIHUANA Y CRISTAL. DESEA PRESENTAR DEMANDA GUARDA Y CUSTODIA. TERAPIA GRUPAL DENUNCIA DE LOS HECHOS DEL VIERNES",0,1,0,0,0,1,0
12569,"LA USUARIA MANIFIESTA QUE A PROXIMADAMENTE A LA 01:00 AM EL AGRESOR BAJO LOS EFECTOS DEL ALCOHOL COMENZO A AGREDIRLA FISICAMENTE GOLPEANDOLA AL PISO DEJANDOLE UN HEMATOMA EN LA FRENTE E INSULTANDOLA, Y LOS BRAZOS DEJANDOLE HEMATOMAS DESEA PRESENTAR DENUNCIA DE LOS HECHOS VIOLENCIA. PASAR A JURIDICO",0,1,0,0,0,0,0
12571,"LA USUARIA ACUDE A SOLICITAR ASESORÍA JURÍDICA, MENCIONA QUE SU ESPOSO LE PIDIÓ CONVIVIR CON SUS HIJOS, Y DESDE ENTONCES QUE YA NO SE LOS QUISO REGRESAR, NO DENUNCIÓ, DEBIDO A QUE SE ENCUENTRA EMBARAZADA Y SU EMBARAZO ES DE ALTO RIESGO, Y NO QUERIA EXPONERSE, CABE MENCIONAR QUE SU EMBARAZÓ ES DE SU NUEVA PAREJA.
SOLICITAR DEMANDA DE DIVORCIO, GUARDA Y CUSTODIA, Y ALIMENTOS.",0,0,0,0,0,1,0
12583,"LA USUARIA DICE QUE A LAS 11:00 PM EL AGRESOR BAJO LOS EFECTOS DEL ALCOHOL COMENZO A INSULTARLA DICIENDOLE ""ESTUPIDA CULERA CHINGAS A TU MADRE"" Y GOLPEANDOLA CON PUÑO CERRADO EN LA CABEZA PARTE DE LAS OREJAS Y EN LA NARIZ SACANDOLE LA SANGRE, DOBLANDOLE EL BRAZO Y LASTIMANDOSELO TAMBIEN AHORCANDOLA Y ESTIRANDOLE EL CABELLO. QUEBRANDOLE ALGUNAS PERTENECIAS DE ELLA, MESA DE CENTRO Y EL VIDRIO DE LA PUERTA. LA USUARIA FUE A LA CRUZ ROJA PARA SER ATENDIDA DE LAS AGRESIONES. LA USUARIA DESEA PRESENTAR DENUNCIA. TOMAR TERAPIA GRUPAL. PASAR A SEDU",0,1,0.666666666666667,0.666666666666667,0,0,0
12588,"REFIERE USUARIA QUE EL DIA DE AYER A LAS 20:00 HRS DE LA NOCHE , SE ENCONTRABA EN SU DOMICILIO CONYUGAL, CUANDO SU CONCUBINO COMENZO A INSULTARLA , LE DIJO QUE CHINGARA A SU MADRE Y QUE ERA MUY PUTA , Y SE ECHO A LOS GOLPES, LA GOLPEO EN EL BRAZO LE TIRO UNAS PATADAS, LA AMENAZO DE MUERTE SU HIJO LE LLAMO A LA POLICIA, LO DETUVIERON Y SE LO LLEVARON, ELLA DESEA PRESENTAR DENUNCIA ANTE MINISTERIO PUBLICO.",0,1,0,1,0,0,0
12593,"LA USUARIA REFIERE RELACION DE UNION LIBRE DE 04 AÑS APROXIMADAMENTE, Y REFIERE QUE HACE UNA SEMANA DIERON POR TERMINADA SU RELACION, YA QUE APROXIMADAMETE A LAS 21:00 HORAS, AL ESTAR EN EL DOMICILIO COMUN, LA GOLPEO CON LA MANO CERRADA EN LA CABEZA, POR LO QUE DESEA DENUNCIAR, YA QUE LE QUEBRO LOS VIDRIOS DE TODA LA CASA Y LAS PANTALLAS, Y ESTO LO HIZO EL DIA DE AYER APROXIMADAMENTE A LAS 06:00 HORAS, POR LO QUE DESEA DENUNCIAR.",0,1,1,0,0,0,0
12599,"USUARIA ACUDE A DENUNCIAR A SU EX PAREJA, YA QUE SUFRE DE VIOLENCIA FISICA, QUE SI NO HACE LO QUYE EL QUIERE EMPIEZA A GOLPEAR EN TODAS PARTES DE SU CUERPO, USUARIA PRESENTA HEMATOMAS EN SUS PIERNAS, REFIERE QUE EL DICE QUE LE VALE VERGA SI LA MATABAN,MENCIONA QUE TIENE MIEDO YA QUE EL CONSUME DROGAS, A ALTAR HORA DE LA NOCHE EL LE LLAMA PARA QUE LE LLEVE A LA BEBE A SU CASA Y LE DICE QUE PARA QUE SIEMPRE TIENE QUE IR ACOMPAÑADA, REIERE QUE LE DAÑO EL CELULAR.",0,1,0.666666666666667,0.666666666666667,0,0,0
12620,"LA USUARIA REFIERE QUE APROXIMADAMENTE A LAS 9:00 AM EL AGRESOR SE DESPERTO Y COMENZO A INSULTAR A LA USUARIA "" CULERA, PUTA, "" Y GOLPEANDOLA EN LA CARA CON PUÑETAZO GOLPEANDOLA EN EL BRAZO Y SE SALIO EL AGRESOR DE LA CASA LOS VECINOS LLAMARON SIN DETENCION Y SIN FOLIO. DENUNCIA DE LOS HECHOS DE VIOLENCIA Y DEMANDA DE PENSION DE ALIMENTOS /GUARDA Y CUSTODIA.",0,1,0,0.666666666666667,0,0,0
12625,"USUARIA REFIERE QUE TIENE UN MES QUE ELLA SE SALIO DEL DOMICILIO DEBIDO A LOS CONSTANTES INSULTOS, COMENTA QUE SU ESPOSO LE DIJO QUE YA AFILO LOS CUCHILLOS QUE SI A SU EX PAREJA LA DEJO LIBRE A ELLA NO LO HARÀ AMENAZANDOLA DE MUERTE, CO,MENTA QUE ELLA NO TENIA A DONDE IR, POR LO QUE DECIDIO IRSE A RENTAR CON UN COMPAÑERO ESTO PORQUE EL NO QUIERE QUE EL MENOR SE VAYA CON ELLA. ELLA MENCIONA TENER MIEDO QUE EL LE HAGA ALGO E INCLUSO LE DIJO QUE YA LE COMPRO MALETAS PARA LLEVARSE AL MENOR DE LA CIUDAD. TAMBIEN COMENTA QUE EN DICIEMBRE LA OBLIGO A TENER RELACIONES SEXUALES",0,0,0,1,1,0.333333333333333,0
12629,"REFIERE USUARIA QUE EL DIA MIERCOLES A LAS 12.00 HRS DE LA MADRUGADA , SE ENCONTRABA EN SU TRABAJO, CUANDO SU CONCUBINO LLEGO A SU TRABAJO A INSULTARLA LE DIJO QUE ERA UNA PUTA , HIJA DE SU PUTA MADRE ,Q UE VALIA VERGA , EL LA JALO Y LA ESTIRO HACIA LA CARRETERA , ELLA SE QUERIA SAFAR , LA LLEVO ARRASTRANDO , ELLA PIDIO AYUDA CON UNA AMIGA QUE LE LLAMARA LA POLICIA,, EN LA ESQUINA HABIAN DOS MUCHACHOS , Y ELLOS TAMBIEN LA AUXILIARON , ELLOS MARCARON AL APOLICIA Y SE LO LLEVARON DETENIDO, ELLA DESEA PRESENTAR DENUNCIA ANTE MINISTERIO PUBLICO.",0,1,0,0.666666666666667,0,0,0
12636,"LA USUARIA DE 26 AÑOS,REFIERE RELACION DE UNION LIBRE DE 8 AÑOS CON EL C. DE 37 AÑOS Y DESDE AGOSTO DEL AÑO PASADO SE SEPARARON, Y REFIERE QUE ES LA 6TA VEZ QUE LA USUARIA ACUDE A DENUNCIAR, Y MENCIONA QUE AUN CUANDO E OTORGAN LA MEDIDA DE PROTECCION EL AGRESOR SIGUE MOLESTANDOLA, ACUDIENCO A SU CASA A REALIZAR ACTOS DE MOLESTIA, INCLUSO MENCIONA QUE LA FAMILIA DEL AGRESOR YA EMPEZO A AMENAZARLA TAMBIEN, EL LE DICE QUE DONDE LA VEA LA VA A GOLPEAR Y DESAPARECER Y LA FAMILIA DE EL, LE DICE QUE SI ELLA REALIZA ALGO EN CONTRA DE EL, LA VAN A UNDIR JUNTO CON EL Y LE VAN A DESAARECER A LOS NIÑOS, POR LO QUE DESEA DENUNCIAR. Y LA ULTIMA AGRESION FUE A LAS 18:00 HRS",0,0,0.333333333333333,1,0,0.666666666666667,0
12644,"LA USUARIA REFIERE RELACION DE UNION LIBRE CON EL AGRESOR 4 AÑOS Y SE SEPARAN Y CUANDO TENIA LA ULTIMA NIÑA TENIA 4 MESES RETOMARON LA RELACION, Y ES EL CASO QUE APROX. A LAS 10:00 HORAS, EMPEZARON A DISCUTIR, POR QUE ELLA LE PIDIO PERMISO PARA VISITAR A SU MAMA Y EN ESO LLEGO LA MAMA Y EL AGRESOR LA EMPEZO A AMENAZAR E INSULTAR DICIENDOLE PUTA, Y UN DIA ANTES POR LA TARDE EL AGRESOR AGARRO EL CASCO DE SU MOTO Y SE LO AVENTO A LA USUARIA PERO NO LE DIO, SIN EMBARGO SI LE PEGO A UNA DE SUS MENORES, POR LO QUE DESEA DENUNCIAR.",0,1,0,1,0,0.333333333333333,0
12656,"LA USUARIA REFIERE RELACION DE UNION LIBRE DE 7 AÑOS Y REFIERE QUE SU PAREJA ES ALCOHOLICO Y CUANDO BEBE ES AGRESIVO, Y MENCIONA QUE EL DIA DE AYER Y HOY LA AGREDIO , LLEGO EN LA MADRUGADA EBRIO Y LA EMPEZO A MOLESTAR A ELLA Y A SU HIJO, YA SE ENCONTRABAN ACOSTADOS Y DORMIDOS Y LES PEGABA CON LA MANO Y HOY APROXIMADAMENTE A LAS 09:30 HORAS CUANDO LA USUARIA YA SE IBA A TRABAJAR, LE EMPEZO A DECIR QUE YA SE IBA DE PUTA, REFIERE QUE LE HA QUEBRADO ESTEREOS, CELULARES, AIRES, POR LO QUE DESEA DENUNCIAR E INICIAR JUICIO ESPECIAL DE VIOLENCIA FAMILIAR.",0,1,0.666666666666667,1,0,0,0
12657,"LA USUARIA REFIERE QUE HACE APROXIMADAMENTE 2 O 3 MESES SALIO LA SENTENCIA DE DIVORCIO, PERO EL AGRESOR LA SIGUE ACOSANDO, VIA LLAMADAS, MENSAJES Y LE ENVIA GENTE A VIGILARLA AFUERA DE LA CASA, MANDA CONVERSACIONES A LA FAMILIA DE LA USUARIA, COMO SI FUERA LA USUARIA LA QUE SOSTIENE CONVERSACIONES CON DIVERSOS HOMBRES, POR LO QUE DESEA DENUNCIAR EL ACOSO, Y TOMAR TERAPIA PSICOLOGICA. PARA ELLA Y SUS MENORES. ESTO OCURRIO HACE APROXIMADAMENTE 15 DIAS, POR LA TARDE, SIN RECORDAR LA HORA EXACTA.",0,0,0,1,0,0.333333333333333,0
12659,"LA USUARIA REFIERE MATRIMONIO DE 17 AÑOS Y MENCIONA QUE HACE 3 AÑOS SE ENCUENTRAN SEPARADOS, SIN EMBARGO EL AGRESOR SEGUIA YENDO A LA CASA Y AHI AVECES ALMORZABA COMIA Y CENABA, ADEMAS DE QUE AYUDABA A CUIDAR A LAS MENORES POR LAS TARDES, YA QUE LA USUARIA TRABAJA POR LAS TARDES, PERO EL DIA DE AYER APROXIMADAMENTE A LAS 21:00 HORAS, AL ESTAR EN CASA DEL AGRESOR DISCUTIENDO, ELLA SE VA A SU CASA Y EL LA SIGUE Y LA AGREDIO FISICAMENTE, PEGANDOLE EN LA CARA, Y LE DIO UNA PATADA EN LA ESPALDA, ADEMAS DE QUE LA CORRIO DEL DOMICILIO, POR LO QUE DESEA DENUNCIAR ADEMAS DE INICIAR TRAMITE DE DIVORCIO Y TOMAR TERAPIA PSICOLOGICA.",0,1,0.333333333333333,0.333333333333333,0,0,0
12663,"MENCIONA QUE TIENE 9 AÑOS DE VIVIR EN UNION LIBRE Y QUE EL DIA DE AYER COMO A LAS 2:00 DE LA TARDE ANDABAN EN UN SEPELIO Y SU PAREJA SE PUSO AGRESIVO CON ELLA POR QUE LE DIJO QUE NUNCA SE QUIERE PONER A TOMAR CON ÉL, QUE LA AGREDE FISICAMENTE, LA GOLPEA EN LA CARA CON EL PUÑO CERRADO DEL LADO IZQUIERDO DE LA CARA, EN LOS BRAZOS, LA OFENDE LE DECIA MUCHAS COSAS Y ELLA AL DEFENDERSE LO RASGUÑO PERO QUE ÉL AGARRO UN EXACTO Y EMPEZO A HACERSE CORTES EN EL CUELLO YA QUE SIEMPRE LA A AMENAZADO CON QUE SE VA A MATAR SI LO DEJA, QUE DE REGRESO LOS FAMILIARES DE ÉL SE DAN CUENTA DE COMO SE PUSO DE AGRESIVO QUE QUERIA SEGUIR GOLPEANDOLA Y LE DICEN QUE SE VAYA ELLA CON LOS NIÑOS Y ELLOS VAN A TRATAR DE TRANQUILIZARLO PORQUE ESTABA MUY VIOLENTO Y ELLA SE FUE A CASA DE UNA TIA Y LE HABLO A SU MAMÁ DICIENDOLE QUE SE FUE A UN HOTEL. QUE TIENE MIEDO PORQUE ÉL SIEMPRE LE HA DICHO QUE TIENE UNA PISTOLA PERO NINCA LA HA VISTO. SE LE OFRECE EL SERVICIO DE REFUGIO SIN EMBARGO NO LO ACEPTA.",0,1,0.333333333333333,0.333333333333333,0,0,0
12675,"USUARIA REFIERE QUE SU EX PAREJA EL DÍA DE AYER EN ESTADO DE EBRIEDAD, COMENZÓ A GRITAR QUE IBA A QUEMAR LA CASA, COMENZÓ A TIRAR COSAS AL DOMICILIO, LE QUITO AL MENOR Y LO ENCERRÓ EN EL CUARTO DE LA CASA DE EL (VIVE A LADO DE LA USUARIA), MENCIONA QUE LA MADRE DE SU EX PAREJA QUIEN VIVE CON LA USUARIA LE QUITO AL MENOR PERO ESTE INTENTO GOLPEARLA. TIENEN UN AÑO SEPARADOS, ELLA MENCIONA QUE LE HA DICHO QUE SE VA RETIRAR DEL DOMICILIO DE SU EX SUEGRA, EL AMENAZA CON HACERLE DAÑO A SUS PADRES E HIJA. SE LE OFRECE REFUGIO, PERO LA USUARIA NO ACEPTA",0,0.333333333333333,1,1,0,1,0
12682,HIJA DE USUARIA MENCIONA QUE SU MADRE LE HABLO EL SABADO POR LA NOCHE LLORANDO QUE SU PAREJA LA HABIA GOLPEADO Y QUE VINIERA POR ELLA Y CUANDO LLEGO LA HIJA AL DOMICILIO APROXIMADAMENTE COMO 10: 30 PM LA USUARIA YA NO LA RECONOCIO,0,1,0,0,0,0,0
12695,"LA US, REFIERE QUE SU ESPOSO SIMPRE LA HA AGREDIDO, INSULTADO, GOLPEADO, ESTRUJADO. GOLPEABA A SUS HIJOS O LES GRITABA. SI LA US. SALE AM LA CALLE LE DICE QU EE SUNA PUTA. HAY CHANTAJES Y NUNCA LA HA DEJADO TRABAJAR.
GOLPEO AYER A SU HIJA Y AL NOVIO DE SU HIJA (DENUNIC EN FISCALIA)
JURIDICO",0,1,0,1,0,0.333333333333333,0
12698,"LA USUARIA REFIERE QUE APROXIMADAMENTE 07:00 PM LA USUARIA LE COMENTO QUE QUERIA EL DIVORCIO Y EL AGRESOR TOMANDOLA DEL CUELLO FUERTEMENTE E INSULTANDOLA"" ESTUPIDA, PENDEJA , CULERA , MIERDA, TE VOY A MATAR"" LA USUARIA TEME POR SU INTEGRIDAD DESEA PRESENTAR DENUNCIA Y DEMANDA DE GUARDA Y CUSTODIA /PENSION DE ALIMENTOS /DIVORCIO . TERAPIA GRUPAL. LA USUARIA LLAMO AL DSPM SIN DETENCION.",0,0.666666666666667,0,0.666666666666667,0,0,0
12722,"MADRE DE MENOR ACUDE AL CENTRO Y REFIERE QUE EL DÍA SÁBADO EL PASTOR INVITO A COMER A SU HIJA ELLA NO ACEPTO, EL LUNES LE MARCO Y LE PIDIÓ NUEVAMENTE QUE FUERAN A COMER DICIÉNDOLE QUE TAMBIÉN IRÍA LA PASTORA, PERO EL LLEGO A RECOGER SOLO DICIENDO QUE LA PASTORA NO PUDO IR, COMIERON Y EL SE DESVIÓ DEL CAMINO A OTRA IGLESIA, LE DIJO QUE SOLO IRÍA POR UNA PLANTA DE LUZ, ENTRARON Y EL CERRO LA PUERTA, LA MADRE MENCIONA QUE SU HIJA LE CONTÓ QUE EL PASTOR LE CONFESO QUE LA DESEABA COMO MUJER, Y COMENZÓ ABRAZARLA, E INTENTO BESARLA E INTENTO BAJAR SU PANTALÓN, ELLA FORCEJEO CON EL Y LOGRO QUITÁRSELO DE ENCIMA, EL LE PIDIÓ DISCULPA Y LE DIJO QUE LO HIZO PORQUE DIOS SE LO HABÍA INDICADO.",0,0,0,0,1,0,0
12725,"REFIERE USUARIA QUE A LAS 22.00 HRS DE LA NOCHE SE ENCONTRABAN EN SU NEGOCIO, CUANDO COMENZARON A DISCUTIR LA EMPEZO A INSULTAR LE DIJO QUE EL NO TENIA LA CULPA QUE SE SINTIERA POCA COSA, QUE TUVIERA SU AUTOESTIMA BAJA, ELLA SE LE FUE ENCIMA Y LE DIO UNA CACHETADA EL LE DIO UN PUÑETAZO EN LA CARA, ESTABAN UNOS POLICIAS ENFRENTE DE LA CASA, ELLOS SE BAJARON Y LES PEDIAN QUE SALIERAN, ELLA AGARRO A SU HIJA QUIEN PRESENCIO TODO, Y SE FUE PARA SU CASA, LOS POLICIAS NO LO DETUVIERON, ELLA NO DESEA PRESENTAR DENUNCIA ANTE MINISTERIO PUBLICO, DESEA TOMAR TERAPIA PSICOLOGICA.",0,1,0,0.666666666666667,0,0,0
12737,"LA USUARIA MANIFIESTA QUE SE ENCONTRABA ELLA EN CASA DE SU MAMÁ (ACTUAL DOMICILIO DE ELLA)PORQUE HABÍA DECIDIO SEPARARSE DE ÉL. A LAS 18 HORAS, LLEGÓ AHÍ SU ESPOSO GRITÁNDOLE ""REGRESATE A LA CASA, MUEVETE"" Y LA JALÓ DEL BRAZO Y LE LEVANTÓ LA MANO, PERO SU SOBRINO INTERVINO Y LO SACÓ DE LA CASA. DESDE ENTONCES LA ESTÁ SIGUIENDO A SU TRABAJO, Y LA ESTÁ YEDO A BUSCAR DIARIAMENTE. DESEA UNA MEDIDA DE PRTECCIÓPN Y ASESORÍA LEGAL PARA DIVORCIARSE.",0,1,0,1,0,0,0
12744,"1 AÑO Y MEDIO DE CASADA, SIEMPRE HA VIVIDO VIOLENCA FISICA, PSICOLOGICA Y LIMITACION ECONOMICA , DEBIDO ALOS CELOS Y MACHISMO DE SU ESPOSO
ULTIMO HECHO A PARTIR DE LAS 8:00 A.M Y 13:00 P.M. DEBIDO A LOS CELOS LA AGREDIO VERBAL Y FISICA, EL SUJETO SE ENCUENTRA DETENIDO
YA DENUNCIO LO CORRESPONDIENTE Y PASO A PSICOLOGIA, Y SE LE BRINDA ASESORIA JURIDICA Y REQUISITOS DE DIVORCIO, NO HAY HIJOS .",0.666666666666667,0.666666666666667,0,0.666666666666667,0,0,0
12747,"LA USUARIA MANIFIESTA QUE SU HIJO MENOR DE EDAD 17 AÑOS EN EL MES DE NOVIEMBRE LE DIO DOS PATAS Y CONTINUAMENTE LA INSULTA POR MENSAJES DE VOZ DICIENDOLE "" VAS A VALER VERGA, CUIDATE AMENZA CON MATARLA, ESTA PERRA PUTA, CULERA"" LA USUARIA TEME POR SU INTEGRIDAD, SE CANALIZA A FISCALIA PARA PRESENTAR DENUNCIA DE LOS HECHOS DE VIOLENCIA.",0,1,0,1,0,0,0
12749,"USUARIA REFIEERE QUE EL MIERCOLES COMENZO A INSULTARLA DICIENDOLE QUE ELLA ERA UNA PUTA, FORCEJEARON , LA JALO DEL CABELLO Y LA ARRASTRO POR LA CASA, LE DIO PATADAS EN EL CUERPO, MENCIONA QUE EL CONSTANTEMENTE LA INSULTABA, Y LA AISLABA YA QUE LE IMPEDIA QUE TUVIERA CONTACTO CON SU FFAMILIA, Y LA HA AMENAZADO MUERTE CASA QUE DISCUTEN",0,1,0,0.666666666666667,0,0,0
12750,"LA USUARIA MANIFIESTA QUE EL DÍA DE HOY A LAS 11.00 AM, LE MARCÓ SU EX ESPOSO Y LE DIJO ""VOY A HACER HASTA LO IMPOSIBLE, CUESTE LO QUE ME CUSTE, PARA QUEDARME CON LOS NIÑOS, VOY A LLEGAR HASTA LAS ULTIMAS CONSECUENCIAS, NO VAS A DISFRUTAR DE MI DINERO"". MENCIONA QUE DESDE HACE UN AÑO ESTÁ DIVORCIADA, PERO ÉL NO LE HA QUERIDO DECIR EN DONDE TRABAJA, Y LE DEPOSITA LO QUE ÉL QUIERE PARA ASÍ SEGUIR CONTROLANDOLA ECONÓMICAMENTE. DICE QUERER UNA MEDIDA DE PROTECCIÓN PORQUE LE TIENE MUCHO MIEDO, TAMBIÉN PORQUE HA NOTADO QUE SU EX ESPOSO Y SU FAMILIA, LA HAN ESTAN ESTADO VIGILANDO. TAMBIÉN DESEA ASESORÍA LEGAL.",0.666666666666667,0,0,0.666666666666667,0,0.666666666666667,0
12760,"REFIERE USUARIA QUE A LAS 10:30 HRS DE LA NOCHE SE ENCONTRABA EN SU DOMICILIO CON SU FAMILIA, CUANDO LLEGO SU EX PAREJA MUY TOMADO, EL LE PIDIO QUE ELLA SALIERA, TRAIA LOS PAÑALES Y LA LECHE, EL LE COMENZO A DECIRLE DIME QUE SOMOS, PATEO LA PUERTA DE SU CASA Y LA DEJO ABOLLADA, A LAS 12:00 HRS REGRESO Y GRITABA FUERA DE LA CASA LE PEDIA QUE SALIERA, ELLA MARCO A LA POLICIA Y SI LLEGARON PERO EL YA SE HABIA IDO, Y NO PUDIERON DETENERLO, NO LE DIERON FOLIO , ELLA DESEA PRESENTAR DENUNCIA ANTE MINISTERIO PUBLICO., DESEA ASESORIA JURIDICA PARA TRAMITE DE GUARDA Y CUSTODIA.",0,0,1,0.333333333333333,0,0,0
12762,"USUARIA REFIERE QUE TIENE 10 MESES DE RELACION Y EL SIEMPRE HA SIDO VIOLENTO, NO LE PERMITIA SALIR DEL DOMICILIO, EL NO TRABAJABA, COMENTA QUE CONSUME ALCOHOL CADA SEMANA, EL VIERNES SALIO A TOMAR Y CUANDO LLEGO EL INTENTO TENER RELACIONES ELLA SE NEGO, LA TAPO DE LA BOCA E INTENTO FORZARLA, LA INTENTO AHORCAR DEJANDO MARCAS EN EL CUELLO, LE DIO PUÑETAZOS EN LA BOCA, Y CABEZA, DESPUES UN AMIGO DE SU EX PAREJA SE LO LLEVO DEL DOMICILIO, HOY POR LA MAÑANA EL REGRESO AL DOMICILIO, VOLVIO A DARLE PUÑETAZOS EN LA CABEZA, LA AMENAZO DE MUERTE, ELLA APROVECHO PARA PEDIRTE AYUDA A SU CASERO Y EL LLAMO A LA POLICIA, SE LE OFRECE REFUGIO PORQUE NO TIENE RED DE APOYO LA USUARIA NO ACEPTA.",0,1,0,0.666666666666667,1,0,0
12763,"USUARIA REFIERE QUE SU PAREJA SALIO A TOMAR DESDE EL SÁBADO EN LA NOCHE Y LLEGO A LA 1:30 DE LA TARDE MENCIONA QUE SU PAREJA LLEGO MUY BORRACHO Y COMENZÓ A GOLPEAR LA PUERTA CON UNA HACHA HASTA QUE ROMPIÓ LA PUERTA, Y COMENTA QUE AVENTÓ A LA USUARIA QUIEN EN ESE MOMENTO TRAÍA CARGANDO A UNA MENOR DE 4 MESES, Y AMBAS SE GOLPEARON CON LA PUERTA, MENCIONA QUE EL CONTINUO AGREDIÉNDOLA LE DIO PUÑETAZOS EN EL CUERPO, LA TOMO DEL CUELLO Y LA AVENTÓ CONTRA LA PARED, MENCIONA QUE LE SUPLICO QUE YA LA DEJARA PORQUE LA BEBE LLORABA POR LOS GOLPES, ELLA LOGRO SALIR DEL DOMICILIO Y ACUDIO AL HOSPITAL, MENCIONA QUE LE PUSIERON YESOS EEN EL BRAZO DERECHO PORQUE EL SE LO LASTIMO",0,1,0.666666666666667,0.333333333333333,0,0.333333333333333,0
12770,"REFIERE USUARIA QUE EL DIA DE AYER A LAS 12.00 HRS . ELLA SE ENCONTRABA EN SU DOMICILIO TENIAN UNA REUNION Y COMENZARON A TOMAR, SU CONCUBINO TOMO DE MAS Y SE EXCEDIO COMENZO A INSULTARLA LE DIJO QUE SIN EL ELLA NO ES NADA, QUE SE LARGARA QUE NO TIENE EN QUE CAERSE MUERTA , ELLA LE DIJO QUE SE CALMARA , LE DIO UN PUÑETAZO EN LA CARA, ELLA LE DIO UNA CACHETADA , LA ARRASTRO . LLAMARON A LA POLICIA PERO NO LO DETUVIERON PORQUE SE FUE, ELLA DESEA PRESENTAR DENUNCIA Y ASESORIA JURIDICA PARA PENSION ALIMENTICIA.",0,1,0,0.333333333333333,0,0,0
12772,"LA USUARIA REFIERE QUE VIENE A DENUNCIAR A SU EX ESPOSO POR AGRESION FISICA, YA QUE APROX. A LAS 20:15 O 20:30 HORAS, AL ESTAR LA USUARIA EN SU DOMICILIO, LLLEGO EL AGRESOR A DEJAR A LA MENOR, Y EMPEZARON A DISCUTIR POR LA HORA EN QUE ENTREGO A LA MENOR, LA AVENTO, Y LA EMPEZO A JALONEAR DEL BRAZO Y LE HIZO UNOS RASGUÑOS, Y LE TORCIO LA MANO, PERO LE LASTIMO SU DEDO ANULAR DE SU MANO DERECHA Y LE DIO UNA PATADA EN LA ESPINILLA DE LA PIERNA DERECHA, POR LO QUE LA USUARIA DESEA DENUNCIAR LA AGRESION Y TOMAR TERAPIA.",0,1,0,0.333333333333333,0,0,0
12778,LA USUARIA MANIFIESTA QUE CUANDO TENIA 16 AÑOS DE EDAD SUFRIO VIOLACION POR VIA ANAL TENIENDO SANGRADO POR PARTE DE SU EXPAREJA LA USUARIA ESTABA UBICADA EN EL DOMICILIO (NO LO RECUERDA) DESEA PRESENTAR UN ADENUNCIA EN CONTRA DE EL YA QUE DICE QUE A RAIZ DE ESO TIENE DEPRESION Y ANSIEDAD. TERAPIA PSICOLOGICA INDIVIDUAL . LA USUARIA DICE QUE EL AGRESOR LA LLEVO CON ENGAÑOS AL DOMICILIO DE EL. SE CANALIZA,0,0,0,0.333333333333333,1,0,0
12783,"USUARIA MENCIONA QUE TIENE SIETE AÑOS VIVIENDO EN UNION LIBRE, HA VIVIDO VIOLECIA PSICOLOGICA POR PARTE DE SU PAREJA POR CELOS Y CONTROL HACIA ELLA, REFIERE QUE DESDE HACE UN MES EL SE ESTA DROGANDO, YA NO ESTA APORTANDO ECONOMICAMENTE CON LOS GASTOS, TIENEN CUATRO HIJOS EN COMUN, USUARIA REFIERE QUE EL DIA DE HOY SU PAREJA LA AGREDIO DE MANERA VERBAL Y LA AMEDRENTO CON UN CUCHILLO, INTENTO PEGARLE A UNO DE SUS HIJOS DE CUATRO AÑOS, REFIERE QUE UNA HERMANA PRESENCIO LOS HECHOS Y AMENAZO CON LLAMAR A LA POLICIA, SU PAREJA SE FUE DE LA CASA, HOY USUARIA ACUDE A PRESENTAR DENUNCIA, NO DESEA INCIAR POSIBLE JUICIO ESPECIALIZADO, SE ENTREGARON REQ PARA TRAMITE ORDINARIO.",1,0.333333333333333,0,1,0,0.666666666666667,0
12784,"LA USARIA REFIERE QUE NO RECUERDA LA FECHA EXACTA, BAJO LOS EFECTOS DE ALGUNA DROGA, COMENZO A MORDERLA EN LA PARTE DEL ABDOMEN Y RASGUÑARLA, "" PENDEJA, ESTUPIDA, ACOMPLEJADA, CHINGAS A TU MADRE"" QUITANDOLE LA ROPA Y PENETRANDO VAGINALMENTE A LA USUARIA SIN SU CONSENTIMIENTO. LA USUARIA BAJO LES EFECTOS DEL ALCOHOL. DESEA PRESENTAR DENUNCIA DE LOS HECHOS. TOMAR TERAPIA PSICOLOGICA",0,0.666666666666667,0,0.666666666666667,0.666666666666667,0,0
12798,"REFIERE USUARIA QUE EL DIA DOMINGO A LAS 10:00 AM, ELLA SE ENCONTRABA EN SU DOMICILIO CUANDO ELLA QUISO SALIR CON SU MAMA PARA DESAYUNAR Y SU CONCUBINO NO LA DEJABA SALIR DE LA CASA , LE DIJO QUE A DONDE IBA QUE ELLA NO IBA A SALIR PORQUE YA ANDABA DE PUTA, SU MAMA TUVO QUE IR POR ELLA PORQUE NO LA DEJABA SALIR, EN LA TARDE QUE REGRESO, EN LA NOCHE NO LA DEJABA DORMIR PORQUE LA ESTABA INSULTANDO LE DECIA QUE ERA UNA PUTA QUE SE ACOSTABA CON CUALQUIERA QUE VA A LA TIENDA PORQUE SE ACUESTA CON EL DE LA TIENDA, EL DIA DE AYER POR LA MAÑANA IBA A LLEVAR A SUS HIJOS A LA SCUELA Y LE COMENZO A GRITA ELLA SE FUE Y CUANDO REGRESO EL ESTABA GRESIVO Y LE QUISO AVENTAR UN PEDAZO DE BLOCK, ELLA SE ESCONDIO EN EL CUARTO DE LAVADO",0,0.666666666666667,0,1,0,0.333333333333333,0
12817,"USUARI MENCIONA QUE EN ESTOS ÚLTIMOS DÍAS SU PAREJA CONSTANTEMENTE LE GRITA Y OFENDE, AYER MENCIONA DISCUTIERON Y NO PERMITÍA SALIR DEL DOMICILIO CERRO LA PUERTA DEL DOMICILIO CON LLAVE, LA AMENAZO CON GOLPEARLA COMO ANTES, DESPUES LA LLEVO CON SU MADRE, DESPUES TODO SE ARREGLO, MOMENTOS MAS TARDE SU PAREJA AGREDIO A SU HERMANO Y MENCIONA QUE ELLA LE DIJO QUE MEJOR YA TERMINABA TODO QUE YA NO LA BUSCARA Y ELLA MENCIONA QUE EL LE DIJO TE VOY A DAR DONDE MAS TE DUELE, TAMBIEN MENCIONA QUE HACE 2 SEMANAS LA LEVANTO DE LA CAMA A EMPUJONES, MENCIONA QUE CADA QUE LA INSULTA O LA GOLPEA LA CULPA A ELLA.",0,1,0.333333333333333,0.666666666666667,0,0.666666666666667,0
12822,"LA USUARIA REFIERE QUE ACUDE A SOLICITAR TERAPIA PSICOLOGICA, DEBIDO A QUE SE SIENTE EMOCIONALMENTE MUY MAL, YA QUE SE ACABA DE SEPARAR DE SU PAREJA, POR LO QUE SOLICITA LA TERAPIA",0,0,0,0,0,0,1
12828,MADRE DE USUARIA REFIERE QUE UNA TIA DE TU ESPOSO LE PIDIO LAMENOR PRETADA Y ELLA ACCEDIO Y LA MENOR TAMBIEN MENCIONA LA MADRE DE LA USUARIA QUE ESTA SEÑORA LE MARCO EN LA MADRUGADA PARA DECIRLE QUE HABIA ENCONTRADO A SU ESPOSO HACIENDOLE TOCAMIENTOS A LA NIÑA Y LAMIENDOLE SUS PARTES,0,0,0,0,1,0.333333333333333,0
12834,"LA USUARIA REFIERE QUE SE ENCUENTRA DIVORCIADA DESDE HACE 8 AÑOS, PERO MENCIONA QUE HACE EL AGRESOR ACUDE A SU DOMICILIO A LAS ALTAS HORAS DE LA MADRUGADA, ACUDE LE DICE PUTA, LA INSULTA, POR LO GENERAL ACUDE LOS FINES DE SEMANA, EN LA MADRUGADA, TAL COMO OCURRIO ESTE FIN DE SEMANA APROXIMADAMENTE A LAS 01:00 HORAS, ACUDIO AL DOMICILIO Y SE QUISO LLEVAR A LA MENOR ACOMPAÑADO DE PATRULLAS, Y ACUDE EN ESTADO DE EBRIEDAD, POR LO QUE LA USUARIA DESEA DENUNCIAR LA AGRESION, ASI MISMO REFIERE QUE ACTUALMENTE TAMBIEN SUFRE VIOLENCIA POR PARTE DE SU HIJO, REFIERE QUE LE DA PATADAS, GUANTADAS, ELLA TEME POR SU INTEGRIDAD FISICA Y EMOCIONAL,",0,1,0,1,0,0.333333333333333,0
12847,"LA USUARIA MANIFIESTA QUE APROXIMADAMENTE A LAS 12:00 AM CUANDO EL AGRESOR LLEGO INSULTARLA DICIENDOLE ""PINCHE VIEJA LOCA, YO TE QUIERO HACER DAÑO PERO TU TE LO GANAS TE LO MERECES, TE VOY A MATAR"" ARRASTRANDOLA POR EL PISO Y JALANDOLE LA MANO DERECHA, TAPANDOLE LA RESPIRACION A LA USUARIA CON LA MANO, DESPUES TOMANDOLA DEL CUELLO FUERTEMENTE, UNOS VECINOS SE DIERON CUENTA Y LLAMARON, LLEGANDO AL DOMICILIO SU DETUVIERON PERO LO SOLTARON A UNAS CUANTAS CUADRAS. LA USUARIA TEME POR SU INTEGRIDAD, ACTUALMENTE ESTA VIVIENDO EN EL DOMICILIO DE LOS PADRES DE ELLA.",0,1,0,0.666666666666667,0,0,0
12854,"LA USUARIA REFIERE QUE ACUDE A SOLICITAR EL DIVORCIO, YA QUE HACE 1 AÑO SE ENCUENTRAN SEPARADOS, Y DESDE ENTONCES NO LES DA DINERO PARA SOLVENTAR LAS NECESIDADES DE LOS MENORES, POR LO QUE DESEA INICIR TRAMITE DE DIVORCIO, Y TOMAR TERAPIA Y CONTINUAR ESTUDIANDO.",1,0,0,0,0,0,0
12856,"LA USUARIA MANIFIESTA QUE APROXIMADAMENTE A LAS 12:00 PM RECIBIENDO UNA LLAMADA TELEFONICA DEL AGRESOR, BAJO LOS EFECTOS DE LA COCAINA AGREDIENDO A LA USUARIA PSICOLOGICAMENTE DICIENDOLE "" NO VALES VERGA, TE CREES MUCHO, HIJA DE TU PINCHE MADRE"" DICE LA USUARIA AMENAZANDOLA DE MUERTE. DESEA PRESENTAR DENUNCIA DE LOS HECHOS. JURIDICO, PENSION DE ALIMENTOS, GUARDA Y CUSTODIA. YA QUE NO LE APORTA DINERO PARA SUS HIJOS.",1,0,0,1,0,0,0
12857,"LA USUARIA REFIERE QUE EL DOMINGO APROXIMADAMENTE A LAS 03:30 DE LA MADRUGADA EN SU DOMICILIO EL LLEGO DESPUES DE UN MES DE SEPARADOS Y LE PEDIA OTRA OPORTUNIDAD LLEGANDO EN ESTADO DE EBRIEDAD, ELLA HABLABA CON EL DICIENDOLE QUE SE RETIRARA QUE YA HABIA TERMINADO TODO PERO EL SE MOLESTO Y LA EMPEZO A INSULTAR VERVALMENTE DICIENDOLE ""QUE ERA UNA PUTA Y QUE YA TRAIA A OTO WEY"" LA AMENAZO DE MUERTE Y FUE A LA COSINA POR UN CUCHILLO Y LO SOLTO Y LA TOMO DEL CUELLO TRATANDOLA DE ASFIXIAR DESPUES LA GOLPEO EN REPETIDAS OCACIONES EN LA CARA Y LA OBLIGO A TENER RELACIONES SEXUALES CON EL.
CELOS",0,1,0,1,1,0,0
12863,"REFIERE USUARIA QUE EL DIA DE AYER A LAS 9:00 AM SU EX PAREJA ENTRO A SU CASA ELLA TENIA SU CASA CERRADA CON CANDADO Y DE UNA PATADA ENTRO FORZO LA PUERTA , ENTRA Y AGARRO EL AIRE Y LO AVIENTA HACIA EL TERRERO, LE QUITA LAS PROTECCIONES DE LA VENTANA Y COMENZO A DECIRLE INSULTOS, DAME A MI HIJA, HIJA DE TU PUTA MADRE CULERA TE VOY A MATAR , SAL OJETE , ELLA LE DIJO QUE SE CALMARA PORQUE SU MAMA ES ENFERMA Y LE DIJO QUE A EL LE VALIA VERGA, QUE A TODOS SE LOS IBAN A LLEVAR LA VERGA, SU COMADRE LE MARCO A LA POLICIA, ELLA DESEA PRESENTAR DENUNCIA ANTE MINISTERIO PUBLICO Y ASESORIA JURIDICA PARA TRAMITE DE GUARDIA Y CUSTODIA.",0,0,1,1,0,0.666666666666667,0
12870,"LA USUARIA MANIFIESTA QUE SU AGRESOR LA INSULTA POR VIA MENSAJE LA USUARIA (NO RECUERDA LA FECHA PERO ELLA DICE QUE PUEDE COMPROBAR, DICE QUE SON VARIAS UBICACIONES ) DESEA DENUNCIAR LOS HECHOS DE VIOLENCIA PSICOLOGICA, PSARA A JURIDICO PARA ASESORIA LEGAL, LLEVA TRAMITE DE GUARDA Y CUSTODIA, PENSION DE ALIMENTOS, TERAPIA PSICOLOGICA",0,0,0,1,0,0,0
12884,LA USUARIA MANIFIESTAQUE APROXIMADAMENTE A LAS 9:15 AM EL AGRESOR LLEGO AMENAZANDOLA DE MUERTE DESEA PRESENTAR DENUNCIA DE LOS HECHOS DE VIOLENCIA. DESEA PASAR A JURIDICO PARA ASESORIA JURIDICA. TERAPIA PSICOLOGICA,0,0,0,1,0,0,0
12888,"LA USUARIA MANIFIESTA QUE ELLA VIVE CON SUS PAPAS Y QUE TIENE UN HERMANO QUE NO ESTA DE ACUERDO EN QUE ELLA VIVA AHI, Y MENCIONA QUE EL DIA DE AYER APROX. A LAS 07:30 HORAS, EL AGRESOR SE PRESENTO EN EL DOMICILIO Y EMPEZO A INSULTARLA DICIENDOLE: ""ERES UNA CULERA, ERES UNA MIERDA, UNA ARRIMADA, CHINGAS A TU MADRE, ERES UNA PENDEJA, ERES UNA BASURA"" LA TOMO DE LOS BRAZOS Y LA ESTRUJO, POR LO QUE DESEA DENUNCIAR LA VIOLENCIA FAMILIAR Y TOMAR TERAPIA PSICOLOGICA",0,1,0,1,0,0,0
12917,"USUARIA REFIERE QUE SU PAREJA CONSTANTEMENTE LE GRITA, LA INSULTA LE DICE QUE ES UNA ""PUTA"", LE MIENTA LA MADRE , Y LE DICE ""VALES VERGA"" TAMBIÉN COMENTA QUE LA AMENAZA CON LASTIMAR A SUS HIJOS E HIJAS, MENCIONA QUE LA ESTRUJA E HA INTENTADO OBLIGARLA A TENER RELACIONES SEXUALES, LE DA GOLPES EN EL BRAZO Y PIERNAS(TRAE HEMATOMAS EN EL BRAZO IZQUIERDO), TAMBIÉN COMENTA QUE LA CONTROLA Y LE PROHÍBE HACER ACTIVIDADES, DESDE ANOCHE DISCUTIERON, LE AVENTABA LA ROPA CUANDO ELLA QUERÍA VESTIRSE, HOY IBAN EN LA CARRETERA Y EL CARRO SE LES DESCOMPUSO, Y ELLA LE DIJO QUE SE IRÍA EN TAXI Y EL ENOJADO LE DIJO QUE NO, LE QUITO EL CELULAR, ELLA APROVECHO QUE EL SE DESCUIDO Y SE FUE A CASA DE SU HIJA, EL SE QUEDO AHI CON SU CELULAR Y EL VEHÍCULO PROPIEDAD DE LA USUARIA, LA USUARIA MENCIONA TENER MIEDO YA QUE EL LA HA AMENAZADO CON HACERLE DAÑO A ELLA Y A SUS HIJOS SI ELLA PRESENTA DENUNCIA. LA AMENAZA DE MUERTE CADA QUE SE ENOJA CON ELLA ,",0,0.666666666666667,0.333333333333333,1,1,0.666666666666667,0
12921,"MENOR DE EDAD ACOMPAÑADA DE SU MADRE, LA MADRE D ELA MAENOR REFIERE QUE SU HIJA VIVE CON SU PADRE QUIEN TIENE LA GUARDA Y CUSTODIA PROVISIONAL, YA QUE TIENEN TRAMITE FAMILIAR DE GUARDA Y CUSTODIA, LA MADRE DE LA MENOR MANIFIESTA QUE ELLA TIENE CONVIVENCIAS CON SUS HIJAS LOS FINES DE SEMANA, Y AYER QUE SU HIJA LLEGO LE NOTO MORETONES LOS BRAZOS Y AL CUESTIONARLA LA MENOR MANIFESTABA QUE HABIAN SIDO LOS PERROS, DESPUES LE COMENTO QUE SU PAPA SE LO HIZO PORQUE ELLA ESTABA ATENTA EN LA TAREA DE MATEMÁTICAS, LA MADRE DE LA MENOR MENCIONA QUE NO ES LA PRIMERA VEZ QUE SUCEDE YA QUE EN EL MES DE NOVIEMBRE LA MENOR TAMBIÉN LLEGO CON MORETONES EN LOS GLÚTEOS, CACHETE, FRENTE Y LADO LATERAL DE LA ESPALDA.",0,1,0,0,0,0,0
12932,"USUARIA MENCIONA QUE SU EX PAREJA EL DÍA DE AYER POR LA NOCHE LLEGO AL DOMICILIO DE SUS PADRES, PORQUE LA ESTABA BUSCANDO YA QUE ELLA SE ENCONTRABA, COMENZÓ A RECLAMARLE SOBRE UN DINERO, MENCIONA QUE LA EMPUJA PORQUE INTENTABA INGRESAR AL DOMICILIO, SU PADRE PARA AUXILIARLA, MENCIONA LA USUARIA QUE SU EX PAREJA ESTABA BAJO LOS CONSUMOS DE LA DROGA, MENCIONA QUE AYER TAMBIÉN POR LA MAÑANA EL LE HABLO POR TELEFONO ADVIRTIENDOLE QUE SI NO LE CONTESTABA LE IBA A PONER UNA ""VERGUISA"" ES POR LO QUE LA USUARIA MANIFIESTA TENER MIEDO, YA QUE NO ES LA PRIMERA VEZ QUE EL LA AMENAZA CON GOLPEARLA Y DE MUERTE. MANIFIESTA QUE CONSTANTEMENTE LA ACUSA DE INFIEL, TAMBIÉN MENCIONA QUE LA HA GOLPEADO EN OCASIONES ANTERIORES HECHOS QUE SE DENUNCIARON ANTE MP.",0.333333333333333,1,0,1,0,0,0
12933,"MENOR ACOMPAÑADA DE SU TIA QUIEN REFIERE QUE TIENE UN MES VIVIENDO COIN ELLA Y QUE LA MENOR LE CONTO A SU PRIMA QUE PADRASTRO INGRESABA AL CUARTO POR LA NOCHES Y LE BAJA SU CALZONCITO, Y QUE LE HACIA AMENAZAS DE HACER LO MISMO CON SU HERMANA MENOR Y MATAR SU HERMANITO, SE LE OFRECE TERAPIA Y LA TIA DE LA MENOR MANIFIESTA QUE LA MENOR TIENE CITA CON LA PSICOLOGA IGUAL SE LE REITERA QUE PUEDE SOLICITARLO EN CUANDO LO NECESITE.",0,0,0,1,1,0,0
12935,"LA USUARIA MANIFISESTA QUE APROXIMADAMENTE 1:20 AM SU AGRESORA BAJO LOS EFECTOS DEL ALCOHOL TOMANDOLA DEL CABELLO Y TUMBANDOLA AL PISO Y REBOTANDOLA AL SUELO, RASGUÑANDOLE EL ROSTRO, DESPUES LA LLAMO POR TELEFONO DICIENDOLE ""ZORRA, TE VOY AGARRAR A VERGAZOSA"" ELLA DESEA PRESENTAR DE NUNCIA SE LE CANALIZA A LA FISCALIA A PRESENTAR DENUNCIA, TOMARA TERAPIA PSICOLOGICA EN ESTE CENTRO",0,1,0,1,0,0,0
12946,"REFIERE USUARIA QUE EN LA MADRUGADA DEL DIA DE HOY A LAS 00.00 HRS, ELLA SE ENCONTRABA EN SU DOMICILIO CUANDO ESTABAN TERMINANDO DE CENAR ELLA Y SUS HIJOS, LLEGA SU ESPOSO, Y ELLA LE OFRECIO DE CENAR EL COMENZO A INSULTAR LA COMIDA, Y DESPUES INSULTO A SU HIJA YA SU HIJO, ELLA SE QUEDO CALLADA, SU HIJA LE CONTESTO CALMANDOLO, COMENZO AINSULTAR A LA USUARIA LE DIJO QUE ERA UNA INUTIL NO SIRVE PARA NADA, ELLOS SE FUERON A SU CUARTO Y EL SIGUI EN LA MESA, Y PUSO MUSICA MUY FUERTE PARA QUE ELLOS NO SE PUDIERAN DORMIR, COMENZO A GOLPEAR LA MESA , ELLA MARCO A LA POLICIA PERO NO SALIO POR MIEDO, LA POLICIA SE FUE , EL VOLVIO A ENCENDER LA BOCINA, Y EL VOLVIO A IR AL CUARTO DONDE ELLOS ESTABAN DORMIDO Y LES VOLVIO A GRITAR QUE ERAN UNOS PENDEJOS, ELLA DESEA PRESENTAR DENUNCIA ANTE MINISTERIO PUBLICO. Y ASESORIA PARA PENSION ALIMENTICIA.",0,0,0.333333333333333,1,0,0,0
12947,"LA USUARIA REFIERE QUE SU PAREJA EL DOMINGO APROXIMADAMENTE A LAS 19:00 HORAS, EL AGRESOR SE PUSO A TOMAR Y ELLA SE FUE A ACOSTAR Y DESPUES EL VA Y SE LE SUBE ARRIBA DE LA ESPALDA, ELLA LE DIE QUE SE ESPERE QUE SE VA A VOLTEAR POR LE DIO UN DOLOR DE TANTO ESTAR ACOSTADA, CUANDO SE VOLTEA LA EMPIEZA A AGREDIR DICIENDOLE ERES UNA PUTA Y NO QUIRES NI ABRAZARME, ELLA SE SIENTA EN LA CAMA Y LA SIGUE AGREDIENDO, Y LE DICE DELANTE DE SU HIJA, ELLA SE LEVANTA E INTENTA TOMAR UNA BOLSA PARA RECOGER SUS COSAS E IRSE Y EL NO LA DEJA, EL LA TOMA POR EL CUELLO Y LA COLOCA CONTRA LA PARED Y LE EMPIEZA A DECIR MUCHAS COSAS, ELLA LE DECIA QUE LA DEJARA, EL SE VA Y QUEMA SU ROPA, ELLA APROVECHO PARA ENVIAR UN MENSAJE A LA MAMA DE EL, LA SUEGRA LE MARCA A LA HERMANA Y EL AGRESOR REGRESA Y LA TOMA NUEVAMENTE POR EL CUELLO Y ELLA EMPIEZA A PATALEAR Y EL LA SOLTO, ELLA ALCANZA A CONTESTAR LA LLAMADA Y LE DA 2 GOLPES EN LA CABEZA, LA AMENAZO DE MUERTE, POR LO QUE DESEA DENUNCIAR E INICIAR TRAMITE DE GUARDA Y CUSTODIA,.",0,1,1,1,0,0.333333333333333,0
12948,"LA USUARIA MANIFIESTA QUE APROXIMADAMENTE A LAS 7:30 AM EL AGRESOR BAJO LOS EFECTOS DEL CRISTAL ARRIBO AL DOMICILIO, DANDOLE UN GOLPE EN LA CABEZA CON LA MANO , SUJETANDOLA DEL CABELLO Y QUERIENDOLA SACAR DESNUDA DEL DOMICILIO LA SUEGRA DE LA USUARIA LO DETUVO Y LA REGRESO A LA CASA DANDOLE PUÑETAZOS EN EL CUERPO Y AHORCANDOLA DICIENDOLE "" ERES UNA PUTA ERES UNA HIJA DE TU PINCHE MADRE, VETE MUCHA A LA VERGA, VETE A CHINGAR A TU MADRE"" DESEA PRESENTAR DENUNCIA DE LOS HECHOS DE VIOLENCIA, DEMANDA DE PENSION DE ALIMENTOS, GUARDA Y CUSTODIA. PASAR A TERAPIA PSICOLOGICA",0,1,0,1,0,0,0
12951,"REFIERE USUARIA QUE EL DIA JUEVES A LAS 14:00 HRS DE LA MADRUGADA , ELLA SE ENCONTRABA EN SU DOMICILIO CUANDO COMENZARON A DISCUTIR POR CELOS EL LA GOLPEO EN TODO EL CUERPO,, LA AMENAZO CON DAÑARLA, LA INSULTO, LA ENCERRO , NO LA DEJABA SALIR DEL DOMICILIO, ELLA DESEA PRESENTAR DENUNCIA ANTE MINISTERIO PUBLICO.",0,1,0,0.333333333333333,0,0,0
12959,"REFIERE USUARIA QUE A LAS 20.00 HRS DE LA NOCHE, ELLA SE ENCONTRABA EN SU DOMICILIO CUANDO LLEGO SU EX PAREJA Y PDRE DE SU MENOR HIJA, EL COMENZO A GRITARLE QUE ES UNA ZORRA Y UNA PUTA QUE SUS HIJOS ERAN UNOS BASTARDOS Y QUE SU HIJA NO ERA DE EL,LA EMPUJO PORQUE SE QUISO METER A LA CASA, LA AMENAZO LE DIJO QUE SE IBA ARREPENTIR DE ABERLO DEJADO, LE DIJO QUE YA NO LE DARIA DINERO PARA LA NIÑA, ELLA LE PIDIO QUE SE FUERA Y COMENZARONA SALIR LOS VECINOS Y EL SE FUE, ELLA DESEA PRESENTAR DENUNCIA ANTE MINISTERIO PUBLICO Y ASESORIA JURIDICA PARA PENSION ALIMENTICIA.",0.666666666666667,0,0,1,0,0.333333333333333,0
12975,"LA USUARIA QUIEN ACUDE ACOMPAÑADA DE SU PRIMA; REFIERE QUE YA DENUNCIÓ EN DONDE OCURRIERON LOS HECHOS, SIN EMBARGO LLEVARÁ EL CASO PERSONALMENTE EN ESTA DEPENDENCIA. SÓLO SE SABE QUE SE TRATA DE UN CASO DE ABUSO SEXUAL POR PARTE DE UN FAMILIAR. CON LA FINALIDAD DE EVITAR LA REVICTIMIZACIÓN NO SE PREGUNTARÁ MÁS.",0,0,0,0,1,0,0
12987,"USUARIA REFIERE QUE EL DIA JUEVES POR LA TARDE EMPEZARON A DISCUTIR ELLA Y SU PAREJA Y SE LA LLEVO EN SU CAMIONETA A UN LUGAR SOLO Y SE BAJARON Y LE EMPEZO APREGUNTAR A LOS NIÑOS SI ELLA SALIA CON ALGUIEN Y LOS NIÑOS DIJERON QUE SI, LE DIJO QUE LA IBA A GOLPEAR HASTA DEJARLA IRRECONOCIBLE Y LA MATRIA, LA TIRO AL SUELO Y AL ESTAR EN EL PISO LA AGARRO DEL CABELLO Y LA RASPO DE LA CARA EN EL SUELO.MENCIONA QUE AGARRO UN TUBO Y LE PEGO CON UN TUBO EN LA ESPALDA, BRAZO, MANOS PIERNA Y PIE..PRESENTA HERIDA EN EL CUELLO. REFIERE QUE EL AGRESOR TIENE UNA PISTOLA.",0,1,0,1,0,0,0
12996,"LA USUARIA MANIFIESTA QUE EL DÍA DE HOY A LAS 10:00AM, ELLA LE CUESTIONÓ QUE PORQUE SE IBA A IR, SI RECIENTEMENTE HABIÁ LLEGADO DE VIAJE, ÉL LA EMPUJÓ AL PISO Y SE LE SUBIÓ ENCIMA, Y LA ESTUVO JALANDO DEL CABELLO. ELLA ESTUVO MANOTEANDO, Y LE PIDIÓ QUE SE FUERA PORQUE LE HABLARÍA A LA POLICÍA. SE FUE POR UN MOMENTO PERO REGRESÓ. SE LLEVÓ A CABO LA DETENICIÓN PERO SE TRASLADÓ A LA CÁRCEL MUNICIPAL. LA USUARIA DESEA DENUNCIAR LOS HECHOS Y ASESORÍA SOBRE PENSIÓN ALIMENTICIA Y GUARDIA Y CUSTODIA.",0,1,0,0,0,0,0
12999,"LA USUARIA MANIFIESTA QUE EL DÍA DE AYER A LAS 5:00 AM, SE ENCONTRABA ELLA DURMIENDO, DESPUÉS DE HABER ESTADO TOMANDO ALCOHOL EN UNA REUNIÓN. SE DESPERTÓ CON SU VECINO ENCIMA DE ELLA PENETRÁNDOLA. LA USUARIA LE DICE QUE SE QUITE, AL ESCUCHAR EL RUIDO SU HERMANO INERVIENE Y LO SACA DE LA CASA. LA USUARIA YA DENUNCIÓ EL HECHO AYER, PERO ESTABA PENDIENTE EL PROTOCOLO, DICE QUE YA ACUDIÓ CON EL MÉDICO LEGISTA PERO AÚN NO LE APLICAN LA NOM046",0,0,0,0,0.666666666666667,0,0
13006,"REFIERE USUARIA QUE EL DIA SABADO A LAS 21:00 HRS DE LA NOCHE, ELLA SE ENCONTRABA EN SU DOMICILIO, CUANDO SU ESPOSO YA SE ENCONTRABA ALCOHOLIZADO, LLEGO UN CLIENTE PARA QUE EL ARREGLARA UN PANTALON, Y A EL LE MOLESTO, COMENZO A GRITARLE QUE SACARA SUS MAQUINAS DE LA CASA Y QUE YA NO QUERIA VER GENTE AHI, EL COMENZO A ESTRUJARLA , LE ROMPIO EL BRASIER, LA BLUSA LA GOLPEO EN LA CARA , EN EL BRAZO TRAE UN MORETON MUY GRANDE, ELLA SE ESCONDIO EN SU CUARTO Y CERRO LA PUERTA, EL AGARRO UN CUCHILLO Y LE DIO A LA PUERTA 40 CUCHILLADAS, EL LE GRITO QUE SE FUERA DE SU CASA, ELLA MARCO A LA POLICIA Y LO DETUVIERON, ELLA DESEA PRESENTAR DENUNCIA ANTE MINISTERIO PUBLICO CON ORDEN DE RESTRICCION. Y ASESORIA PARA DIVORCIO.",0,1,0.333333333333333,0.666666666666667,0.333333333333333,0,0
13013,"REFIERE USUARIA QUE EL DIA SABADO A LAS 19:00 HRS DE LA NOCHE ELLA SE ENCONTRABA EN CASA DE SU MAMA, Y ENFRENTE DE LA CASA DE SU MAMA VIVE SU HIJO, LLEGO SU ESPOSO CON EL QUE SE ENCUENTRA ACTUAL MENTE SEPARADA DESDE HACE 7 AÑOS, CON EL QUE PROCREO UN HIJO, AUN SIGUE CASADA CON EL, LLEGO A CASA DE SU HIJO Y COMENZO A GRITAR DESDE AFUERA QUE LE PRESTARA A SU NUETOS, ELLA ESCUCHO Y SALIO CON SU MAMA, EL YA SE ENCONTRABA TOMADO, EL LE LLAMO A TODA SU FAMILIA Y COMENZARON A AGREDIRLOS VERBAL MENTE LA AMENAZO DE MUERTE , SE LE ECHO ENCIMA Y LA EMPUJO CONTRA E PORTON, ELLOS MARCARON A LA POLICIA, ELLA DESEA PRESENTAR DENUNCIA ANTE MINISTERIO PUBLICO. Y ASESORIA PARA DIVORCIO.",0,0.666666666666667,0,1,0.333333333333333,0,0
13019,"LA USUARIA MANIFIESTA QUE SE SEPARÓ DEL PADRE DE SU MENOR HIJO A LAS 16HRS SU ENTONCES PAREJA Y ELLA DISCUTIERON POR ASUNTOS DE LIMPIEZA, Y ÉL LE PEGÓ EN LA OREJA Y LE DIO PATADAS EN LAS PIERNAS. SE SEPARARON DESDE ENTONCES EL DÍA DE AYER A LAS 19HRS, LA USUARIA FUE PORQUE LA DE LA RENTA LE INFORMÓ QUE ESTABAN SACANDO LAS COSAS DEL QUE ERA EL DOMICILIO COMÚN, LA USUARIA FUE PERO ÉL SE NEGÓ A ENTREGAR SU PAPELERÍA Y ARTÍCULOS PERSONALES. LA USUARIA DESEA RECUPERAR SUS COSAS, UNA RESTRICCIÓN, Y ASESORÍA LEGAL SOBRE GUARDIA Y CUSTODIA Y PENSIÓN ALIMENTICIA.",0,0.666666666666667,1,0,0,0,0
13020,"REFIERE USUARIA QUE EL DIA DOMINGO A LAS,21:30 HRS DE LA NOCHE, ELLA SE ENCONTRABA EN SU DOMICILIO CUANDO, SU EX PAREJA Y PADRE DE SUS HIJAS , LE MARCO POR TELEFONO COMENZO A DECIRLE GROSERIAS, LE DIJO QUE IBA A IR A SU CASA HACERLE UN DESMADRE SI NO LE DABA A SUS HIJAS LE DIJO QUE LA IBA A MATAR, APARENTEMENTE SE ENCONTRABA TOMADO, ELLA MARCO A LA POLICIA, PERO EL NO LLEGO, EL DIA DE AYER, SU EX PAREJA AYER FUE A ENTREGARLE A SUS HIJAS, YA QUE EL LAS RECOGE DE LA ESCUELA Y LE DIJO QUE LE IBA A PARTIR SU MADRE Y QUE ERA UNA PENDEJA , QUE EL IBA A QUITAR A SUS HIJAS , QUE LA IBA A DEMANDAR, ELLA DESEA PRESENTAR DENUNCIA Y ORDEN DE RESTRICCION, DESEA UNA ASESORIA JURIDICA PARA SABER SOBRE LA CUSTODIA DE SUS HIJAS , SI AFECTA QUE ELLA TENGA PAREJA.",0,0,0,1,0,0.666666666666667,0
13026,"LA USUARIA MANIFIESTA QUE EL DIA DE AYER A LAS 20:00 HORAS SE ENCONTRABA EN SU DOMICILIO Y LLEGO SU EXPAREJA QUIEN YA TENIA UNA MEDIDA DE PROTECCION Y COMENZARON A DISCUTIR, EL LA TOMO DEL BRAZO DERECHO Y EMPEZO A EMPUJARLA, LA ESTRUJO Y LA PATEO EN LA ESPALDA, EL LE GRITO ""QUITATE ESTORBO, QUITATE CUCARACHA"", ELLA COMENZO A PEDIR AYUDA Y LA VECINA SALIO, EL SE RETIRO Y LA USUARIA LLAMO A LA POLICIA, SU AGRESOR REGRESO A LA CASA DE LA USUARIA Y SE LO LLEVARON DETENIDO. LA USUARIA DESEA PRESENTAR DENUNCIA POR LOS NUEVOS HECHOS Y PASO AL AREA MEDICA POR DOLOR MUSCULAR A CAUSA DE LOS GOLPES QUE SUFRIO.",0,1,0,0.333333333333333,0,0,0
13027,"USUARIA MANIFIESTA QUE EL DIA DE AYER APROXIMADAMENTE COMO A LAS 23:00 HORAS FUE UNA VECINA PARA QUE LE REGRESARAN UNA BOCINA QUE LES PRESTO Y EL AGRESOR AUN NO LLEGABA Y ERA EL QUE LA TRAIA, CUENDO EL LLEGO ELLA LE DIJO LO DEL BOCINA Y EL SE MOLESTO Y LE EMPEZO A DECIR QUE QUE CHINGADOS ME IMPORTABA, QUE ELLA NO LE PIDIO NADA A ELLA, QUE VALIA PA PURA VERGA, ELLA SE METIO Y SIGUI DICIENDOLE COSAS, QUE YA LO TENIAN HASTA LA MADRE, QUE YA NO LES IBA A DAR NI UN PESO Y QUE TRAGARN PURA MIERDA, REFIERIENDOSE A ELLA Y A SUS HIJAS, USUARIA REFIERE QUE EL NO TRABAJABA APENAS LE SALIO UN TRABAJO Y ANTIER LE DIO DINERO Y SE QUEJA DE ESO, LA VECINA VOLVIO A LLEGAR Y ESCUCHO TODO Y SE RETIRO, LA HIJA MENOS LO ESCUCHA Y SALE CORRIENDO POR QUE LE TIENE MIEDO, LA USUARIA SALIO DEL HOGAR PARA QUE SE CALMARA PERO NO FUNCIONABA Y LA AMENAZABA QUE LE IBA A PEGAR Y LA MENOR HIJA SALIO CORRIENDO CON LA VECINA PARA LLAMAR A LA POLICIA Y LA VECINA REGRESO PARA QUE NO OCURRIERA NADA Y DECIRLE A LA USUARIA QUE YA HABIAN MARCADO Y TRATABA DE CLAMARLO PERO NADA FUNCIONO LE DABA GOLPES EN LA BOCA A LA USUARIA Y MAS TARDE LLEGO LA POLICIA Y EL ANTES DE SALIR TIRO UNA BOTELLA DE RESISTOL DETRAS DEL REFRIGERADOR Y YA EMPEZO A CALMARCE, EN TODO LO QUE PASO EL SE ESTABA DROGANDO, USUARIA REFIERE QUE TIENE MIEDO POR QUE EL LA AMENAZA QUE EL VA A SALIR Y NO VA A DURAR NADA DENRO DE LA CARCEL Y CUANDO SALGA EL LA VA A BUSCAR PARA GOLPEARLA COMO SIEMPRE LO HA HECHO Y LE VA A QUEMAR LA CASA, TAMBIEN A AMENAZADO CON SUICIDARSE SI SE VA DE CON EL",0.666666666666667,1,0.333333333333333,1,0,0,0
13028,"LA USUARIA MANIFIESTA QUE A LAS 2AM, SE ENCONTRABAN EN EL BAR, Y ÉL SE PUSO CELOSO. DISCUTIERON Y ÉL LA EMPUJÓ CONTRA LA MOTO. DESDE ENTONCES ESTÁN SEPARADOS. LA USUARIA YA PRESENTÓ LA DENUNCIA, DESEA ASESORÍA LEGAL SOBRE PENSIÓN ALIMENTICIA PUES INCLUSO VIVIENDO JUNTOS, BATALLABA PARA QUE ÉL LA APOYARA.",1,1,0,0.333333333333333,0,0,0
13052,"REFIERE USUARIA QUE EL DIA DE AYER A LAS 16:00 HRS DE LA TARDE , ELLA SE ENCONTRABA EN SU DOMCIILIO CUANDO SU EX PAREJA LE PIDIO PERMISO PARA QUEDARSE AAHI, ELLA LE DIJO QUE SI, EL COMENZO AINSULTARLA LE DIJO QUE ELLA TENIA RELACIONES CON SU PAPA, LA EMPEZO A GOLPEAR EN LA PIERNAS EN LOS BRAZOS EN LA ESPALDA , EN LA OREJA , LA AMENAZO DE MUERTE , LE DIJO QUE LA IBA A DEJAR EN SILLA DE RUEDAS PARA QUE SE ARRASTRARA COMO GUSANO, EL SE FUE PORQUE YA SABIA QUE IBA A LLEGAR SU PAPA, ELLA DESEA PRESENTAR DENUNCIA ANTE MINISTERIO PUBLICO, SE PASA POR EL MEDICO YA QUE SE ENCUENTRA CON GOLPES.",0,1,0,1,0,0,0
13063,"LA USUARIA MANIFIESTA QUE APROXIMADAMENTE A LAS 05:00 PM, EL AGRESOR COMENZO A PELEAR POR QUE ELLA LE DIJO QU EYA NO QUERIA ESTAR CON EL TOMANDOLA FUERTEMENTE DE LOS BRAZOS Y EMPUJANDOLA, DANDOLE UN PUÑETAZO EN EL LABIO, DICIENDOLE "" HIJA DE TU PERRA MADRE, VETE A LA VERGA, OJALA TE MUERAS"" DESEA DENUNCIAR DE LOS HECHOS. TERAPIA PSICOLOGICA Y DEMANDA DE DIVORCIO",0,1,0,0.666666666666667,0,0,0
13069,"REFIERE USUARIA QUE EL DIA DE AYER A LAS 10:00 PM , SE ENCONTRABA DE CAMINO A SU DOMICILIO EN UN TAXI, CUANDO SU ESPOSO LA ENCONTRO Y EL VIO QUE ELLA VENIA EN EL TAXI Y EL AGARRO UN BLOCK Y UNAS PIEDRAS EL QUISO ABRIR LA PUERTA DEL TAXI Y ELLA ABRIO LA PUERTA Y LE TIRO LAS PIEDRAS, EL QUERIA ABRI LA PUERTA DEL TAXI PERO NO PUDO Y LE DIO UNA CACHETADA , EL EMPIEZA A QUERER HERIR AL TAXISTA , ELLA SE BAJA DEL TAXI Y CORRE A CASA DE SU CUÑADA, Y LE PIDE EL TELEFONO PARA PEDIR UNA UNIDAD, ELLA MARCO A LA POLICIA Y LO DETUVIERON. ELLA DESEA PRESENTAR DENUNCIA ANTE MINISTERIO PUBLICO.",0,1,0,0,0,0,0
13083,"REFIERE USUARIA QUE EL DIA DE AYER DOMINGO A LAS 12:00 HRS DE LA NOCHE , ELLA SE ENCONTRABA FUERA DE SU CASA EN SU MISMA COLONIA , CUANDO UNA VECINA LE DIJO QUE SU PAPA LE ESTABA PEGANDO A SU MAMA, ELLA SE DEJO IR A LA CASA Y LE DIJO A SU PAPA QUE PORQUE LE ESTABA PEGANDO Y EL COMENZO A AGREDIRLA TAMBIEN A ELLA, LA GOLPEO EN LA CARA, BAJO DEL OJO LLAMARON A LA POLICIA PERO NO LO DETUBIERON, EL YA SE HABIA IDO, EL REGRESO CON UNA LLAVE EN LA MANO , APARENTE MENTE ESTABA ALCOHOLIZADO, ELLA DESEA PRESENTAR DENUNCIA ANTE MINISTERIO PUBLICO.",0,1,0,0,0,0,0
13106,"LA USUARIA ACUDE ORQUE ESTA SUFRIENDO DE VIOLENCIA FAMILIAR POR PARTE DE PAREJA EL CUAL LA VIOLENTO AL DESCUBRIIR UN MENSAJE QUE LE LLEGO AL CELULAR DE SU PAREJA DE OTRA MUJER. LA INTENTO EXTRANGULARLA, NO ES LA PRIMERAVEZ QUE LA AGREDE",0,1,0,0,0,0,0
13116,LA USUARIA ACUDE AL MODULO SOLICITANDO ASESORIA LEGAL POR SUFRIR VIOLENCIA FISICA POR PARTE DE SU PAREJA EL CUAL ES ADICTO AL ALCOHOL Y EL DOMINGO LA AGREDIO,0,1,0,0,0,0,0
13120,"LA USUARIA MANIFIESTA HOY A LAS 08:40 HORAS COMENZO A DISCUTIR CON SU ESPOSO GOLPEO LA PUERTA DEL CUARTO Y SE QUEBRO, DESPUES LA TOMO DE LOS BRAZOS LA EMPUJO HACIA LA PARED, COMENZO A INSULTARLA ""ERES UNA PENDEJA, POR MI TRAGAS"" DESPUES LA TOMO DEL CABELLO Y LA LANZO AL PISO Y COMENZO A PATEARLA., EL AGRESOR SALIO A BUSCAR A LA VECINA Y LA USUARIA CERRO LA PUERTA PARA QUE EL NO PUDIERA ENTRAR Y EN ESO LLAMO A LA POLICIA., CUANDO LLEGO AL DOMICILIO LA POLICIA NO SE LO LLEVO DETENIDO. LA USUARIA HACE MENCION QUE ANTERIORMENTE LA DESCALABRO Y LA HA GOLPEADO MUCHO. LA USUARIA DESEA TOMAR TERAPIA INDIVIDUAL.",0,1,0.666666666666667,0.666666666666667,0,0,0
13121,"LA USUARIA MANIFIESTA QUE APROXIMADAMENTE A LAS 11:37 PM, LLEGO EL AGRESOR DISCUTIENDO CON ELLA QUE PORQUE LE HABIA MARCADO A LA MAMA DE EL PREGUNTANDO POR LOS MOTIVOS DE QUE PORQUE NO HABIA LLEGADO EL A LA CASA COMENAZANDO A INSULTARLA DICIENDOLE ""PINCHE MADRE ERES UNA PERRA MISMOSA PARA QUE LE TIENES QUE MARCAR A MI MAMA, ROGONA ERES UAN AFERRADA"" LA USUARIA LLAMO CON DETENCION EN ESTE CENTRO DE JUSTICIA. DESEA PRESENTAR DENUNCIA DE LOS HECHOS, DEMANDA DE GUARDIA Y CUSTODIA, PENSION DE ALIMENTOS, DIVORCIO, TERAPIA PSICOLOGICA.",0,0,0,1,0,0,0
13122,"LA USUARIA MANIFIESTA QUE APROXIAMDAMENTE A LAS 12:40 AM EL AGRESOR EMPEZO A RECLAMARLE SOBRE LA REDES SOCIALES QUE LE DABAN ME ENCATNA Y ME GUSTA A LA S FOTOS DE ELLAS, Y LA EMPEZO A GOLPEAR LA AVENTO 02 VECES AL PISO Y LA GOLPEO SOBRE LA PARED APRETANDOLA DE LAS MUÑEZAS Y EL CUELLO, LA HERMANA DE ELLA LLAMO CON DETENCION SE ENCUENTRA DETENDIO EN EL MP DE ESTE CENTRO DESEA PRESENTAR DENUNCIA DE LOS HECHOS. DEMNADA DE DIVORCIO, PENSION DE ALIMENTOS, GUARDA Y CUSTODIA.",0,1,0,0.333333333333333,0,0,0
13124,"REFIERE USUARIA QUE EL DIA DE HOY POR LA MADRUGADA, ELLA Y SU ESPOSO SALIERON DE UN BAR Y UN AMIGO LOS DEJO, HIBAN CAMINANDO, EL YA LA BA AGREDIENDO LE DECIA QUE LE CAMINARA RAPIDO, MUEVETE HIJA DE TU PUTA MADRE, Y LE DIJO AQUI TE VA A CARGAR LA CHINGADA Y COMENZO A AHORCARLA, TRAE EN EL BRAZO EMATOMAS DE DONDE EL LA ESTRUJABA Y JALONEABA MUY FUERTE , LE APRETABA LOS DEDOS DE LAS MANOS, UN TAXISTA VIO COMO LA TRAIA Y ELLA SE SUBIO CON EL TAXISTA , ELLA LE MARCO A SU PAPA, Y SE FUE PARA SU CASA, SU HERMANA MARCO A LA POLICIA Y LE DIERON FOLIO, ELLA DESEA PRESENTAR DENUNCIA ANTE MINISTERIO PUBLICO Y ASESORIA PARA DIVORCIO.",0,1,0,0.666666666666667,0,0,0
13130,"ABUELA DE USUARIA MENOR DE EDAD REFIERE QUE EL DIA MARTES SU NIETA SE DESAPARECIO DE LA CASA DE SU HIJA ELLOS LA ESTUVIERON BUSCANDO TODA LA NOCHE A LOS ALREDEDORES Y LA MENOR APARECIO HASTA EL DIA SIGUIENTE EN CASA DE UNA CONOCIDA Y YA LA SEÑORA LE HABLO A LA MAMA DE LA MENOR PARA DECIRLE QUE AHI ESTABA SU HIJA,DE AHI LOS DE SEGURIDAD PUBLICA LA LLEVARON Y PASO DOS DIAS Y EL DIA DE AYER LE DIERON UNA HOJA DE CANALIZACION Y AHI LA MENOR MENCIONO QUE SU PADRASTRO LE HABIA VIOLADO HACE TIEMPO",0,0,0,0,1,0,0
13132,"LA USUARIA MANIFIESTA QUE APROXIMADAMENTE A LAS 04:00 AM, EL AGRESOR QUE ES SU EXPAREJA VIVIAN EN UNION LIBRE. CUANDO EL AGRESOR VIO UNOS MENSAJES DE LA USUARIA DEL CELULAR DE FECHAS ANTERIORES CUANDO AUN NO ESTABA CON EL COMENZO A RECLAMARLE DICIENDOLE ""PUTA, PERRA, MALDITA ERES UNA SINICA"" EL TOMO UN TRAPEADOR EL AGRESOR Y QUEBRO LA PANTALLA Y PATALEANDOLA EN EL ESTOMAGO Y PIERNAS . NO DESEA DENUNCIARLO, TERAPIA GRUPAL",0,1,1,0.666666666666667,0,0,0
13134,"USUARIA REFIERE QUE ANOCHE UN AMIGO LA INVITO A CENAR, DESPUES SE FUERON A LA CASA DE EL COMO APROXIMADAMENTE 3:00 AM Y COMO ELLA NO QUISO TENER RELACIONES SEXUALES CON EL, LA EMPEZO A GOLPEAR EMPEZO A DARLE PUÑETASOS EN LA CARA TIRANDOLA AL PISO Y ESTANDO AHI LA EMPEZO A DARLE PATADAS EN TODO EL CUERPO, DICIENDOLE TE VOY A MATAR PENDEJA Y ELLA PERDIO EL CONOCIMIENTO Y CUANDO REACCIONO COMO ELLA YA ESTABA TODA SANGRADA LE DIJO QUE MEJOR SE FUERA POR QUE LA IBA A MATAR Y ELLA COMO PUDO SALIO DEL DOMICILIO EN SU CARRO Y FUE A LA MUNICIPAL, Y LOS LLEVO AL DOMICILIO DEL AGRESOR PERO ESTE NO QUISO SALIR, LA USUARIA MENCIONA QUE NO SE ACUERDA MUY BIEN DE LAS COSAS YA QUE LE DIO DEMASIODOS GOLPES EN LA CABEZA",0,1,0,0.666666666666667,1,0,0
13141,"LA USUARIA MANIFIESTA QUE EXISTEN HECHOS DE VIOLENCIA PSICOLOGICA Y FISICA HACE DOS MESES EL AGRESOR LA EMPUJO Y LE ESTIRO EL CABELLO ELLA NO DESEA PRESENTAR DENUNCIA SOLO PASARA A LA AREA JURIDICA PARA PRESENTAR EL DIVORCIO GUARDA Y CUSTODIA,",0,1,0,1,0,0,0
13161,"LA USUARIA QUIEN INGRESA ACOMPAÑADA DE SU PAPÁ, MANIFIESTA QUE EL DÍA DE AYER A LAS 13:50, SE ENCONTRABA EN CASA DE SUS ABUELOS (AHÍ TAMBIÉN VIVE EL IMPUTADO). LA MENOR INTENTÓ DEFENDER A SU MENOR PRIMA DE SU PAPÁ (TIO MATERNO DE LA MENOR) POR ALGO DE SU CELULAR, PUESTO QUE ÉL ES UNA PERSONA AGRESIVA, . ÉL LE DICE A LA USUARIA QUE SE CALLE, LUEGO LA TOMÓ DEL CABELLO Y LA JALÓ Y LE PEGÓ EN LA CADERA. DESEAN DENUNCIAR LOS HECHOS.",0,1,0,0.333333333333333,0,0,0
13163,"USUARIA MENOR DE EDAD ACUDE ACOMPAÑADA POR PADRE QUIEN REFIERE QUE LA MADRE DE LA MENOR SE FUE A VIVIR CON UN VECINO, LA MENOR LE COMENTO QUE QUE EN LAS NOCHES ESTE SEÑOR LE PONÍA ALGO EN LA BEBIDA DE SU MAMA Y ESTA SE DORMÍA, EL SEÑOR APROVECHADA PARA TOCARLE LAS PIERNAS, COMENTA QUE LA MENOR LE DIJO A SU MAMA PERO QUE ESTA NO LE HIZO CASO POR LO QUE ELLA DECIR IR A BUSCAR A SU PADRE PARA CONTARLE LO SUCEDIDO, EL PADRE DE LA MENOR MENCIONA TENER MIEDO QUE SU EX PAREJA (MADRE LA USUARIA) LA TENGA AMENAZADA",0,0,0,0.666666666666667,0.666666666666667,0,0
13169,"USUARIA REFIERE QUE DESDE HACE UN AÑO QUE SU ESPOSO LE FUE INFIEL, SU RELACIÓN NO HA SIDO IGUAL, E INCLUSO TIENEN UN MES DURMIENDO EN CAMAS SEPARADAS DEBIDO A QUE ELLA YA NO QUIERE CONTINUAR CON LA RELACIÓN, COMENTA QUE CUANDO EL SE LE ACERCA Y DICE QUE YA VAN A ECHARLE GANAS ELLA LE DICE QUE NO QUIERE ESTAR CON EL, A LO QUE EL SE ALTERA, GRITA LE DICE QUE VA A VENDER TODO Y A ELLA LA VA A DEJAR EN LA CALLE, MENCIONA QUE ES MUY CELOSO Y LA ACUSA DE ANDAR CON OTRAS PERSONAS, MENCIONA QUE SE HA NEGADO A TENER RELACIONES SEXUALES PERO EN OTRAS OCASIONES A ACCEDIDO PARA QUE EL NO ES DISCUTIENDO. CONSTANTEMENTE LA CULPA, ELLA LE HA DICHO QUE SE VA IR DE LA CASA PERO EL LE DICE QUE SI SE VA SERA SOLA. MENCIONA NO QUERER PRESENTAR DENUNCIA ANTE MINISTERIO PUBLICO, SE DA ASESORIA PARA TRAMITE DE DIVORCIO",0,0,0.333333333333333,1,0.666666666666667,0,0
13175,"LA USUARIA MANIFIESTA QUE ESTÁ SEPARADA DEL PADRE DE SUS 03 MENORES HIJOS DESDE HACE APROXIMADAMENTE 04 MESES. RECUERDA QUE COMO ÚLTIMA AGRESIÓN A LAS 3AM, DICE QUE ÉL COMENZÓ A AGREDIRLA PORQUE SEGÚN ÉL. SE ESTABA HACIENDO SEÑAS CON ALGUIEN EN LA CALLE, LA INSULTÓ Y LE DIO UNA PATADA. DESDE ENTONCES VA A BUSCARLA CON EL PRETEXTO DE DARLE DINERO, PERO SÓLO LA INSULTA, LA ESTRUJA Y FINALMENTE NO DA NADA PARA LA MANUTENCIÓN DE SUS MENORES. A LAS 17:30 HORAS, ÉL SE BRINCÓ A LA CASA, Y AMENAZÓ DE LLEVARSE A SUS HIJOS Y NO SE LOS IBA A REGRESAR, ADEMÁS DE INSULTARLA Y DECIRLE QUE CUANDO LA VIERA LA VA A GOLPEAR. LA USUARIA DESEA UNA MEDIDA DE PROTECCIÓN Y ASESORÍA LEGAL SOBRE GYC Y PA.",0.666666666666667,0.666666666666667,0.333333333333333,1,0,0.666666666666667,0
13185,"LA USUARIA MANIFIESTA QUE A LAS 03:00 DE LA TARDE SE ENCONTRABA EN EL DOMICILIO CUANDO SU VECINO PASO POR SU CASA Y PATEO LA PUERTA DE LA CASA DONDE VIVE LA USUARIA, Y LE COMENZOA INSULTAR ""PINCHE ZORRA, PUTA, TE VOY A QUEMAR VIVA, HIJA DE TU PUTA MADRE, CULERA, YO ME VOY A ENCARGAR DE QUE SE LARGUEN A LA VERGA"". LA USUARIA HACE MECION QUE ANTERIORMENTE LA SIGUE CUANDO ELLA SALE Y LE TOMA FOTOS. Y SOSPECHA QUE SU AGRESOR ES EL QUE LES PUSO UN GATO EN EL DUCTO, Y EL QUE PONE HECES EN EL TINACO. LA USUARIA DICE QUE SIEMPRE QUE ELLA SALE DE SU CASA, EL LA INSULTA O LE TOMA FOTOS. LA USUARIA DESEA PRESENATR DENUNCIA.",0,0,0.666666666666667,0.666666666666667,0,0,0
13186,"USUARIA REFIERE QUE SE ENCONTRABA EN UNA REUNION FAMILIAAR, JUNTO CON SU PAREJA Y ESTE SE MOLESTO POR UNOS COMENTARIOS, MENCIONA QUE SE LEVANTO Y SE RETIRO DE LA REUNION, ELLA SE QUEDO EN LA REUNION UN POCO SORPRENDIDA, LE PIDIO ACOMPAÑAMIENTO A UNA PERSONA CONOCIDA PARA IR POR SUS COSAS, LLEGARON AL DOMICILIO MENCIONA QUE EL ESTABA DORMIDO, ELLA RECOGIO SUS PERTENENCIAS, ELLA LE COMENTO QUE SE IBA, EL LA ABRAZO, LA EMPUJO CONTRA LA CAMA, Y ESTANDO ELLA EN LA CAMA EL COMENZO A DARLE PATADAS EN LA CABEZA, DESPUES DE GOLPEARLA, SE LEVANTO DE LA CAMA Y COMENZO A TIRAR OBJETOS DENTRO DE LA HABITACION DENTRO DE ESOS OBJETOS UNA SILLA IBA A GOLPEAR A LA USUARIA QUIEN MANIFIESTA QUE ELLA INTERPUSO BRAZO DERECHO, LA USUARIA TRAE MORETONES EN EL LOS BRAZOS DE CUANDO EL FORCEJEO CON ELLA Y TRAE HEMATOMAS EN LA CABEZA A LA ALTURA DEL OJO DERECHO.",0,1,0.333333333333333,0,0,0,0
13198,"USUARIA REFIERE QUE HACE QUINCE DÍAS DISCUTIERON Y EL LE DIO PUÑETAZOS EN BRAZOS Y ESPALDA, MENCIONA QUE LA GOLPEO TAMBIÉN CON UN PALO DE ESCOBA EN LAS PIERNAS, POR ESO ELLA DECIDE REGRESAR CON SU MADRE EL DIA LUNES, TAMBIÉN COMENTA QUE NO ES LA PRIMERA VEZ QUE SUCEDE, YA QUE CONSTANTEMENTE LA INSULTABA DICIÉNDOLE VETE A LA VERGA, ERES UNA TONTA, PENDEJA, MENCIONA QUE LE PROHIBIDA QUE ELLA LE HABLARA A SU MADRE, Y COMO VIVÍAN EN UN RANCHO COMENTA QUE NO LA DEJABA SALIR. COMENTA QUE AYER LE HABLARO NPOR TELEFONO MINISTERIO PUBLICO DICIENDOLE QUE ELLA DEBE PRESENTARSE CON LA NIÑA PORQUE PUBLICARIAN ALERTA AMBER Y LA IBAN A METER A LA CARCEL, Y LE QUITARIAN A LA NIÑA. MENCIONA QUE INCLUSO CUANDO SE VINO SOLO SALIO CON LA ROPA QUE TRAIA PUESTA . SUS DOCUEMNTOS Y DEMAS ROPA QUEDARON ALLA",0,1,0.333333333333333,1,0,0.666666666666667,0
13201,LA USUARIA ACUDE AL MODULO SOLICITANDO ASESORIA PORQUE TIENE MUCHOS CONFLICTOS CON SU ESPOSO EL CUAL ES DISCAPACITADO Y AGRESIVO. CASI TODOS LOS DIAS LA AMENAZA CON QUEMAR LA CASA JUNTO CON ELLA,0,0,0.333333333333333,1,0,0,0
13205,LA USUARIA ACUDE AL MODULO SOLICITANDO ASESORIA PORQUE FUE VIOLENTADA POR SU ESPOSO Y EL CUAL SE LLEVO SUS DOCUMENTOS Y NO SE LOS QUIERE REGRESAR,0,0.333333333333333,1,0,0,0,0
13217,"LA USUARIA MANIFIESTA QUE SUS PADRES TIENEN UNA RELACIÓN DENTRO DEL CIRCULO DE VIOLENCIA. ÉL CONSTANTEMENTE CORRÍA TANTO A LA MADRE DE LA USUARIA, A LA USUARIA Y A SU HERMANA. DICE QUE SU MAMÁ ESTÁ MUY SOMETIDA A SU PADRE. A PESAR DE QUE HACE MÁS DE UN AÑO QUE ELLAS YA SALIERON DEL DOMICILIO, ÉL LAS SIGUE MUSCANDO, MANIPULANDO, INSULTANDO. A LAS 22HORAS ÉL ACUDIÓ A SU DOMICILIO, ESTUVO GRITANDO, LE DIJO A LA USUARIA ""PUTA"" Y QUE DESEGURO ERA LA TAPADERA DE SU MADRE, LA USUARIA LE PIDE QUE SE RETIRE, Y ÉL LE DICE QUE ES UNA LOCA, Y SE NEGABA A RETIRARSE DEL DOMICILIO Y LE DECÍA ""VAS A VALER MADRE, VAS A VALER VERGA"". LA USUARIA SE SIENTE MUY DAÑADA EMOCIONALMENTE; DESEA UNA MEDIDA DE PROTECCIÓN",0,0,0.333333333333333,1,0,0,0
13238,"LA USUARIA ACUDE A SOLICITAR ATENCION PSICOLÓGICA, REFIERE QUE SU NOVIO LA AGREDIÓ FÍSICAMENTE, MENCIONA QUE ESTO OCURRIÓ DEBIDO A QUE ELLA LE HIZO SABER QUE ESTA EMBARAZADA, SITUACIÓN QUE LE MOLESTO MUCHO A ÉL Y LE COMENZÓ A EXIGIR PRUEBAS Y LUEGO A GOLPEARLA, LUEGO DE ELLO, ELLA ACUDIÓ A DENUNCIAR LOS HECHOS Y SE LE BRINDO MEDIDA DE PROTECCIÓN, MENCIONA QUE DESDE ENTONCES NO HA TENIDO COMUNICACIÓN CON ÉL.",0,1,0,0.333333333333333,0,0,0
13259,"LA USUARIA MANIFIESTA QUE EL DIA DE AYER A LAS 22:30 HORAS SE ENCONTRABA EN SU DOMICILIO Y COMENZO A DISCUTIR CON SU ESPOSO JPORQUE EL LE DECIA QUE NO USUARA LAS COSAS QUE HAY EN LA CASA PORQUE SON DE ESO Y DESPUES LA AMENAZO ""TE VOY A MATAR, TE VA A CARGAR LA VERGA, CUIDATE QUE TE VOY A MATAR, VAS A VALER PURA VERGA"" LA USUARIA SE RETIRO DE LA HABITACION PARA QUE SUS HIJOS NO ESCUCHARAN. LA USUARIA HACE MENCION QUE DESDE HACE TRES MESES SUA GRESOR NO LE DA PARA EL GASTO DE LA CASA. HACE UN AÑO YA HABIA ACUDIDO PARA INTERPONER UNA DENUNCIA POR VIOLENCIA FISICA. LA USUARIA DESEA PRESENTAR DENUNCIA, OBTENER UNA MEDIDA DE PROTECCION Y ASESORIA LEGAL PARA SOLICITAR LA PENSION ALIMENTICIA.",0.666666666666667,0.666666666666667,0,1,0,0,0
13283,"USUARIA REFIERE QUE EL DÍA DE AYER LE PIDIÓ A SU EX SUEGRA QUE LE CUIDARA A SU HIJO, MINUTOS DESPUÉS SU EX PAREJA MEDIANTE LLAMADA COMENZÓ A INSULTARLE DICIÉNDOLE QUE ERA UNA PENDEJA , ELLA DECIDE REGRESAR POR SU MENOR HIJO, CUANDO ELLA LLEGO EL LA JALO DEL BRAZO Y LE DECÍA QUE NO LE IBA A REGRESAR AL MENOR, MENCIONA QUE LA AGARRO DE LA BARBILLA, Y LA EMPUJO CONTRA LA PARED, MENCIONA QUE SU EX SUEGRA INTERVINO DICIÉNDOLE QUE LA SOLTARA,",0,0.666666666666667,0,0.666666666666667,0,0.666666666666667,0
13291,"REFIERE USUARIA QUE EL DIA DOMINGO A LAS 12:30 AM, SE ENCONTRABAN DONDE SE ORGANIZO LA FIESTA DE UN AÑO DE SU MENOR HIJA, SU ESPOSO Y SUS FAMILIARES SE ENCONTRABAN EN APARENTE ESTADO DE HEBRIEDAD, CUANDO ELLA Y SU CONCUBINO SE ENCONTRABAN DESPIDIENDO A LOS PAPAS DE SU CONCUBINO , ELLA LE DIJO QUE SE FUERAN DE LA FIESTA, Y EN ESO SALIERON SUS FAMILIARES, COMENZARON A GOLPEAR A SU CONCUBINO PORQUE PENSARON QUE ELLOS ESTABAN DISCUTIENDO, EN ESO ELLA INTENTO DETENER EL PROBELMA PIDIENDOLES QUE SE CALMARAN PERO NO LO HICIERON YA QUE , SE PROVOCO UA RIÑA, Y LE DIO CON UN TUBO A SU CONCUBINO DESCALABRANDOLO, EMPUJO A LA USUARIA , ELLA ACTUAL MENTE ESTA EMBARAZADA , LA EMPUJO MUCHAS VECES Y ELLA SE CALLO PARA ATRAS Y DE RODILLAS, LA FORCEJEARON PARA PODER GOLPEAR A SU CONCUBINO , ELLA DESEA PRESENTAR DENUNCIA ANTE MINISTERIO PUBLICO.",0,1,0,0,0,0.333333333333333,0
13294,"LA USUARIA MANIFIESTA QUE APROXIMADAMENTE A LAS 10:00 PM EL AGRESOR QUE ES SU ESPOSO BAJO LOS EFECTOS DEL ALCOHOL, COMENZO A PELEAR CON ELLA PORQUE LE RECLAMO UNAS FOTOS DEL CELULAR EMPEZOA INSULTARLA DICIENDOLE "" ERES UNA PUTA ERES UNA CUALQUIERA, ERES UNA PENDEJA"" AGREDIENDOLA FISICAMENTE Y DEJANDO HEMATOMAS EN SU CUERPO ELLA DESEA PRESENTAR DENUNCIA DE LOS HECHOS, JURIDICA ASESORIA LEGAL, TERAPIA GRUPAL",0,1,0,1,0,0,0
13297,"REFIERE USUARIA QUE A LAS 15:00 HRS DE LA TARDE , ELLA SE ENCONTRABA EN SU DOMICILIO CUANDO SE ENCONTRABAN COMIENDO, EL LE EMPEZO A DECIR QUE PORQUE LE COBRABA RENTA SI ES SU HIJA, ELLA LE DIJO QUE NO SE METIERA , EL COMENZO AGREDIRLA ESTABA BAJO LOS EFECTOS DEL ALCOHOL, ELLA CORRIO AL AGRESOR LE DIJO QUE SE FUERA , EL LA AVENTO , LE DIO UNA CACHETADA , ELLA MARCO A LA POLICIA PERO SU HIJA LE AYUDO Y NO LO DETUVIERON , ELLA DESEA PRESENTAR DENUNCIA ANTE MINISTERIO PUBLICO.",0,1,0,0,0,0,0
13298,"LA USUARIA MANIFIESTA QUE APROXIMADAMENTE A LAS 3:00 PM EL AGRESOR QUE ES SU EXPAREJA LE PREGUNTO DE QUIEN ERA LA MONEDA QUE ESTABA EN EL REFRIFERADOR LA USUARIA LE REFIERE QUE ERA UNA MONEDA QUE SE ENCONTRO SU HIJO EN LA CALLE EL LE EMPEZO A DECIR ""ERES UNA PINCHE RATERA, COMO NO TE LARGAS A CHINGAR TU MADRE"" AGARRANDOLA FUERTEMENTE DE LAS MANOS DE LA USUARIA EMPEZARON A FORCEJEAR, LA USUARIA LLAMO Y SE ENCUENTRA DETENIDO EN ESTO MOMENTOS EN EL CENTRO DE JUSTICIA. TERAPIA PSICOLOGICA",0,0.666666666666667,0,0.666666666666667,0,0,0
13326,"REFIERE USUARIA QUE A LAS 03:00 AM, DE LA MADRUGARA , ELLA SE ENCONTRABA EN SU DOMICILIO CUANDO SALIO AL OXXO, Y REGRESO SU EX PAREJA LE DIJO QUE PORQUE HASTA AHORITA IBA LLEGANDO, Y EL LA AGARRO DEL CUELLO Y TE LLEVO AL CUARTO Y LA REBOTO CONTRA EL SUELO, LE DIO PATADAS, Y COMENZO A DARLE PATADAS , SU HIJA LLEGO Y LE DIJO QUE LA DEJARA EN PAZ QUE YA NO LE PEGARA ,SU VECINO MARCO A LA POLICIA , PERO NO LO DETUVIERON PORQUE SE FUE , ELLA DESEA PRESENTAR DENUNCIA Y TOMAR TERAPIA , ASESORIA JURIDICA PARA PENSION ALIMENTICIA. SE CANALIZA CON GRACIELA PARA LA RECUPERACION DE PERTENENCIAS,",0,1,0,0,0,0,0
13330,"USUARIA MENOR DE EDAD ACUDE ACOMPAÑADA POR SU MADRE QUIEN REFIERE QUE EL DIA DE AYER SE ENTERO QUE UN AMIGO DE LA FAMILIA HAVIA VIOLENTADO SEXUALMENTE A SU HIJA, COMENTA QUE LA MENOR LE CONTO A SU PRIMA QUE HACE DOS MESES ESTE SUJETO LA OBLIGO A TENER RELACIONES SEXUALES Y QUE ELLA TUVO UN ATRASO, MENCIONA SU AGRESOR Y SU ESPOSA LE CHICIERON UNA PRUEBA LA CUAL SALIO POSITIVA Y POSTERIORMENTE LA OBLIGARON A INGERIR UNAS PASTILLAS QUE LE PROCARON SANGRADO Y DOLORES MUY FUERTES, MENCIONA QUE LOS HECHOS SUCEDIERON APROXIMADAMENTE HACE DOS MESES Y HACE QUINCE DIAS SE LO CONTO A UNA PRIMA LA CUAL ELLA SE LO CONTO A SU MAMÀ QUIEN EL DIA AYER SE LO CONTO A LA MADRE DE LA USUARIA. LA MADRE DE LA MENOR MENCIONA QUE SU HIJA LE CONFIRMO LOS HECHOS MENCIONA QUE NO HABIA DICHO NADA PORQUE ESTAS PERSONAS LE ADVIRTIERON QUE NO DIJERA NADA.",0,0,0,1,1,0,0
13336,"USUARIA REFIERE QUE EL DIA DE AYER SU PAREJA Y ELLA TUVIERON UNA DISCUSION DONDE EL EMPEZO AHORCARLA, AVENTANDOLA CONTRA AL PISO Y AHI LA SEGUIA AHORCANDO Y APRETANDOLA DE LOS BRAZOS AMENAZANDOLA CON UN CUCHILLO DICIENDOLE QUE LA IBA A MATAR",0,1,0,1,0,0,0
13337,USUARIA REFIERE QUE EL PASADO MIERCOLES ELLA FUE A ENTREGARLE UNA ROPA A UN SEÑOR QUE ELLA LE LAVA LA ROPA Y SALIO SU EX PAREJA CON UN BAT Y LE EMPEZO A DAR EN EN LA CABEZA Y EN EL CUERPO,0,1,0,0,0,0,0
13339,"USUARIA REFIERE QUE ANTIER ELLA CON SUS HIJAS SE ENCONTRABAN EN EL PATIO Y DE REPENTE NOTARON QUE SU VECINO SE BAJO LOS PANTALONES Y ESTABA CON SU MIEMBRO POR FUERA, COMENTA QUE NO ES LA PRIMERA VEZ QUE SUCEDE QUE HABLARON CON LA PERSONA DEL TERRENO Y LES MENCIONO QUE HA HABIDO QUEJAS POR ESTA SITUACION. MENCIONA QUE HOY LA PATRULLA LO DETUVO INFORMANDOLE QUE LO PONDRIA A DISPOSICION DEL MINISTERIOR PIUBLICO",0,0,0,0,1,0,0
13341,"REFIERE USUARIA QUE EL DIA DE HOY A LAS 11:00 AM DE LA MAÑANA , ELLA SE ENCONTRABA EN EL CENTRO CON SU EX PAREJA, EL LE QUITO AL NIÑO PORQUE LE IBAN A DAR DE COMER PERO AL VOLTEAR ELLA YA NO LO VIO Y EL SE FUE , ELLA LE ESTABA HABLANDO A SU PAPA Y EL AGRESOR REGRESO, Y VIO QUE ESTABA HABLANDO CON SU PAPA Y LE DIJ QUE PORQUE , ELLA LE DIJO QUE PORQUE LA HABIA DEJADO Y EL LE MARCO A SU MAMA , LA AMENAZO CON QUITARLE AL NIÑO Y LLEGO SU MAMA Y SE FUERON DEJANDOLA A ELLA SOLA, ELLA SE REGRESO SOLA , Y DESEA PRESENTAR DNEUNCIA . SE CANALIZA PARA RECUPERACION , Y SE CANALIZA A JURIDICO PARA TRAMITE DE GUARDA Y CUSTODIA.",0,0,0,0,0,1,0
13342,"USUARIA REFIERE QUE DESDE HACE UN AÑOS US EX PAREJA ENFRENTE DE SU MENOR HIJA LA HA AMENAZADO CON MATAR A LA MENOR, YA QUE ELLA LA QUIERE MUCHO, MENCIONA QUE TAMBIEN LA HA AMENAZADO CON HACERLE DAÑO A LOS DEMAS, COMENTA QUE EN ESTAS ULTIMAS SEMANAS LE HA DICHO QUE VA A VENIR Y QUE NI CUENTA SE VA A DAR, QUE VA A SALIR VOLANDO CESOS, TAMBIEN COMENTA QUE EN ESTAS ULTIMAS NOCHES LE HAN DICHO QUE LO HAN VISTO RONDANDO EL DOMICILIO E INTENTADO ABRIR EL PÒRTON, COMENTA QUE LA MENOR LE TIENE MIEDO YA QUE A ELLA LE DIJO QUE LE IBA A SACAR LOS DIENTES CON UNA PINZA Y A LA USUARIA LA IBA A AMARRAR PARA QUE ELLA VIERA LO QUE LE HACIA. MENCIONA QUE EN DICIEMBRE LA OBLIGO A QUE ELLA LE HICIERA SEXO ORAL , SE OFRECE REFUGIO LA USUARIA NO ACEPTA",0,0,0.333333333333333,1,1,0.666666666666667,0
13349,"LA USUARIA MANIFIESTA QUE EL DIA DE AYER A LAS 22:00 HORAS SE ENCONTRABA EN SU DOMICILIO CUANDO LLEGA SU CONYUGE Y LE DICE QUE QUIERE PASEAR A LOS NIÑOS EN LA MOTO PERO LA USUARIA LO NOTA UN POCO RARO (PIENSA QUE ESTABA DROGADO) Y LE DICE QUE NOS LOS PASEE, EL SE ENOJA MUCHO Y COMIENZAN A DISCUTIRY LA GOLPEA A PUÑOS EN TODO EL CUERPO SOBRE TODO EN EL AREA DEL PECHO, TORAX Y VIENTRE, DESPUES LA EMPUJA AL SUELO Y COMIENZA A PATEARLA, Y LE GRITA ""PARA QUE SIENTAS CULERA, PARA QUE SIENTA HIJA DE SU PERRA MADRE, HIJA DE TU PINCHE MADRE, CULERA, SI NO TE GUSTA GANALE A CHINGAR A TU MADRE, POR MI TIENES LO QUE TIENES"" ELLA LO MUERDE Y SE PARA PERO EL LOGRA VOLVER A TIRARLA Y SEGUIA GOLPEANDOLA, LA EMPUJA CONTRA UNA ESTANTERIA Y ELLA TOMA UN FLORERO Y SE LO AVIENTA PERO EL SE ENOJA MAS Y LA VUELVA A TIRAR AL PSISO Y SIGUE PATEANDOLA, DESPUES EL LA VE EN EL SUELO Y SE VA DE LA CASA, LA USUARIA MARCA A LA POLICIA PERO TARDAN EN LLEGAR Y YA NO LO ENCUENTRAN. LA USUARIA DESEA LA SEPARACION DE PERSONAS POR LA VIA QUE SEA MAS COVENIENTE Y RAPIDA, YA SE POR LA VIA PENAL O CIVIL. LA USUARIA HACE MENCION QUE ANTERIORMENTE LA HA GOLPEADO. LA USUARIA DESEA ASESORIA LEGAL PARA LA PENSION ALIMENTICIA Y LA GUARDA Y CUSTODIA DE LOS DOS MENORES HIJOS QUE TIENE EN COMUN CON SU AGRESOR Y DESEA PRESENTAR DENUNCIA Y OBTENER UNA MEDIDA DE PROTECCION.",0,1,0,0.666666666666667,0,0,0
13366,"USUARIA REFIERE QUE EL DÍA MARTES UNA MUJER ACUDIÓ A SU CENTRO DE TRABAJO A ACUSARLA DE QUE ELLA TENIA ALGO QUE VER CON EL ESPOSO DE ELLA, LA USUARIA NO LO TOMO EN SERIO PORQUE LA VIO DROGADA, COMENTA QUE EN LA NOCHE RECIBIÓ UNA LLAMADA DE SU ESPOSO EN EL QUE LE RECLAMABA YA QUE MENCIONABA QUE ALGUIEN LE HABÍA DICHO QUE ANDABA CON ALGUIEN, ELLA PIDIÓ PERMISO PARA IRSE A SU CASA , CUANDO LLEGA MENCIONA QUE SU ESPOSO COMENZÓ A INSULTARLA, DECIRLE QUE ERA UNA HIJA DE LA TA POR CUAL , LE QUITO EL CELULAR, LE DECÍA QUE NO LA QUERÍA EN EL DOMICILIO, ELLA SE FUE A SU TRABAJO, EL LA FUE BUSCAR Y LE RECLAMO NUEVAMENTE, MENCIONA QUE ELLA SE FUE A SU DOMICILIO EL SE HABÍA IDO DEL MISMO, COMENTA QUE NO PODÍA DORMIR YA QUE ESCUCHABA PASOS, SOBRE LA MADRUGADA DEL MIÉRCOLES EL REGRESO AL DOMICILIO LE EMPEZÓ A DECIR QUE ELLA HABÍA MATADO EL AMOR QUE LE TENIA, LE DIO UN GOLPE EN LA MANO DERECHA, LA SUJETO DEL BRAZO APRETÁNDOLO FUERTEMENTE, DESPUÉS LE QUEMO CON UN CIGARRO EN EL BRAZO A LA ALTURA DE LOS HOMBROS, EL SE RETIRA Y ELLA ESPERA QUE AMANEZCA, Y SE FUE AL TRABAJO Y DESPUÉS SE FUE A CASA DE SUS PADRES JUNTO CON SUS HIJOS, MENCIONA LA USUARIA QUE SU HIJA LE COMENTA QUE POR VÍA MENSAJES SU PADRE LE HABÍA DICHO QUE LE HABÍA QUEMADO LA ROPA, DESPUÉS LE PEDÍA LA TALLA DE ROPA DE LA USUARIA.",0,0.666666666666667,0.666666666666667,0.666666666666667,0,0,0
13379,"USUARIA MENCIONA QUE ANOCHE SU PAREJA EN ESTADO DE EMBRIAGUEZ ESTABA DISCUTIENDO CON ELLA, DICIENDOLE QUE ELLA ERA UNA PUTA Y LA HIJA QUE TIENEN EN COMUN NO ES DE EL, QUE SE FUERA DEL DOMICILIO PORQUE EL PAGABA TODO Y QUE SI ELLA LE ECHABA LA POLICIA NO S ELA IBA A ACABAR CON LA FAMILIA, MENCIONA QUE INTENTO GOLPEAR, LE QUITO A LA MENOR Y LA SUBIO A UNO DE LOS CUARTOS , PERO ELLA LOGRO QUITARLE A LA MENOR, COMENTA QUE LOS VECINOS LLAMARON A LA PATRULLA, Y DESPUES LLEGO LA HERMANA DE SU PAREJA Y COMENZO A DECIRLE QUE SE SALIERA QUE YA LE HABIA ADVERTIDO QUE SI LE ECHABA LA POLICIA LA IBA A GOLPEAR, LA ESTRUJO Y LE HIZO RASGUÑOS EN EL BRAZO, COMENTA QUE NO ES LA PRIMERA VEZ QUE SU PAREJA LA INSULTA, Y LOS TRES MESES DE EMBARAZO EL LE DIO UNA CACHETADA. TAMBIEN COMENTA QUE SIEMPRE QUE DISCUTEN LE RECLAMA DEL DINERO, LE AMENAZA CON QUITARLE A LA MENOR, LA AMENAZA DE MUERTE Y LA CORRE DEL DOMICILIO . SE LE OFRECE REFUGIO LA USUARIA NO ACEPTA, COMENTA TENER MIEDO DE LAS AMENAZAS QUE LE HACE EL Y SU FAMILIA EN HACERLE DAÑO.",0.666666666666667,1,0.333333333333333,1,0,0.666666666666667,0
13380,"USUARIA REFIERE ESTAR EMBARAZADA Y HACE MES LE DIJO DEL EMBARAZO Y EL DIJO QUE NO SE HARÍA CARGO POR QUE ELLA ES UNA PUTA, QUE EL NO ES EL PADRE Y LA AMENAZO DE MUERTE A ELLA Y AL BEBE QUE ESPERA, COMENTA QUE DESDE ESE MOMENTO EL NO SIGUE DE MOLESTARLA, LA PERSIGUE, EL DIA DE HOY ELLA FUE A DEJAR A SU HIJA Y SE LO ENCONTRÓ, Y COMENZÓ A SEGUIRLA, POR LO QUE ELLA ACUDE AL CENTRO, ELLA LO BLOQUEO DE LAS LLAMADAS, Y LE ENVIA MENSAJES INSULTÁNDOLA, COMENTA QUE EN FEBRERO DISCUTIERON PORQUE EL CONSTANTEMENTE LA CELABA, LA ESTRUJO",0.333333333333333,1,0,1,0,0.333333333333333,0
13381,"USUARIA REFIERE QUE EL DIA VIERNES SU EX VECINA LE HABLO Y LE COMENTO QUE A SU EX PAREJA SE LO HABIAN LLEVADO DETENIDO, EL DIA SABADO ELLA DECIDE IR AL DOMICILIO POR LA ROPA DE LOS MENORES, PERO CUANDO LLEGO AL DOMICILIO SE ENCONTRO CON LA HERMANA , LA CUÑADA DE SU EX PAREJA, COMENZARON A GRITARLE MENCIONA QUE LA IBAN A GOLPEAR, MENCIONA QUE SU EX PAREJA LA JALO DEL CABELLO Y LA SOSTUVO PARA QUE SU HERMANA Y CUÑADO COMENZARAN A GOLPEARLA, TAMBEIN MENCIONA QUE SU EX PAREJA LE COMENZO A GRITAR QUE ERA UNA PUTA Y QUE SI LA MIRABA CON UN VECINO LA IBA A MATAR, MENCIONA QUE LE JALARON LA BLUSA Y LE HICIERON RASGUÑOS EN EL PECHO, MENCIONA QUE SUS HIJOS ESTABAN PRESENTES Y SE ASUSTARON, QUE INCLUSO ELLOS SE ENCONTRABAN EN LA BANQUETA Y LA HERMANA, EL CUÑADO DE SU EX PAREJA COMENZARON A TIRAR PIEDRAS Y ESO LESIONO A UNO DE SUS MENORES HIJOS EN EL CODO, MENCIONA LA USUARIA QUE ELLA LE HABLO A SU PADRASTRO PARA QUE LA LLEVARAN AL HOSPITAL, MENCIONA QUE CUANDO LLEGO SU PADRASTRO SU EX PAREJA LE AVENTO UNA HERRAMIENTA PARA QUITAR ZACATE Y LUEGO SACO UN MACHETE DICIENDO QUE LA IBA A MATAR, LA USUARIA MENCIONA QUE LA SEMANA PASADA LAS HERMANAS Y EL PADRE DE SU EX PAREJA LE HABIAN QUITADO A LOS MENORES,",0,1,0,1,0,0.333333333333333,0
13386,"MADRE DE USUARIA MENOR DE EDAD REFIERE QUE EL DIA DE AYER DOMINGO LA MENOR SE ENCONTRABA DORMIDA, CUANDO SINTIO QUE LE ESTABAN TOCANDO SUS PECHOS Y ELLA DESPERTO Y MIRO QUE ERA SU PADRASTRO PERO ENSEGUIDA SE SALIO DEL CUARTO",0,0.333333333333333,0,0.666666666666667,1,0,0
13390,"LA USUARIA MANIFIESTA QUE APROXIMADAMENTE A LAS 03:30 ELLA ESTABA EN SU DOMICILIO Y EL LLEGO EN LA CAMIONETA CON LA MUSICA A TODO VOLUMEN Y LLEGO PITANDO, ELLA LE ABRIO LA PUERTA Y EL SE PUSO A DISCUTIR CON CUALQUIRA QUE PASABA EN CARRO Y LES DECIA DE COSAS, TRAIA CERVESA EN LA MANO Y SE LA TERMINO, SE ATRAVESABA FRENTE A LOS CARROS COMO SI QUISIERA QUE LO ATROPELLARAN, DEPUES SE FUE Y ELLA LE DIJO QUE PENSO QUE NO IBAN A VENIR, EL LE DIJO QUE QUE ELLA Y TODOS SE LA PELABAN ELLA LE DIJO QUE SE METIERA PUES ESTABA MUY TOMADO, LE RESPONDIO QUE PARA QUE LO QUERIA DESPUES SE METIO Y LOS DOS SE FUERON A LA RECAMARA Y EL LE DIJO, SABES QUE YA NO TE QUIERO CONMIGO ASI ES QUE VETE, LE DIJO QUE ELLA SIN EL NO ERA NADIE, QUE TODO LO QUE TIENE, LO TIENE POR EL, QUE YA NO LA NECESITABA PARA NADA, ELLA TOMO SU BOLSA Y LAS LLAVES Y SE SALIO Y EL ASOTO LA PUERTA TRAS ELLA Y SE DIRIGIO CON SU MAMA EN UN TAXI 
REFIERE QUE EL VIENE DE 3 A 4 DIAS AL MES Y SE ESTA CON ELLA, QUE LLEGO Y SE LA HA PASADO TOMANDO Y CUANDO ESTA BORRACHO ES MUY AGRESIVO, DESCONOCE SI SE DROGA PERO SOSPECHA QUE SI, Y MENSIONA QUE HACE 13 AÑOS EL LA DEJO DURANTE 2 AÑOS Y SE FUE CON OTRA MUJER DURANTE UN TIEMPO ESTUVIERON BIEN PERO EL SIGUIO TOMANDO Y EMPEORO POCO A POCO SU RELACION PUES YA LA HA GOLPEADO EN DIFERENTES OCACIONES LA ULTIMA VEZ FUE HACE COMO UN MES QUE EL TAMBIEN ESTABA BORRACHO , LE DIO UN PUÑETAZO EN EL ABDOMEN Y LA DEJO SIN AIRE Y EMPEZO A QUERER TENER RELACIONES SEXUALES Y ELLA NO QUERIA, PERO LA FORZO A HACERLO, ELLA NO LO DESABA PERO AUN ASI LE QUITO LA ROPA POR LA FUERZA, LA ULTIMA VEZ QUE LO HIZO FUE HACE DOS SEMANAS REFIERE USUARIA QUE LE TIENE MIEDO, LA HA AMENAZADO QUE SI LO DEJA EL SE VA A MATAR Y TAMBIEN LA AMENAZA DE MUERTE A ELLA, MENSIONA QUE EN VARIAS OCASIONES ELLA HA VISTO QUE EN 2 OCASIONES LE HA TOCADO VER COMO EL SE HA INTENTADO MATAR, SE LE OFRESE REFUGIO Y LO RECHAZ",0,1,0,1,1,0,0
13396,"LA USUARIA REFIERE QUE APROXIMADAMENTE 8:40 PM EL AGRESOR ESTABA BAJO LOS EFECTOS DEL ALCOHOL LLEVO A LA MENOR CON LA USUARIA YA QUE TENIA CONVIVENVIA CON ELLA, INSULTANDOLA DICIENDOLE "" VIENES DE PUTA DE SEGURO TE VIENES A VENDER DE CON LOS HOMBRES Y EMPUJANDOLA. DESEA PRESENTAR DENUNCIA DE LOS HECHOS. DESEA TENER LA GUARDA Y CUSTODIA COMPLETA DE SU HIJA. TERAPIA PSICOLOGICA GRUPAL",0,1,0,1,0,0,0
13404,"USUARIA REFIERE QUE LA EX PAREJA DE SU HIJA SE LA PASA AMENAZNDOLA QUE SI ELLA SE SIGUE METIENDO EN LA VIDA DE DE EL Y DE SU HIJA, SE VA A VENGAR CON SU HIJA LA MAS PEQUEÑA, QUE YA EN VARIAS OCASIONES MANDA PERSONAS A DAÑAR LA CASA CON PIEDRAS, QUEBRANDOLE VENTANAS Y EL TAMBIEN VA Y UNA VEZ LA AMENAZO CON UN CUCHILLO",0,0,1,1,0,0.666666666666667,0
13409,"REFIERE USUARIA QUE DISCUTIO CON SU EX PAREJA, Y EL LA CORRIO DE LA CASA , LE DIJO QUE ERA UNA PENDEJA Y QUE ANDABA DE PUTA EL LA AMENAZABA DE MUERTE , ELLA SE CAMBIO DE CASA, Y EL CONTINUA AGREDIENDOLA LA ACOSA Y LA HOSTIGA , EL LE CORTA EL CABLEADO DE LUZ DE SU NEGOCIO. DESEA PRESENTAR DENUNCIA ANTE MINISTERIO PUBLCIO.",0,0,0.666666666666667,1,0,0,0
13418,"LA USUARIA MANIFIESTA QUE A LAS 23:30 HORAS SE ENCONTRABA EN EL ANTRO CUANDO SINTIO UN GOLPE MUY FUERTE EN EL GLUTEO IZQUIERDO Y CUANDO VOLTEA SE DA CUENTA QUE ES SU ESPOSO, EL COMIENZA A PEDIRLE HABLAR CON ELLA, SUS AMIGAS NO DEJARON QUE SALIERA PERO EN ESO EL COMENZO A FORCEJEAR Y LA TOMABA DE LOS BRAZOS, LA JALABA CON MUCHA FUERZA, HASTA QUE LE QUITO UNA UÑA ACRILICA, Y LE GRITABA ""YA TE VI VAS A VER, SAL VAMOS A HABLAR"" EN ESO LLEGO EL GUARDIA DE SEGURIDAD Y LO SACO DEL ANTRO. DESPUES AL USUARIA RECIBE UN MENSAJE DE EL DICIENDOLE ""ERES UNA PUTA, SALTE A CHINGAR A TU MADRE, TE VOY A TIRAR TUS COSAS A LA CALLE"" LE MANDO FOTO DONDE ESTABA SACANDO LAS COSAS. LA USAURIA FUE A RECOGER SUS COSAS Y SE FUE A VIVIR A CASAS DE SUS PAPÁS. LA USUARIA HACE EMCION QUE TIENE SEPARA DE EL DESDE EL MES DE OCTUBRE DEBIDO A QUE AL AGREDIA MUCHO PSICOLOGICA Y FISICAMENTE. LA USUARIA DESEA PRESENTAR DENUNCIA, OBTENER MEDIDA DE PROTECCION Y ASESORIA LEGAL PARA LLEVAR A CABO SU DIVORCIO, SOLICITAR LA PENSION ALIMENTICIA, GUARDA Y CUSTODIA D ELOS TRES MENORES HIJOS QUE TIENE EN COMUN CON SU AGRESOR. TOMAR TERAPIA GRUPAL",0.666666666666667,1,0.666666666666667,1,0.666666666666667,0,0
13456,"USUARIA REFIERE QUE CUANDO ELLA TENIA 13 APROXIMADAMENTE ELLA SOLIA IRSE DE VACACIONES CON UNA TIA, MENCIONA QUE UN DIA ELLOS SE QUEDARON DORMIDOS EN LA SALA ELLA, UNA PRIMA Y ESE PRIMO Y ELLA SINTIO QUE LE ESTABAN TOCANDO SUS PARTES INTIMAS Y SE DIO CUENTA DE QUE ERA SU PRIMO , ELLA LO UNICO QUE HIZO FUE IRSE A DORMIR AL CUARTO DE SUS TIOS, MENCIONA QUE EL DIA DE AYER ESTE LE MANDO MENSAJES DICIENDOLE QUE HABER CUANDO IBA PARA IRSE A UNA QUINTA O QUE SU TIA LOS DEJARA SOLOS PARA QUE YA NO GRITARA",0,0,0,0.666666666666667,1,0,0
13458,"USUARIA REFIERE QUE SU EX PAREJA MUY VIOLENTO, CONSTANTEMENTE DISCUTEN HOY EN LA MADRUGADA EMPEZARON A DISCUTIR DONDE FORCEJEARON, TORICIENDOLE EL BRAZO Y AVENTANDOLA CONTRA LA PARED, LE IBA A DAR UN GOLPE EN LA CARA PERO UNA DE SUS MENORES HIJAS SE METIO LA MANO Y EL GOLPE LO RECIBIO ELLA, TOMANDOLA DEL CUELLO, MENCIONA QUE NO ES LA PRIMERA VEZ QUE INTENTA AHORCARLA, DICIENDOLE QUE GRACIAS A EL ESTA COMIENDO, Y QUE SI ELLA LO DEJA SE VA A MATAR Y QUE PREFIERE VERLA MUERTA QUE ANTES CON ALGUIEN MAS",0,1,0,1,0,0,0
13461,"LA USUARIA MANIFIESTA ESTAR SEPARADA DE SU ESPOSO DESDE HACE 3 AÑOS. MANIFIESTA QUE EL DÍA DE HOY APROX A LAS 3AM, SE DESPIERTA PORQUE SIENTE QUE ALGUIEN LE TAPA LA BOCA. ERA SU ESPÑOSO QUIEN LE DIJO QUE NO GRITARA O MATARÍA A SUS HIJOS. SE FUERON AL CUARTO A PLATICAR, DICE QUE ÉL LE DIJO QUE TENÍA QUE ESTAR 06 MESES CON ÉL TENIENDO SEXO CON ÉL CADA 15 DÍAS PARA QUE YA LA DEJE EN PAZ Y NO LE QUITE A SUS HIJOS. LA USUARIA SE NEGÓ. ÉL SE QUITÓ LA ROPA. Y APESAR DE QUE LA USUARIA LE DIJO QUE NO QUERÍA INTIMAR, ÉL LA SOMETIÓ Y VÍA VAGINAL LA PENETRÓ CON SU PENE SIN USAR PRESEVASTIVO. LA USUARIA DESEA DENUNCIAR Y ASESORÍA LEGAL PARA DIVORCIARSE.",0,0.666666666666667,0,0.666666666666667,1,0.666666666666667,0
13463,"LA USUARIA MANIFIESTA QUE TIENE SEPARADA DEL PADRE DE SU HIJA DESDE HACE 03 SEMANAS. DESDE ENTONCES ÉL LA HA ESTADO BUSCANDO Y AMENAZANDO CON LLEVARSE A SU MENOR HIJA. ES EL CASO QUE EL DÍA DE AYER A LAS 19:00 EMPEZÓ A RECIBIR MUCHAS LLAMADAS DE SU EX PAREJA, Y LUEGO VÍA MSN Y MENSAJES DE WHATSAPP, LA ESTUVO INSULTANDO LLAMÁNDOLA ""PENDEJA"", Y COMENTARIOS DE ""NO ME HAGAS EMPUTAR, VAS A VALER VERGA, SI SIGUES YENDO A TRABAJAR TE VOY A MADREAR, VETE A LA VERGA, TE VOY A HECHR A LAS PATRULLAS Y AL DIF"". LA USUARIA DESEA UNA MEDIDA DE PROTECCIÓN Y ASESORÍA SOBRE GYC Y PA,",0,0,0,1,0,0.666666666666667,0
13479,LA USUARIA MANIFIESTA QUE CUANDO TENIA 8 AÑOS SUFRIO VIOLACION POR PARTE DE SU PADRASTRO.,0,0.333333333333333,0,0.666666666666667,1,0,0
13483,"REFIERE USUARIA QUE A LAS 16:00 HRS , ELLA ESTABA EN LA COCINA Y ESCUCHO LLORAR A SU HIJO MENOR, SU CONCUBINO LE DIJO QUE EL NIÑO SE CALLO, Y ELLA SE MOLESTO PORQUE EL LO ESTABA CUIDANDO, ELLA LE DIJO YA NI LA CHINGAS Y EL LE DIO UN GOLPE EN LAS COSTILLAS, Y SU HIJO GRANDE EMPEZO A LLORAR POR VER ESA ACCION, EL LA INSULTO LE DIJO DEJAME EN PAZ PENDEJA NO ME MOLESTES, EL DIA DE ALLER ELLA SALIO DE LA CASA CON SUS HIJOS, SOLO SACO LA PAÑALERA DE SU HIJO Y LA MOCHILA DE SU HIJO MAYOR, ELLA DESEA ASESORIA JURIDICA PARA TRAMITE DE GUARDA Y CUSTODIA Y PENSION ALIMENTICIA, ASI COMO TAMBIEN SE CANALIZA PARA LA RECUPERACION DE SUS PERTENENCIAS.",0.666666666666667,1,0.666666666666667,0.666666666666667,0,0.333333333333333,0
13516,"USUARIA REFIERE QUE TIENE UNA SEMANA QUE LO CORRIO DE LA CASA YA QUE EL CONSTANTEMENTE LA CELA, LA EMPUJA Y DISCUTE CON ELLA, PERO REFIERE QUE EL ACUDE AL DOMICILIO LE TIRA PIEDRAS, LA VIGILA INCLUSO MENCIONA QUE LE DESPEGO UNA PROTECCION PARA PODER INGRESAR NUEVAMENTE AL DOMICILIO, MENCIONA QUE ANTIER DISCUTIERON NUEVAMENTE YA QUE EL LA ACUSA QUE ESTA CON OTRO HOMBRE, LE TIRO LA TELE DEJÁNDOLA DESCOMPUESTA, LA USUARIA LE PIDIÓ QUE LA ARREGLARA, AYER EL ACUDIÓ NUEVAMENTE AL DOMICILIO Y COMENZÓ A TIRAR PIEDRAS Y SU HIJA SALIO DECIRLE QUE LE PAGARA LA TELEVISIÓN, EL SOLO DIJO QUE SI, MENCIONA QUE LE HABLARON A LA POLICÍA, MENCIONA QUE HOY NUEVAMENTE EN LA MAÑANA ANDABA DANDO VUELTAS POR SU CASA. MENCIONA QUE ELLA EN OTRA OCASION LE DIJO QUE IBA A REHACER SU VIDA SIN EL Y EL LE CONTETSO QUE SI LA LLEBA A VER CON OTRO HOMBRE SERIA LA ULTIMA PAREJA QUE ELLA TENDRIA.",0,0.666666666666667,1,1,0,0,0
13525,"USUARIA ACUDE A PRESENTAR DENUNCIA EN CONTRA DE SU EX PAREJA YA QUE EL DIA MARTES AL REDEDOR DE LAS 21:00 HRS AL EN COTRAR EN CASA DE EL YA QUE ELLLA FUE A RECOGER ALGUNAS DE SUS PERTENCIAS. EL LA EMPIEZA A INSULATAR, LA AMENAZO CON PEDIR UNA PATRULLA SI NO SE SALIA DE SU CASA, LA ESTRUJA LA JALA DE LOS BRAZOS, LA SACA DE LA CASA, LE ARROJA AL PISO UNA CARPETA DE DOCUMENTOS Y LA OFENDE, LA AMENAZA POR TELEFONO LE REFIERE QUE LA VA DESTRUIR QUE LA MATARA, LA ACOSA YA QUE LA RELACIONA CON OTRA PERSONA INFUNDADAMENTE. DESEA PRESENTAR DENUNCIA POR LOS HECHOS EN MENCION. NO DESEA APOYO PSICOLOGICO POR SU TRABAJO.",0,1,0.666666666666667,1,0,0,0
13535,"LA USUARIA DICE QUE A LAS 1:30 LOS AGRESORES ES SU ESPOSO, SUEGRO, HERMANA DE SU ESPOSO Y PAREJA ACTUAL DE ESPOSO, ESTABAN BAJO LOS EFECTOS DEL ALCOHOL, LA USUARIA FUE POR SUS HIJAS A LA CASA DE ELLOS YA QUE ELLA SE LAS HABIA PRESTADO CUANDO LLEGO ELLA A LA CASA COMENZARON AGREDIRLA GOLPEANDOLA EL ESPOSO LA EMPEZO A INSULTARLA DICIENDOLE "" ERES UNA ZORRA Y JALONEANDOLA Y LAS MUJERES AGARRANDOLA DE LA CARA Y DANDOLE GOLPES, EL SUEGRO DE LA USUARIA LA AGARRO DE LOS BRAZOS PARA QUE NO SE DEFENDIERA Y DICE LA USUARIA QUE YA NO RECUERDA COMO FUERON LAS AGRESIONES, LA LESIONES POR UN CERTICADO MEDICO FUERON ESGUINCE CERVICAL GRADO 2 SECUNDARIO A LATIGAZO CERVICAL Y PRESENTA LESIONES ABRESIVAS EN EL ROSTRO (MULTIPLES), TAMBIEN SALIO LESIONADA FUE SU HIJA MENOR DE EDAD OCASIONANDOLE UN ESGUINCE EN HOMBRO IZQUIERDO, SECUNDARIO A CINTUSION TRAS CAIDA POR EMPUJON, ELLA DESEA PRESENTAR DENUNCIA DE LOS HECHOS, TERAPIA PSICOLOGICA. LA USUARIA LLAMO CUANDO LLEGO A LA CASA DE SUS PAPAS SIN DETENCION DE NINGUNO DE LOS AGRESORES",0,1,0,1,0,0.333333333333333,0
13547,"USUARIA REFIERE QUE ANOCHE TUVO UNA DISCUSION CON SU PAREJA DONDE LE QUEBRO LA PUERTA DEL CUARTO Y LE DECIA QUE NI SUBIERA POR QUE LE IBA A QUEBRAR EL CELULAR. ELLA SALIO CORRIENDO PARA CON SU VECINA PARA QUE LE HABLARA A LA POLICIA YA QUE ES MUY AGRESIVO Y ANTERIORMENTE YA LA HA GOLPEADO, MENCIONA QUE LLEGO LA POLICIA Y SE LO LLEVO DETENIDO, Y A LA MEDIA HORA LLEGO SU EX PAREJA DONDE LO HABIAN SACADO, DICIENDOLE QUE NI SABIA COMO LE IBA A IR, QUE MEJOR SE SALIERA DE LA CASA POR QUE IBA A REGRESAER Y LE IBA A QUEBRAR TODOS LOS VIDRIOS DE LA CASA Y ELL EN ESO ESTABA HABLANDO CON SU TIA Y EL PASO Y LE ARREBATO EL CELULAR Y SE LO ESTRELLO CONTRA EL PISO",0,1,0.666666666666667,1,0,0,0
13549,"LA USUARIA MANIFIESTA QUE APROXIMADAMENTE A LAS 9:00 PM EL AGRESOR BAJO LOS EFECTOS DEL ALCOHOL EMPEZO A INSULTARLA DICIENDOLE "" ERES UNA PUTA"" DANDOLE UNA CACHETADA A LA USUARIA PUÑETAZO EN LA CARA Y OIDOS TOMANDOLA FUERTEMENTE DEL CUELLO AMENZANDOLA QUE LA IBA MATAR, UNA DE SUS HIJAS LLAMO SIN DETENCION DEL AGRESOR, TERAPIA GRUPAL LOS JUEVES",0,1,0,1,0,0,0
13550,"LA USUARIA MANIFIESTA QUE EL DÍA DE AYER A LAS 20:00 HORAS, SE ENCONTRABA LA USUARIA DONDE SE ESTÁ QUEDANDO MOMENTANEAMENTE CON SU HERMANA. AHÍ LLEGARON TANTO SU ESPOSO (DE QUIEN ESTÁ SEPARADO ACTUALMENTE) COMO EL HERMANO DE ÉL.; AMBOS ESTABAN MOLESTOS PORQUE ASEGURABAN QUE LA USUARIA TIENE OTRA RELACIÓN. LA INSULTARON PERO FUE SU CUÑADO QUIEN AMENAZÓ CON GOLPEARLA. LA USUARIA YA PRESENTÓ DENUNCIA,. TIENE PENDIENTE EL PROTOCOLO.",0,0,0,1,0,0,0
13568,"USUARIA REFIERE QUE SU EX PAREJA TODOS LOS DÍAS LA ESPERA CUANDO ELLA BAJA DEL CAMIÓN, MENCIONA QUE EL DIA VIERNES ELLA BAJO Y UN COMPAÑERO LA ACOMPAÑO A LA TIENDA Y SU EX PAREJA COMENZÓ A INSULTARLA Y DECIRLE QUE ERA UNA PUTA, LA ESTRUJO Y DOBLO DE LAS MANOS, Y A SU COMPAÑERO LE DIO UN GOLPE, TAMBIÉN MENCIONA QUE EN ENERO CUANDO VIVÍAN JUNTOS EL LE PEGO CON UN CABLE EN LAS PIERNAS, QUE TIENEN UN HIJO EN COMÚN Y EL NO PROPORCIONA ALIMENTOS",0.666666666666667,1,0,1,0,0,0
13581,USUARIA COMENTA QUE TIENE TIEMPO SIENDO VIOLENTADA POR SU ESPOSO YA QUE EL AGRESOR CONSUME DEMASIADO ALCOHOL Y SE PONE VIOLENTO Y LA USUARIA TIENE MIEDO DE QUE LE PUEDA HACER ALGO YA QUE ES MILITAR.,0,0.333333333333333,0,1,0,0,0
13594,"USUARIA REFIERE QUE AYER ELLA ESTABA AYUDANDO A SU HIJA CON UNA TAREA Y SU PAREJA COMENZO A DECIRLE QUE ERA UNA FLOJA QUE NO LE SERVIA NI PARA DARLE DE TRAGAR, LE AVENTO UNOS FRITOS Y DESPUES LE DIO PUÑETAZOS EN LA CABEZA, COMENZARON A DISCUTIR Y SU HIJA DE 17 AÑOS INTERVINO, Y SU PAREJA LA JALO DEL CABELLO, LA USUARIA INTERVINO Y DECIDIERON SALIRSE DEL DOMICILIO E IRSE A CASA DE SU PADRE, MENCIONA QUE SU PAREJA LAS PERSEGUIA Y CAMBIARON DE RUTRA POR SU PADRE SE ENCUENTRA FUERA DE LA CIUDAD POR LO QUE SE FUERON A CON UNA AMIGA",0,1,0,1,0,0,0
13599,"REFIERE USUARIA QUE A LAS 04:00 AM ELLA SE ENCONTRABA EN SU DOMICILIO Y LLEGO SU CONCUBINO, , LA EMPEZO A JALONEAR Y LES QUEBRO UNA VENTANA Y SALTARON LOS VIDRIOS LLAMO A LA POLICIA PERO NO LLEGARON , ELLA DESEA PRESENTAR DENUNCIA ANTE MINISTERIO PUBLICO.",0,1,1,0.666666666666667,0,0,0
13602,"USUARIA REFIERE QUE HOY APROXIDAMENTE 11:30 MIRO QUE SU ESPOSO QUE ESTABA EN CASA DE UNA MUJER Y LE EMPEZO A PITAR EN SU CAMIONETA ´PARA QUE SALIERA Y EL SALE DE LA CASA Y LA EMPUJO Y ELLA SE QUISO DETENER DE SU CAMISA PERO SE LA ROMPIO, PERO ASI SE CALLO Y ELLA SE LEVANTO Y LO SIGUIO Y LA VOLVIO AVENTAR DANDOLE UNOS PUÑETASOS EN EL PECHO Y ELLA VOLVIO A CAER Y LE ECHO ENCIMA LA CAMIONETA, QUERIENDOLA ATROPELLAR",0,1,0,1,0,0,0
13613,"LA USUARIA MAIFIESTA QUE A LAS 13 HORAS. TUVO UN CONFLICTO CON SU PAREJA ACTUAL, POR QUE A EL NO LE PARECE QUE SU HIJA MENOR VEA SU PAPA O HABLE POR TELEFONO CON EL, LA NIÑA LE DECIA A LA USUARIA QUE SU PAPA LE HABIA COMPRADO UN JUGUETE PERO, EL AGRESOR ESCUCHA Y COMIENZA A DECIRLE ""POR QUE ME ESCONDES ESAS COSAS"" EL LA CORRIO DE SU CASA, CUANDO VIO QUE ESTABA GUARDANDO SUS PERTENENCIAS PARA IRSE, LA ESTRUJO, LE JALO EL CABELLO LA SACO DEL DOMICILIO CON TODO Y SU HIJA MENOR CUANDO LAS SACO LE DIJO ""NADIE ME VA A SACAR DE AQUI, NO TE VOY A DAR NADA"" DESEA PRESENTAR DENUNCIA Y VER SI PUDIERA RECUPERAR SUS MUEBLES.",0,1,0.333333333333333,1,0,0,0
13621,"REFIERE USUARIA QUE EN EL MES DE AGOSTO , SU EX PAREJA COMENZO A INSULTARLA PORQUE SU MAMA SE LLEVO A COMER A SU HIJO SIN SU AUTORIZACION , EL LE MARCO A SU MAMA PARA TAMBIEN AGREDIRLA , EL LA FORCEJEO PARA QUE LO VIERA A LA CARA, SU MAMA LLEGO AL DOMICILIO CON UNA UNIDAD Y LO RETIRARON DEL DOMCILIO, ELLA DESEA PRESENTAR DENUNCIA ANTE MINISTERIO PUBLICO.",0,1,0,0.666666666666667,0,0,0
13626,"LA USUARIA MANIFIESTA QUE A LAS 20 HORAS, ESTABAN DENTRO DEL DOMICILIO COMÚN, Y ELLA Y SU PAREJA COMENZARON A DISCUTIR PORQUE DÍAS ANTES LA FAMILIA DE ÉL SE HABÍA COMPORTADO A SU PARECER SIN RESPETO EN LA FIESTA INFANTIL DE SU HIJA. DESPUÉS ÉL LE DIJO QUE SE FUERA A ACOSTAR CON ÉL. LA USUARIA SE NEGÓ Y ÉL LE DIJO ""¿YA NO ME QUIERES?, ANDALE. LA USUARIA LE DICE QUE NO TIENE GANAS, ÉL LE ESTUVO INSISTIENDO, PERO DICE LA USUARIA QUE ELLA REALMENTE NO QUERÍA, INCLUSO EN EL ACTO CONTINUÓ DICIÉNDOLE QUE NO QUERÍA, Y QUE CIERTAS POSICIONES LE DOLIAN. PARÓ HASTA QUE EYACULÓ. LA USUARIA DESEA DENUNCIAR EL HECHO. DICE QUE NO ES LA PRIMERA VEZ QUE OCURRE, PERO ELLA NO LO HABÍA IDENTIFICADO COMO UNA AGRESIÓN HASTA AHORA. ELLA YA SE SALIÓ DE LA CASA Y SE FUE A VIVIR JUNTO CON SU MENOR HIJA A CASA DE SUS PADRES. RECIBIRÁ TERAPIA",0,0.333333333333333,0,0.666666666666667,1,0,0
13630,"USUARIA REFIERE QUE SU EX PAREJA ACUDIO A SU DOMICILIO EL DIA DE ANTIER PIDIENDOLE RETOMAR LA RELACION, Y LE PEDIA TENER RELACIONES SEXUALES LA USUARIA LE DIJO QUE YA NO, LA USUARIA MENCIONA QUE SU EX PAREJA SE EXALTO Y LE DIJO DE SEGURO ANDAS DE PUTA CON OTRO, MENCIONA LA USUARIA QUE LA TOMO DEL CUELLO EJERCIENDO FUERZA SOBRE EL Y DESPUES LA AVENTO CONTRA LA CAMA, ELLA LO EMPUJO , COMENTA QUE EL SE LLEVO UNA CARPETA DONDE ELLA GUARDABA SUS DOCUMENTOS PERSONALES DE ELLA Y SUS HIJOS, Y COMENTA QUE AYER LLEGO NUEVAMENTE AL DOMICILIO A DEJARLE UN CITATORIO DEL DIF.",0,1,1,1,0.666666666666667,0,0
13659,"USUARIA REFIERE QUE EL DÍA DE AYER ELLA LLEGO DEL TRABAJO SU ESPOSO COMENZO A RECLAMARLE DE PORQUE LLEGABA TARDE, ELLA LE MENCIONA QUE EL AUTOBUS SE DESCOMPUSO A LO QUE EL LE DIJO TU CREES QUE SOY UN PENDEJO, LA JALO DEL CABELLO, LA TOMO DEL CUELLO DURANTE 10 MINUTOS, COMENTA QUE YA NO PODÍA RESPIRAR, DESPUÉS LA SOLTÓ, LA CORRIÓ DEL DOMICILIO PERO COMO EL YA SE IBA AL TRABAJO ELLA DECIDIÓ QUEDARSE, EL SE FUE AL TRABAJO, MENCIONA QUE HOY EN LA MAÑANA EL LLEGO Y LE DIJO QUE SE VA A IR Y QUE SE VA A LLEVAR A LA NIÑA, Y QUE EN SEIS MESES SE LA REGRESA SI QUIERE. POR LO QUE ELLA SE SALIO DEL DOMICILIO PARA IRSE CON SU HERMANO, QUE VIVE CERCA DE AHI, Y DESPUES ACUDIO AQUI.",0,1,0,1,0,1,0
13662,"USUARIA ACUDE EN COMPAÑÍA DE SU MADRE, REFIERE QUE DESDE HACE 4 AÑOS SU CUÑADO LE HACE TOCAMIENTOS EN SUS GENITALES Y QUE EN UNA OCASIÓN MIENTRAS ELLA ESTABA DORMIDA EL LA DESPERTO INSINUANDOLE QUE QUERIA TENER RELACIONES SEXUALES CON ELLA.",0,0,0,0.666666666666667,1,0,0
13663,"MENOR DE EDAD ACOMPAÑADA POR SU MADRE QUIEN REFIERE QUE SU HIJA EN LA MAÑANA LE COMENTO QUE EL DÍA MARTES EN LA MADRUGADA CUANDO TODOS ESTABAN DORMIDOS SU PADRASTRO ENTRO AL CUARTO, ELLA ESTABA DORMIDA, Y CUANDO DESPERTÓ EL SE ENCONTRABA DESNUDO, ELLA TENIA SU ROPA Y AL VERLO SE QUEDO SORPRENDIDA EL SE SALIO DEL CUARTO SIN DECIR NADA.",0,0,0,0.666666666666667,1,0,0
13664,"LA USUARIA MANIFIESTA QUE EL DÍA DE AYER A LAS 13 HORAS, LA USUARIA PRETENDÍA SACAR SUS PERTENENCIAS DEL DOMICILIO CONYUGAL PUES HACÍA UNA SEMANA HABÍA DECIDIDO QUE YA NO QUERÍA STAR MÁS CON SU ESPOSO. ÉL SE MOLESTÓ, DICIÉNDOLE QUE PORQUÉ LE HACÍA ESO, LA ESTRUJÓ Y ROMPIÓ LO QUE LA USUARIA PRETENDÍA LLEVARSE (PANTALLA, PUERTAS DE LA CASA, COMPUTADORA DE ESCRITORIO, LAPTOP, TAZA DEL BAÑO, PARRILLA ELÉCTRICA, ESTUFA, MESA, COMEDOR, VENTILADOR, LAVABO) LA USUARIA YA PRESENTÓ DENUNCIA, Y ACUDE AL PROTOCOLO, ADEMÁS DE DESEAR ASESORÍA LEGAL PARA DIVORCIARSE.",0,1,1,0.666666666666667,0,0,0
13688,"USUARIA MENOR DE EDAD ACUDE ACOMPAÑADA POR SU PADRE, MENCIONA QUE HACE 5 MESES ELLA INICIO UNA RELACION CON UN HOMBRE DE 22 AÑOS CON QUIEN SE FUE A VIVIR CON EL, MENCIONAN QUE LE PROHIBIA QUE ELLA TUVIERA COMUNICACION CON SU PADRE, Y FUE HASTA HACE APROXIMADAMENTE 3 O 4 SEMANAS QUE LA USUARIA LE LLAMO A SU PADRE PARA QUE FUERA POR ELLA, YA ESTANDO CON SU PADRE LE CONTO QUE SU PAREJA LA GOLPEABA, MENCIONA QUE LE DABA PUÑETAZOS EN LA CABEZA, LE DEICA ESTAS LOCA, ERES UNA PENDEJA, EL PADRE MENCIONA QUE CUANDO FUE POR ELLA SU HIJA TENIA MORETONES EN LOS BRAZOS, TAMBIEN COMENTAN QUE INCITABA A A LA AMENOR A CONSUMIR DROGAS, MENCIONA QUE EL PASA CONSTANTEMENTE POR SU CASA Y ELLA TIENE MIEDO YA QUE EL LE DECIA CUANDO TE VEA CON ALGUIEN MAS TE VOY A MATAR.",0,1,0,1,0,0,0
13690,"LA USUARIA REFIERE QUE EL DIA JUEVES SU EX PAREJA LE PIDIO ""CHANCE"" DE QUEDARSE A DORMIR EN LA CASA DE ELLA. ELLA ACEDIO. EL DIA VIERNES POR LA TARDE ELLA E DIJO QUE YA SE RETIRAR QUE ELLA SE HACIA CARGO DE LOS NIÑOS EL LE QUISO HACER CARIÑOS EN EL CABELLO QUE SI QUERIA VOLVER ELLA REPSPONDIO QUE YA LA SOLTARA. EL REACCIONO METIENDOLE UN GOLPE EN LA BOCA A PUÑO CERRADO Y LE DIJO QUE NO IBA A SALIR A NINGUN LADO ENCERRANDOLA EN EL CUARTO. ELLA ACUDIO A LA CRUZ ROJA. DESEA PRESENTAR DENUNCUA ANTE EL MP.",0.333333333333333,1,0.333333333333333,1,0,0.333333333333333,0
13695,"REFIERE USUARIA QUE DESDE QUE SE SEPARO DEL PADRE DE SUS HIJOS, EL NO LA APOYA ECONOMICAMENTE , ASI COMO TAMBIEN EL DIVORCIO Y SABER SI ELLA PUEDE QUEDARSE CON LA CASA , DESEA ASESORIA JURIDICA.",1,0,0,0.666666666666667,0,0,0
13701,"LA USUARIA MANIFIESTA QUE APROXIMADAMENTE A LAS 06:00 PM EL AGRESOR QUE ES SU VECINO COMENZARON A PELEAR POR LA SITUACION DE QUE EL VECINO TIENE CONFLICTOS CON SU HIJO Y POR DEFENDERLO, EL AGRESOR LE DIO UNA PATADA EN EL MUSLO A LA USUARIA DANDOLE PUÑETAZOS EN LA ESPALDA E INSULTANDOLA DICIENDOLE ""NO TE METAS, PINCHE VIEJA PUTA"" DESEA DENUNCIAR LOS HECHOS DE VIOLENCIA, TOMAR TERAPIA PSICOLOGICA.",0,1,0,1,0,0,0
13702,"LA USUARIA MANIFIESTA QUE HACE DOS MESES EL AGRESOR QUE ES SU ESPOSO COMENZARON A DISCUTIR POR UNAS DEUDAS QUE EL TIENE Y EMPUJANDOLA Y DANDOLE UNA CACHETADA, E INSULTANDOLA "" ERES UNA RATERA PUTA PENDEJA"" ELLA NO DESEA DENUNCIAR LOS HECHOS, TOMARA TERAPIA PSICOLOGICA GRUPAL , SE LE BRINDA EL APOYO PARA LA RECUPERACION DE SUS HIJOS ELLA DICE QUE LA PENSARA.",0.666666666666667,1,0,0.666666666666667,0,0.333333333333333,0
13707,"LA USUARIA DICE QUE ELLA FUE A BUSCAR AL AGRESOR PARA PEDIRLE DINERO PORQUE NO COMPLETA PARA SU HIJA DE LOS GASTOS, ELLA DICE QUE LO TOMO DE LA CAMISA PARA QUE NO SE FUERA EL LA TOMO DEL BRAZO Y LA TUMBO VIENDO LA SITUACION LA OFICIAL DE AHI LLAMO Y DETUBIERON A LA USUARIA POR TAL SITUACION, DESEA TRAMITAR LA PENSION DE ALIMENTOS PARA SU HIJA 
ELLA DICE QUE EL AGRESOR PRESENTO UNA DENUNCIA DE ESOS HECHOS",1,1,0,0.666666666666667,0,0,0
13711,"REFIERE USUARIA QUE EL DIA DE AYER A LAS 21:30 HRS DE LA NOCHE ELLA ESTABA EN SU DOMIICLIO EN CASA DE LA MAMA DEL AGRESOR , EL LE PIDIO CENAR PERO ELLA LE DIJ QUE NO PORQUE NO LEDIO DINERO , EL LE AREBATO EL CELULAR , A SU HIJO, ELLA SE LEVANTO COMENZARON A PELEAR Y EL LA AVENTO CONTRA LA VENTANA SE ABRIO LA CABEZA SU MAMA LOS CORRIO DE LA CASA , ELLA DESEA PRESENTAR DENUNCIA,",0.666666666666667,1,0.666666666666667,0.666666666666667,0,0.333333333333333,0
13730,"MADRE DE LA MENOR DE EDAD ACUDE CON OFICIO DE CANALIZACION, LA MADRE MANIFIESTA QUE EL PASADO VIERNES UN SUJETO LE HIZO SEÑAS Y LLAMABA A SU MENOR HIJA A QUE SE ACERCARA AL VEHÍCULO, ESTOS HECHOS SE PRESENTO DENUNCIA EL DÍA LUNES EN LA UNIDAD DE INVESTIGACION, SE HACE CANALIZACION PARA QUE SE DE SEGUIMIENTO A LA DENUNCIA, Y SE OFRECE SERVICIO DE PSICOLOGIA.",0,0,0,1,0.333333333333333,0,0
13741,"USUARIA REFIERE QUE EL DIA DE ANOCHE APROXIMADAMENTE COMO 2:00 AM SU EX PAREJA SE METIO A SU DOMICILIO TUMBANDO UNA PUERTA Y ELLA CUANDO LO MIRO SALIO CORRIENDO, YA QUE EL ES UNA PERSONA MUY AGRESIVO Y ESTE SE FUE ATRAS DE ELLA Y LA ALCANZO Y SE LA LLEVO ARRASTRANDO HASTA SU DOMICILIO Y AHI EL TOMO UN CUCHILLO DICIENDOLE QUE LA IBA A MANDAR A LA VERGA, MENCIONA QUE LE DIJO QUE SE SUBIERA A SU CAMIONETA, Y ELLA SE SUBIO Y SE LA LLEVO A UNA COLONIA Y EL SE BAJO CON UN AMIGO Y AHI ES CUANDO ELLA APROVECHO PARA SALIO CORRIENDO Y SE METIO A UNA FIESTA Y AHI ELLA LE HABLO A SU AMIGA PARA QUE FUERA POR ELLA",0,0.666666666666667,1,1,0,0,0
13747,"USUARIA REFIERE QUE DURO EN UNION LIBRE 6 AÑOS CON QUIEN PROCREO UN HIJO DE 5 MESE DE EDAD, HACE 4 MESES APROXIMADAMENTE SE SEPARARON. MENCIONA QUE EL DIA DE AYER A LAS 23:00 HRS ELLA ACUDIO AL DOMICILIO DE SU EX PAREJA A RECOGER AL MENOR EN COMUN, NO SE LO QUERIAN REGRESAR, LA MAMA DEL AGRESOR COMENZO A DECIR ""ERES UNA ZORRA, ERES UNA PUTA, ERES UNA PENDEJA, TE VAMOS A QUITAR A LOS NIÑOS PORQUE ANDAS DE ZORRA"". CUANDO LE ENTREGAN AL HIJO ELLA SE DA LA VUELTA Y SU EX SUEGRA LE DICE ""ERES UNA HIJA DE TU PUTA MADRE"" LA JALONEA DEL CABELLO, ELLA TRAIA AL NIÑO EN BRAZOS CUANDO SU EX PAREJA COMIENZA A DARLE PATADAS PARA QUE SE CALLERA, PERO ELLA AGARRA FUERTEMENTE AL NIÑO PARA QUE NO SUCEDIERA, DURANTE LAS AGRESIONES , EL AGRESOR LE QUITA AL NIÑO, Y COMIENZA A GOLPEARLA EN EL ROSTRO CON EL PUÑO CERRADO, SE LE CAE EL TELEFONO, LA EX SUEGRA LA SUELTA, EL AGRESOR IBA CAMINANDO PARA LLEVARSE A LOS HIJOS DE ELLA, ( LA MAYOR NO ES HIJA DE EL), LLEGA AL DOMICLIO Y EL SE ENCIERRA.. LA USUARIA MARCA A UNA PATRULLA PERO NUNCA ACUDIO AL AUXILIO. SE REGRESA A SU DOMICILIO PARA COMENTARLE A SU MAMA LO SUCEDIDO, ACUDEN NUEVAMENTE AL DOMICILIO DE SU EX PAREJA, PARA RECUPERAR A SUS HIJOS, SE LOS ENTREGAN A LA MAMA DE LA USUARIA. EL AGRESOR AMENAZO CON UNA NAVAJA A LOS HERMANOS DE LA USUARIA DE 16 Y 14 AÑOS. LA USUARIA DESEA DENUNCIAR Y RECIBIR UNA MEDIDA DE PROTECCION.",0,1,0,1,0,0.666666666666667,0
13750,"USUARIA REFIERE QUE EL DIA DE ANOCHE TUVO UNA DISCUSION CON SU EX PAREJA POR QUE SE ENTERO DE QUE ELLA ESTABA CON ALGUIEN MAS Y EL LE EMPEZO A DECIR QUE POR QUE TENIA ALGUIEN MAS QUE SI EL TODAVIA LA QUERIA Y EL QUERIA LLEGAR A LA CASA Y SEGUIR MANDANDO Y EL SE MOLESTO POR QUE YA NO ERA LO MISMO, MENCIONA QUE EN LA MAÑANA DEL DIA DE HOY EL LE HABLO A UNA HIJA QUE TIENEN EN COMUN, DONDE LE DECIA QUE IBA A QUEMAR LA CASA, PERO ELLA HIZO ZASO OMISO YA QUE ANTERIORMENTE YA LA HABIA AMENAZADO CON HACERLO Y NUNCA LO HABIA HECHO Y ELLAS ESTABAN EN CASA UNA AMIGA DESDE LA NOCHE DEL VIERNES YA QUE NO SE SENTIAN SEGURAS EN SU CASA POR LAS AMENAZAS DE SU EX PAREJA, MENCIONA QUE CUANDO SU EX PAREJA LE DIJO A SU HIJA QUE IBA A QUEMAR LA CASA ELLA SE FUE PARA LA CASA PARA SACAR UNAS COSAS, ELLA SALIENDOSE MIRO QUE SU PAPA ANDABA ECHANDO ALGO EN LA CASA Y LUEGO LE PRENDIO FUEGO",0,0,0.666666666666667,1,0,0,0
13751,"USUARIA REFIERE QUE ELLA ESTA SEPARADA Y HOY APROXIMADAMENTE ALAS 6:00 AM ELLA LE HABLO A SU EX PAREJA QUE DONDE ESTABA Y EL LE DIJO QUE ANDABA COMPRANDO GORDITAS Y AL LLEGAR ELLA LE EMPEZO A DECIR QUE DONDE ANDABA Y EMPEZARON A DISCUTIR Y EL LE DIO UN PUÑETASO EN LA NARIZ Y LE QUISO DAR OTRO EN LA CARA PERO LE DIO EN EL BRAZO, MENCIONA QUE AHI SALIO CORRIENDO Y ELLA SE FUE ATRAS DE EL Y FUE Y SE METIO A SU CASA Y ELLA ENTRO, SEGUIAN DISCUTIENDO Y AHI LA INTENTO AHORCAR, DANDOLE OTROS PUÑETASOS EN LA CARA Y SU FAMILIA NO LA DEJABA SALIR DEL DOMICILIO, PARA QUE EL SE LOGRARA ESCAPAR",0,1,0,1,0,0,0
13770,"USUARIA MENCIONA QUE TIENE UNA RELACIÓN DE 9 AÑOS, POR TEMPORALIDADES VIVEN JUNTOS, MENCIONA QUE HACE UNA SEMANA ELLA SE ENCONTRABA VIVIENDO EN EL DOMICILIO DE EL, COMENTA QUE SE ENOJARON Y ELLA NO HABÍA IDO A CASA DE EL Y AYER FUE A VERLO Y ENCONTRÓ QUE EL ESTABA CON OTRA MUJER, MENCIONA LA USUARIA QUE ELLA LE HIZO EL RECLAMO DE QUE HABÍA INGRESADO A OTRA MUJER POR LO QUE EL LA EMPUJO, LA TOMO DE LOS BRAZOS, MENCIONA QUE ELLA LE ALCANZO A DAR UNA CACHETADA, ELLA SE CAYO Y EL COMENZÓ A DARLE DE PATADAS, EN EL CUERPO Y BRAZOS, COMENTA QUE LA MUJER QUE ESTABA AHÍ CON EL, LLAMO A LA POLICÍA Y CUANDO LLEGARON EL COMENZÓ A DECIR QUE ESA ERA CASA DE EL Y QUE ELLA LLEGO A MOLESTAR, MENCIONA QUE A PESAR DE QUE ELLA ENSEÑO SUS GOLPES, SE LA LLEVARON DETENIDA A ELLA, DEJANDO A SUS HIJOS Y SU MUEBLE EN EL DOMICILIO DE SU PAREJA. MENCIONA QUE NO ES LA PRIMERA VEZ QUE LA GOLPEA",0,1,0.333333333333333,0.666666666666667,0,0.333333333333333,0
13773,"USUARIA REFIERE QUE DESPUES DE 19 AÑOS DE VIVIR EN UNIO LIBRE HACE 4 MESES QUE SE SEPARON, MENCIONA QUE TIENE UN MES QUE EL ACUDE EN ESTADO DE EBRIEDAD, COMENTA QUE EL SABADO FUE AL DOMICILIO Y LE DIJO A SU HIJO DE 18 AÑOS QUE SE FUERA DE LA CASA, QUE LO QUERIA MATAR, COMENTA QUE LA USUARIA SE ENOJO Y SE LE FUE ENCIMA POR LO QUE EL COMENZO A JALONEAR A LA USUARIA, QUIEN TRAE HEMATOMAS EN BRAZOS Y PIERNAS, LOS AMENAZABA DE MUERTE A ELLA Y A SUS HIJOS, 
MENCIONA QUE SU HERMANO TUVO QUE INTERVENIR, PARA QUE SOLTARA A LA USUARIA SU HERMANO LE TUVO QUE DAR CON UN PALO Y MENCIONA QUE LE OCASIONO UNA HERIDA, LLEGO LA POLICIA Y SE LLEVARON A SU HERMANO. COMENTA QUE PARA PODER SACARA AL HERMANO DEL MINISTERIO PUBLICO EL ACUDIO A RETIRAR CARGOS QUE MENCIONA QUE FIRMARON UNA ACTA EN EL QUE ELLA DEBIA PRESTARLE A LOS MENORES, PERO LA USUARIA MENCIONA NO ESTAR CONFORME PORQUE EL LOS HA AMENAZADO DE MUERTE Y CONSUME DROGAS",0,1,0,1,0,0.333333333333333,0
13780,"USUARIA REFIERE QUE HOY APROXIMADAMENTE A LAS 4:00 AM ELLA SE ENCONTRABA TOMANDO EN CASA DE SU PAPA Y MADRASTRA Y ELLA YA SE IBA A RETIRAR DEL DOMCILIO Y ESTABA MARCANDO A LAS BASES DE TAXIS PERO NO LE CONTESTABAN Y ELLA TRAIA NUMEROS DE ALGUNOS TAXISTAS Y LE HABLO A TRES PERO ESE FUE EL UNICO QU ELE CONTESTO, MENCIONA QUE ELLA YA ESTABA ALGO TOMADA Y ELLA TRAIA A SU MENOR HIJA DE 2 AÑOS Y CUANDO YA LE DEJO EN SU DOMICILIO ELLA LE ESTABA PAGANDO FUE CUANDO EL LA ESTIRO Y LA ABRAZO LE EMPEZO A TOCAR SUS PECHOS Y LE QUERIA METER LA MANO DEBAJO DEL VESTIDO PERO ELLA COMO PODIA SE LO QUITABA",0,0,0,0.666666666666667,1,0,0
13786,"USUARIA REFIERE QUE CONSTANTEMENTE SU EX PAREJA ACUDE AL DOMICILIO E INGRESA CUANDO ELLA ESTA DORMIDA, MENCIONA QUE LA INSULTA DICIENDOLE QUE ELLA ES UNA PUTA, UNA ZORRA, UNA DESCARADA, MENCIONA QUE TIENEN 4 MESES SEPARADOS DEBIDO A LOS CONSTANTES CELOS Y QUE EN DIFERENTES OCASIONES AHORCARLA, LA HA AMENAZADO DE MUERTE CON UN CUHILLO, LA USUARIA MENCIONA QUE APROXIMADAMENTE EN ENERO LE DIO UN PUÑETAZO EN LA BOCA, Y EN EL CUERPO, MENCIONA QUE EN ESA OCASIÓN PARA DEFENDERSE LO HIRIÓ CON UN CUCHILLO, YA QUE EL LA JALO DEL PIE Y DESPUÉS LA GOLPEO, ELLA SE ENCUENTRA DE 36 SEMANAS DE EMBARAZO Y MENCIONA QUE NO HA PODIDO TENER UN EMBARAZO TRANQUILO Y QUE POR ESO DECIDIO SEPARSE DE EL HACE 4 MESES PERO EL NO HA DEJADO DE MOLESTARLA.",0,0.666666666666667,0.333333333333333,0.666666666666667,0,0,0
13787,"USUARIA REFIERE QUE EL VIERNES PASADO OTRA VEZ SUS VECINOS LE QUEBRARON LOS VIDRIO DE SU CASA, LE ROBARON EL MEDIDOR DEL AGUA Y LE QUITARON LA LUZ Y EL DIA DE AYER TUVIERON UNA DISCUSION DONDE LE DICE QUE LE VA A DESAPARECER A SU HIJO, QUE ES UNA PUTA",0,0,1,0.666666666666667,0,0.666666666666667,0
13788,"LA USIARIA MANIFIESTA QIE A LAS 2AM, SE ENCONTRABA ELLA EN SU DOMICILIO, RECIÉN HABÍA REGRESADO DE UNA POSADA. SU EX PAREJA LE PIDIÓ QUEDARSE A DORMIR AHÍ, ELLA LE DICE QUE SI, PERO QUE ELJOS, Y SÓLO POR HACERLE EL FAVOR. LA USUARIA DICE QUE SE DESPERTÓ PORQUE SINTIÓ UN DOLOR EN LOS SENOS, Y A ÉL CERCA DE ELLA, PERO SE VUELVE A DORMIR. LA USUARIA AL DESPERTARSE EN LA MAÑNA, FUE A ORINAR Y AL LIMPIARSE VIO UNA SUSTANCIA, COMO SEMEN. ELLA SALE DEL BAÑO Y LO CORRE DE SU CASA, LUEGO LE ESTUVO MANDANDO MENSAJES PARA RECLAMARLE. DESDE ENTONCES HA ESTADO EN TRATAMIENTO PSICOLÓGICO, Y SE ANIMÓ´A DENUNCIAR AHORA. TAMBIÉN DESEA ASESORÍA LEGAL SOBRE GYC Y PA",0.333333333333333,0.333333333333333,0,0.666666666666667,1,0,0
13797,"LA US. REFIERE ESTAR CASADA POR BIENES MANCOMUNADOS DESDE HACE 16 AÑOS. ELLA HA VIVIDO CON MALTRATOS, INSULTOS, GILPES, INFIDELIDADES Y HUMILLADA. 
EL DIA VIERNES LA CORRIO DE LA CASA. EL DOMINGO IBA POR SU ROPA Y LE DIJO ""NO TE VOY A DAR NADA""
ELLA QUIERE VER DIVORCIO, ALIMENTOS, GUARDIA Y CUSTODIA.( NO QUIERE QUE ÈL LOS TENGA, POR QUE CUANDO ESTAN CON ÈL, LES OFRECE ALCOHOL.",0.333333333333333,0.666666666666667,1,1,0,0.666666666666667,0
13803,"USUARIA REFIERE QUE ELLA FUE A CASA DE SU EX SUEGRO A LLEVARLE COMIDA, MENCIONA QUE EL LE AGARRO SU MANO PARA QUE LES TOCARA SUS PARTES INTIMAS, ELLA LE DECIA QUE NO QUE ESO NO ESTABA BIEN Y LE EMPEZO A TOCAR SUS BUBIS Y EL LA TOMABA DE LA CABEZA HACERCANDOLA A SU MIEMBRO",0,0.333333333333333,0,0.666666666666667,1,0,0
13818,"USUARIA REFIERE QUE EL DIA JUVES AL REDEDOR DE LAS 21:00 HRS DE LA NOCHE ELLA SE ENCONTRABA DURMIENDO, ELLA SINTIO QUE LE BAJAN SU SHORT Y DESPIERTA Y ERA SU ESPOSO EL CUAL SE ENCONTRABA BAJO EFECTOS DE LAS DROGAS, Y ELLA LE PREGUNTA QUE PASABA, EL REACCIONA VIOLENTO Y LE DA UN GOLPE EN SU OJO DERECHO Y ELLA PIERDE EL PIERDE EL CONOCIMIETO POR ALGUNOS MINUTOS, CUANDO ELLA COBRA CONCIENCIA EL SEGUIA GOLPENDO CON EL PUÑO EN SU CARA Y EN VARIAS PARTES DE SU CUERPO, LUEGO LA TOMA DEL CUELLO Y LE REFIERE QUE LA IBA A MATAR, LUEGO ENTRA SU HIJO Y SE LO RETIRA, UNA VECINA SE DA CUENTA Y HABLA A UNA PATRULLA, LA VECINA LA SACA DEL DOMICILIO, CUANDO LLEGA LA UNIDAD POLICIACA ELLA REGRESA A SU DOMICILIO EN EL CUAL SE ENCONTRABA UNA DE SUS CUÑADAS LA CUAL LA EMPEZO A INSULTAR Y EVITA QUE SE LLEVEN A SU ESPOSO. USUARIA SE RESGUARDO EN CASA DE SU HIJA EL NO LA HA VUELTO A BUSCAR. DESEA PRESENTAR DENUNCIA POR LOS HECHOS EN MENCION, TRAMITAR DIVORCIO Y RECIBIR APOYO PSICOLOGICO. USUARIA SE SIENTE SEGURA EN CASA DE SU HIJA. CABE HACER MENCION QUE REFIERE LA USUARIA QUE SU ESPOSO HACE UN AÑO QUE DECIDIO IRSE, PERO CADA VEZ QUE EL QUIERE LA BUSCA EN EL ASPECTO SEXUAL.",0,1,0,1,0.666666666666667,0,0
13823,"REFIERE USUARIA QUE A LAS 22:00 HRS DE LA NOCHE, SU EX PAREJA FUE A SU DOMICILIO , ELLA SALIO Y EL ESTABA MOLESTO, ELLA LO SIGUIO , LA INSULTO LE DIJO QUE VALIA PURA VERGA , LA AGARRO DEL CUELLO PARA ESTRANGULARLA , DELANTE DE SU MENOR, EL LLORO Y LA SOLTO, Y EL AGRESOR SE FUE, ELLA DESEA PRESENTAR DENUNCIA ANTE MINISTERIO PUBLICO.",0,1,0,1,0,0,0
13835,"USUARIA REFIERE QUE TIENE MUCHO TIMPO CON PROBLEAS CON SU PAREJA CONSTANTEMENTE LE DICE A ELLA Y A SUS MENORES HIJOS QUE NO SIRVEN PARA NADA, QUE SON UNOS PENDEJOS, MENCIONA QUE A ELLA LE DICE ERES UNA PUTA, TU ANDAS CON ALGUIEN, DE FORMA DIARIA LE DABA ACARICIAS AGRESIVAS, GRITOS, Y PLEITOS, MENCIONA QUE AYER POR LA TARDE AGARRO UN TAXI CON SUS TRES HIJOS Y TE FUISTE A LA CASA DE SU HERMANA, Y COMO LE DIJERON QUE S PAREJA IBA A CASA DE SU HERMANA ELLA DECIDIÓ IRSE CON SU MAMA, Y HOY POR LA MAÑANA EL ACUDIO A CASA DE SU MAMA, Y COMENZARON A PLATICAR ELLA POR DENTRO DE LA CASA Y EL AFUERA EN EL PORTÓN, ELLA LE EXPLICO QUE YA ESTÁN HARTOS DE MUCHO PLEITO E INSULTOS, EL LE DIJO A SUS HIJOS QUE SE REGRESARAN, SU HIJA LA MAYOR LE DIJO QUE EL YA NO REGRESARÍA, EL LE GRITO QUE VA MONOS TU ERES MENOR DE EDAD, COMENZÓ A JALARLA, LA USUARIA AGARRA A LA MENOR Y LE DICE VETE A DENTRO DE LA CASA, MENCIONA QUE EL LA AGARRA CON EL ANTEBRAZO SUJETÁNDOLA DEL CUELLO, LA JALABA DE LOS BRAZOS, MENCIONA QUE SUS HERMANO INTERVINO, EL COMENZÓ A AMENAZAR QUE IBA A IR A QUEMAR LA CASA, Y ELLA LA VA A MATAR, LLAMARON A LA PATRULLA PERO SE FUE DE LA CASA,",0,0.666666666666667,0,1,0,0.333333333333333,0
13850,"LA USUARIA REFIERE QUE EL DIA DE AYER ELLA NO FUE A TRABAJAR, DIA NO TRABAJADO NO PAGADO Y NO TENIA QUE COMER PARA SUS HIJOS Y ELLOS LE PEDIAN DE COMER. SUS HIJOS FUERON A PEDIRLE COMIDA A SYU ESPOSO EL NO TRABAJA Y EL SE SNOJO Y COMENZO A INSULTAR A SU ESPOSA DICIENDOLE ""NO SIRVES PARA NADA ""NI PARA MANTENER UNA FAMILIA"" Y LA EMPEZO A JALONEAR Y ESTRJAR ELLA SE LEVANTO A HCERLE DE COMER A LOS NIÑOS UNA SOPA QUE TENIA X AHI Y SE PUSO A RECOGER BOSTELLAS DE PLASTICOS PARA PODER VENDERLAS Y TENER PARA COMER EL AGRESOR SEGUIA INSULTANDOLA LE DIJO QUE ""ERA UNA BASUR""A QUE NO SERVIA PARA NADA"" ERES UNA PUTA"" UNA HUEVONA"" Y ELLA LE DIO UNA CACHETADA Y EL LE PEGO A PUÑO CERRADO CON LA BARBILLA ELLA SALIO A VENDER LAS BOTELLAS DE PLASTICO Y AL REGRESAR LES DIO DE COMER A LOS NIÑOS Y EL SE NEGABA QUE LOS NIÑOS COMIERAN ELLA LE DIJO QUE EL PROBLEMA ERA ENTRE ELLOS DOS NO ENTRE LOS HIJOS AL TEMRINAR DE COMER ELLA SE FUE A RECOSTAR Y EL FUE Y LE METIO OTRO FREGAZO A MANO ABIERTA EN EL PECHO. ELLA REFIERE QUE EN LA NOCHE UN PRIMO CERCANO A ELLA LE LLAMO A LA UNIDAD PERO ESTA NO LLEGO A SU DOMICILIO YA QUE UNA TIA DE EL LE DIJO A LA UNIDAD QUE NO QUE NO ERA AHI. ELLA COMENTA QUE EL SE DROGA CON CRISTAL. ELLA TEME POR SU SEGURIDAD QUE VAYA A BUSCARLA Y LE PUEDA CAUSAR ALGUN DAÑO A ELLA O ASUS HIJOS. DESEA QUE LA REVISE UN MEDICO Y REFUGIO YA QUE TEME QUE VAYA POR ELLA A CASA DE SU MADRE PARA CAUSARLE ALGUN DAÑO M,AYOR",0.333333333333333,1,0,1,0,0,0
13859,MADRE DE USUARIA MENOR DE EDAD REFIERE QUE HACE COMO TRES AÑOS ELLA LES DIJO A SUS HIJOS QUE IBAN A IR A CASA DE SU ABUELA Y LA MENOR LE DIIJO QUE NO QUERIA IR SI ESTABA LA PAREJA DE SU ABUELA Y ELLA LE PREGUNTO QUE POR QUE Y LA MENOR LE DIJO QUE UNA VEZ LA PERAJA DE SU ABUELA LE EMPEZO A TOCAR LA PIERNA Y LUEGO LE TOCO SUS PARTES ITIMAS Y ESO FUE HACE COMO 4 AÑOS CUANDO SU ABUELA LA CUIDADO DE LA MENOR.,0,0,0,0.666666666666667,1,0,0
13872,"LA USUARIA, HACE MENCIÓN QUE APROXIMADAMENTE 1:47 DE LA TARDE, EL SEÑOR EMPIEZA A DISCUTIR CON LA USUARIA Y ELLA LE DICE QUE DE QUIEN ES EL TELEFONO QUE ESDTA TIMBRANDO QUE NO ES EL DE EL, Y EL SE PONE AGRESIVO, Y LE DICE VEN MIRA EL CARRO,VENDO Y CONSUMO DROGA, DESPUES DE ESTO, LA METE HACIA EL DOMICILIO LA MUERTE EN AMBOS ANTEBRAZOS, LE JALO EL CABELLO, LE DIO PUÑETAZOS EN EL ESTOMAGO. LA USUARIA SOLICITA UNA MEDIDA DE PROTECCIÓN.",0,1,0.333333333333333,0.666666666666667,0,0,0
13891,"LA USUARIA MANIFIESTA QUE POR LA TARDE NOCHE, SE ENCONTRABA CONVIVIENDO CON UNOS AMIGOS AHÍ LA HABÍA INVITADO SU EXNOVIO CON QUIEN VIVIÓ EN U.L. POR UN AÑO Y TERMINÓ HACÍA 02 AÑOS ATRÁS PERO DICE QUE ÉL NO HA DEJADO DE BUSCARLA Y AGRESIVAMENTE PRETENDER QUE ELLOS VUELVAN A ESTAR JUNTOS Y ELLA ""LE SIGUE LA CORRIENTE"". LA USUARIA Y UNA AMIGA FUERON A LA TIENDA, SU EXNOVIO FUE ATRÁS DE ELLA, Y DE REPENTE LE DICE ""TE ENCANTA ANDAR DE PUTA"", LA TOMA DEL CABELLO Y LA TIRA AL PISO, LA ARRASTRA POR EL SUELO, LE ROMPE SU CELULAR Y LUEGO SE CALMA Y VUELVEN A CASA DEL AMIGO. DICE QUE NADIE HIZO NADA, LA USUARIA LE PIDE QUE LA LLEVE A SU CASA. UNA VEZ EN SU CASA SE BAJAN DEL VEHÍCULO DE ÉL Y ÉL CONTINUABA INSULTÁNDOLA, UNA PATRULLA PASABA POR EL LUGAR Y ÉL FUE A ESCONDERSE, LA USUARIA LE PIDIÓ AUXILIO, Y LE PROPORCIONAN UN NÚMERO DE WHATSAPP, DICE QUE PASARON 10 MIN Y SU EXPAREJA VOLVIÓ, ELLA SE COMUNICA, ACUDEN Y SE LLEVA A CABO LA DETENCIÓN Y ÉL ES PUESTO A DISPOSICIÓN DEL MP EN TURNO",0,1,1,1,0,0,0
13894,"USUARIA REFIERE QUE SU EX PAREJA ESTA METIDO EN LAS DROGAS Y ALUCINA MUCHAS COSAS, SIEMPRE LE DICE QUE SE METE CON HOMBRES Y QUE SE ESTA DROGANDO Y QUE LOS HOMBRES QUE ELLA SE METE ES POR DROGA, MENCIONA QUE EL DIA DE AYER TUVIERON UNA DISCUSION DONDE LE DIO UN PUÑETASO EN LA CABEZA TIRANDOLA AL PISO Y SIGUIERON DISCUTIENDO Y ELLA LE DIJO QUE MEJOR YA SE IBA A IR DE LA CASA , PERO ESTE NO LA DEJABA SALIR Y EN ESO LLEGO LA CUÑADA Y ELLA LE DIJO QUE ELLA SE IBA A IR CON ELLA Y ESTE LE DIJO QUE NO Y LE ARREBATO AL BEBE Y LA EMPUJO PARA FUERA DE LA CASA Y ESTE NO SE LO QUERIA ENTREGAR Y ELLA TENIA MUCHO MIEDO POR QUE EL ESTABA MUY DROGADO",0,1,0,0.666666666666667,0,0.666666666666667,0
13898,"REFIERE USUARIA QUE EL DIA DE AYER A LAS 23:00 HRS DE LA NOCHE , ELLA SE ENCONTRABA LLEGANDO A SU DOMICILIO TODO Y EL AGRESOR NO LE QUERIA ABRIR COMENZO A INSULTARLA , LE DIJ QUE ERA UNA PUTA , UNA PENDEJA, EL ABRIO DESPUES DE RATO, LE DIO UNA PATADA Y LA EMPEZO A GOLPEAR , LE DIO UN GOLPE EN LA CARA CON PUÑO CERRADO, EN LA CABEZA , EN LAS COSTILLAS Y EN LA MANO, QUEBRO DOS PANTALLAS, ELLA SE QUISO DEFENDER CON UNA HERRAMIENTA, A ELLA LA TIRO AL PISO Y LE DIO CON EL CASCO EN LA CABEZA, EL SE SUBIO A SU MOTO Y SE FUE, ELLA DESEA PRESENTAR DENUNCIA ANTE MINISTERIO PUBLICO.",0,1,0.333333333333333,1,0,0,0
13899,"LA USUARIA MANIFIESTA QUE APROXIMADAMANETE A LAS 1:30 PM EL AGRESOR QUE ES SU ESPOSO, ARRIBO AL DOMICILIO PARA GOLPEAR A LA USUARIA YA QUE EL LUNES LO DETUBIERON POR LA SITUACION DE QUE LA HABIA GOLPEADO ELLA DICE QUE SALIO EL VIERNES DE LOS TRIBUNALES Y LLEGANDO AL DOMICILIO COMENZO A INSULTARLA DECIRLE "" ERES UNA MIERDA NO SIRVES PARA NADA CHINGAS A TU MADRE"" DANDOLE PUÑETAZOS, GOLPES Y PATADAS, Y CON UN CUCHILLO AMENAZANDOLA. ELLA DESEA PRESENTAR DENUNCIA DE LOS HECHOS, TERAPIA PSICOLOGICA, DEMANDA DE GUARDA Y CUSTODIA PENSION DE ALIMENTOS",0.666666666666667,1,0,1,0,0,0
13923,"MENCIONA QUE SU PAREJA NO TRABAJA Y LA UNICA QUE TRABAJA ES ELLA, MENCIONA QUE DISCUTEN CONSTANTEMENTE PORQUE ELLA LE DA DE COMER A SU HIJO Y A SU PAPA, ELLA COMENTA QUE HOY POR EN LA MAÑANA ELLA SE ENCONTRABA DORMIDA Y ESCUHCA QUE EL ESTABA CORRIENDO A SU HIJO Y A SU PADRE DEL DOMICILIO, ELLA LE PIDE QUE SE VAYA DEL DOMICILIO Y EL LE CONTESTO QUE EN LA TARDE SU HERMANA LA IBA A IR A FILERIAR, ELLA ANGUSTIADA SE COMUNICO CON UN PERSONAL POR ESTA AMENEZA, EL ESCUCHO QUE ELLA ESTABA HACIENDO ESTA LLAMADO A LO QUE LA JALA DE CAMISA, Y LA AVIENTA CONTRA EL SUELO, LE MENCIONO QUE DE SEGURO LE IBAN HABLAR A LA POLICIA PERO ANTES DE QUE LLEGARAN LOS POLICIAS EL LA IBA A MATAR, DESPUES LA SOLTO Y SE FUE DEL DOMICILIO, CUANDO ESCUCHO LA SIRENA DE LA POLICIA, MENCIONA QUE DÍAS ANTES TAMBIÉN DISCUTIERON Y EL LA GOLPEO EN LOS BRAZOS, PUÑETAZOS EN LA CARA, Y ESPALDA. COMENTA QUE LA INSULTA CONSTANTEMENTE, LA CELA Y SE ADUEÑABA DEL DINERO QUE ELLA TRABAJABA , MENCIONA NO TENER RED DE APOYO SEGURA DEBIDO A QUE AQUI SOLO ESTA SU HIJO PERO ESTE CONSUME DROGAS, S ELE OFRECE REFUGIO PERO MENCION A QUE ELLA CUIDA A SU PAPA QUE ES UN SR. DE 80 AÑOS Y QUE SE ENCUENTRA EN SILLA DE RUEDAS",0.666666666666667,1,0,0.666666666666667,0,0,0
13924,"USUARIA REFIERE QUE TIENEN 5 MESES SEPARADOS, ESTO DEBIDO A QUE EL SE DROGABA CONSTANTEMENTE, Y SE COMPORTABA AGRESIVO, LA LLEGO A EMPUJAR Y JALONEAR CUANDO ELLA AUN SE ENCONTRABA A EMBARAZADA POR LO QUE MENCIONA LA USUARIA QUE ELLA DECIDIÓ IR SE AL DOMICILIO DE SUS PADRES, MENCIONA QUE SU BEBE NACIO, Y EL ACUDE A VISITAR A LA MENOR, AYER ESTABAN PLATICANDO Y ELLA LE DICE QUE DEBEN IR A REGISTRAR AL MENOR, Y EL COMENTO QUE CUAL ES LA PRISA, QUE YA PARA EL OTRO AÑO, MENCIONA QUE LA AMENAZA CON QUITARLE A LA MENOR, QUE MEJOR REGRESEN, MENCIONA QUE ELLA LE RESPONDIÓ QUE NO QUIERE REGRESAR CON EL Y QUE EL NO ES APTO PARA QUEDARSE CON LA NIÑA POR EL CONSUMO DE DROGAS, COMENZÓ A PELLIZCAR EN LAS COSTILLAS Y TAMBIÉN COMENTA QUE EL LA TOMO DEL CUELLO, Y LE DIJO NO ME ESTÉS CONTESTANDO, LA SOLTÓ, ELLA LE PIDE QUE SE RETIRE DEL DOMICILIO, EL DIJO QUE NO Y LE DIO UN PUÑETAZO EN LA RODILLA, Y SE RETIRO DEL DOMICILIO. MENCIONA QUE CONSTANTEMENTE LA CELA Y VIGILA TAMBIEN MENCIONA QUE CUANDO VIVIAN JUNTOS EL LA FORZO A TENER RELACIONES SEXUALES ¡, ESTANDO ELLA EMBARAZADA",0,1,0.333333333333333,1,1,1,0
13927,"REFIERE USUARIA QUE EL DIA DE HOY ELLA SE ENCONTRABA EN SU DOMICILIO CUANDO COMENZO A DISCUTIR CON SU PAREJA, EL ES ADICTO AL CRISTAL, Y CONSTANTE MENTE LA ISULTA COMO EL DIA DE HOY LE DIJO QUE ES UNA MANO DE CHICHARRON Y EL YA ALUCINA, EMPEZARON A DISCUTIR PORQUE EL LE DIJO QUE NO IBA A IR A TRABAJAR, EL LE EMPEZO A DECIR QUE ES UNA MIERDA, MARRANA , PINCHE TAMAL MAL AMARRADO, CHINGA TU MADRE, PENDEJA, ELLA LE DIJO QUE NO LA INSULTARA ELLA CARGO A SU HIJO, Y EL SE LO QUITO, Y COMENZO A PEGARLE , Y DARLE PATADAS, ELLA LE MARCO A LA POLICIA Y EL SALIO CORRIENDO, CUANDO LLAMO A LA POLICIA, LLEGO LA POLICIA PERO NO LO DETUVIERON PORQUE EL YA NO ESTABA, DESEA PRESENTAR DENUNCIA ANTE MINISTERIO PUBLICO.",0.333333333333333,1,0,1,0,0.333333333333333,0
13935,"REFIERE USUARIA QUE VIVE VIOLENCIA FAMILIAR POR SU PAREJA, ELLA NO TIENE RECURSOS TIENE DOS HIJOS MENORES DE EDAD , RWEFIERE QUE EL DIA DOMINGO A LAS 23:00 HRS , ELLA SE ENCONTRABA LLEGANDO A SU DOMICILIO DE LA CASA DE SU MAMA , CUANDO SE ACOSTO Y SE DIO CUENTA QUE SU PAREJA LA ESTABA ESPIANDO SUBIDO EN UNA ESCALERA , ELLA LO VIO QUE BAJO Y SE SALIO DE LA CASA , DESPUES ENTRO Y CERRO LA PUERTA RECIO PARA QUE PARECIERA QUE APENAS HABIA LLEGADO, EL SE ACOSTO EN LA CAMA Y COMENZO A RECLAMARLE ALA USUARIA QUE DE SEGURO ANDABA CON ALGUIEN , EL COMENZO A CORRERLA DEL CUARTO PERO ELLA NO SE IBA, EN ESO EL SE EMPEZO A PONER AGRESIVO Y LA CORRIO, ELLA NO SE VINO ANTES PORQUE ESPERO LA GRADUACION DE SU ENOR HIJA DE LA PREPA , PERO HACE DOS DIAS ELLA DECIDIO SALIRSE DE SU DOMICILIO Y SE ENCUENTRA EN UN CUARTITO QUE LE RENTARON POR UN DIA , DESEA REFUGIO Y QUE LA APOYEN CON TERAPIA PSICOLOGICA PARA ELLA Y SUS HIJOS.",0.333333333333333,0,0.333333333333333,1,0,0,0
13942,"LA USUARIA MANIFIESTA QUE APROXIMADAMENTE A LA S 9:30 PM EL AGRESOR QUE ES SU CONCUBINO VIVIENDO EN UNION LIBRE BAJO LOS EFECTOS DEL ALCOHOL COMENZO A PELEAR CON LA USUARIA POR SITUCIONES ECONOMICAS DICIENDOLE "" NO SIRVES NI COMO MADRE NI COMO MUJER ERES UNA MIERDA"" DANDOLE UN PUÑETAZO EN EL OJO DERECHO Y PARTE DE LA CABEZA ELLA LLAMOS Y SE ECUENTRA DETENIDO, DESEA PRESENTAR DENUNCIA DE LOS HECHOS, PASARA A LA AREA JURIDICA PARA LA GUARDA Y CUSTODIA, TERAPIA PSICOLOGICA",0.333333333333333,1,0,1,0,0,0
13955,"REFIERE USUARIA QUE EL DIA DE AYER POR LA MADRUGADA, ELLA SE ENCONTRABA EN SU DOMICILIO CON SUS HIJAS MENORES Y SU HIJA MAYOR VENIAS LLEGANDO DE UNA FIESTA , QUE LA LLEVO EL PAPA DE UNA AMIGA Y , CUANDO SU EX PAREJA LLEGO Y LE DIJO GRITANDO , ESE PINCHE VIEJO ES TU AMANTE VERDAD , VAS A VER, VAS A VALER MADRE, SI NO ES CONMIGO NO VA A SER CON NADIE, TE VOY A MATAR , ESTRUJO A LA USUARIA Y A SU HIJA LA AVENTO,, SE METIO A LA CASA Y LAS SACO, SU HIJA ARCO A LA POLICIA Y CUANDO LLEGO LA UNIDAD LE PIDIERON QUE SE RETIRARA DEL DOMICILIO, ELLA DESEA PRESENTAR DENUNCIA ANTE MINISTERIO PUBLICO, Y ASESORIA JURIDICA PARA DIVORCIO, GUARDA Y CUSTODIA , PENSION.",0.666666666666667,1,0.333333333333333,1,0,0,0
13960,"USUARIA REFIERE QUE EL DIA SABADO APROXIMADAMENTE A LAS 6:00 PM SU EX PAREJA FUE A SU DOMICILIO A BAJARLE LA PALANCA DE LA LUZ PATEARLE LA PUERTA PARA QUE LE ABRIERA Y ELLA LE ABRIO Y AHI EMPEZARON LOS FORCEJEOS DANDOLE PUÑETASOS EN LOS BRAZOS, PANZA Y LUEGO A DARLE PATADAS QUE NO VALIA VERGA, QUE ES UNA PENDEJA UNA CULERA",0,1,0.666666666666667,1,0,0,0
13977,"USUARIA REFIERE QUE APROX A LAS 05:00H ELLA ESTABA EN SU DOMICILIO CON SU FAMILIA Y EL ESTABA BORRACHO, ESCUCHO ALG Y SE PUSO AGRESIVO Y EMPEO A DECIR UE SE LA PELABAN TODOS, QUE EL LA MANDABA, QUE EL IBA HACER LO QUE EL QUISIERA CON ELLA, SU PAPA SE MOLESTO Y SE LVANTOO Y TOMO UN CUCHILLO Y LA PAREJA DE EL SE LE FUE ENSIMA PERO LA FAMILIA LOS SEPARO ELLA LO SACO DE LA CASA EN LO QUE SE TRANQUILIZABAN LAS COSAS, EL GRITBA QUE LE IBA A METER UN VERGAZO SI NO SE CALLABA EL PAPA DE EL FUE A BUSCAR A UNA PATRULLA PERO NO LLEGARON, MAS TARDE ELLA LOGRO A METER LO AL CUARTO, ELLA VIENE A PEDIR AYUDAPORQUE DICE QUE YA NO PUEDE CON EL, LA HA TENIDO ENCERRADA SIN DEJARLA SALIR DE LA RECAMARA, LE HA METIDO BOFETADAS, SU CELULAR SE LO TIENE CONTROLADO Y ESCANEADO, SI A ELLA LE LLEGA UN MENSAJE A EL TAMBIEN LE LLEGA MENSIONA QUE ELL ES ALCOHOLICO Y YA LE HA DICHO QUE LE DE UN TIEPMPO YY ESPACIO Y EL SE NIEGA, LA HA AMENAZADO DE MUERTE DELANTE DE SU FAMILIA DICIENDOLE QUE A EL NADA LE CUESTA TOMARLA DORMIDA, QUE EL SI QUIERE LA MATA A LA VERGA Y LE DICE QUE SI ELLA LO DEJA EL SE VA A MATAR, LE INSISTE HASTA QUE ELLA CEDE PARA TENER RELACIONES SEXUAES PORQUE SI NO EL NO LA DEJA DORMIR DE ESTAR INSISTIENDOLE",0,1,0.666666666666667,1,1,0,0
13990,"LA USUARIA MANIFIESTA QUE EL DIA DE HOY A LAS 11:15 HORAS SE ENCONTRABA EN SU CASA CUANDO LLEGA SU EX PAREJA, EL DIJO ""VENGO A TRAER DINERO PARA QUE COMAN"", ELLA LE DIJO QUE PORQUE HASTA HORITA SI YA LE HABIAN PAGADO, Y QU ENO ERA NECESARIO QUE FUERA HASTA LA CASA A DEJAR EL DINERO, QUE LO DEJARA CON LAS VECINA, EL LE DIJO QUE NO QUE EL VA IR LAS VECES QUE QUISIERA, Y COMENZO A GRITARLE ""YO NO VENGO PORQUE ESTOY FELIZ CON MI ESPOSA, ELLA ME DA LO QUE TU NO ME DAS EN LA CAMA, ERES UNA BASURA, ANDAS DE PUTA EN LA CUADRA, SI TU TE METES A TRABJAR YO VOY A VENIR A QUITARTE A LO NIÑOS, O VALES COO MUJER, POR ESO SIEMPRE ESTAS SOLA, POR ESO NUNCA ESTAS CON NINGUN HOMBRE"" ELLA LE DECIA QUE SE FUERA, QUE YA NO LE DIJIERA NADA, LA USUARIA LE ARREBATO EL DINERO Y EL TOMO UNA ESCOBA QUE TENIA EN LA CASA Y COMENZO A PEGARLE EN LOS BRAZOS, ABDOMEN. EN LAS PIERNAS, EN LA ESPALDA, Y LLEGARON LOS VECINOS PARA DECIRLE QUE LA DEJARA EN PAZ QUE NO LA GOLPEARA. LA USUARIA HACE MENCION QUE SIEMPRE LA AGREE FISICA Y VERBALMENTE. LA USUARIA DESEA PRESENTAR DENUNCIA, OBTENER MEDIDA DE PROTECCION, ASESORIA LEGAL PARA LA GUARDA Y CUSTODIA DE LOS TRES MENORES HIJOS QUE TIENE EN COMUN CON SU EX PAREJA Y TERAPIA PSICOLOGICA GRUPAL.",0.333333333333333,1,0,1,0,0.333333333333333,0
13993,"LA USUARIA MANIFIESTA QUE APROXIMADAMENTE A LAS 10:00 AM EL AGRESOR QUE ES SU YERNO EMPEZO A PELEAR CON ELLA POR QUE LE DIJO QUE NO SE LLEVARA A LOS NIÑOS A VACUNAR, Y DICIENDOLE "" LA CAGADA ES USTED"" YA QUE LA USUARIA LE DIJO A SU HIJA QUE POR QUE LES PONIA UNA COBIJA A LOS NIÑOS SUCIA, POSTERIORMENTE EL AGRESOR QUE ES PADRASTRO DE LOS NIÑOS AVENTO A LA USURIA CAYENDO AL PISO ELLA DESEA INTERPONER DENUNCIA DE LOS HECHOS, Y ASESORIA LEGAL,. TERAPIA PSICOLOGICA. SE CANALIZARA A LA FISCALIA YA QUE DESEA DENUNCIA A SU HIJA POR UN HECHO DE VIOLENCIA FISICA QUE PASO EN OTRA OCASION",0,1,0,1,0,0,0
13995,"REFIERE USUARIA QUE EL DIA DE AYER MIERCOLES A LAS, 19:00 HRS DEL TRABAJO, ELLA SE ENCONTRABA DE CAMINO A UN PARQUE QUE ESTA CERCA DE SU CASA, CUANDO IBAN CAMINANDO Y SE ENCNOTRO A SU EX PAREJA EN LA CAMIONETA DEL TRABAJO, ENTONCES LOS VIO Y SE REGRESO, LE QUISO QUITAR A SUS HIJOS, FORCEJEARON PARA QUE NO SE LLEVARA A LOS NIÑOS, Y SU HIJA LE GRITABA QUE NO SE QUERIA IR CON EL, LA INSULTO, EL DIJO QUE ELLA ERA UNA MIERDA, QUE PENSARA LAS COSAS CON LOS NIÑOS , DIJO QUE SI ELLA NO REGRESABA CON EL LE IBA A QUITAR A SUS HIJOS , SI NO ERA ESE DIA ERA OTRO, ELLA LE DIJO QUE IBA A MARCAR A LA POLICIA Y EL PRENDIO LA CAMIONETA Y SE FUE, EL ARRANCO Y SE FUE MUY RECIO, ELLA DESEA PRESENTAR DENUNCIA ANTE MINISTERIO PUBLICO, Y ASESORIA JURIDICA PARA TRAMITE DE GUARDA Y CUSTODIA.",0,0.333333333333333,0,1,0,1,0
14000,"USUARIA ACUDE A DENUNCIAR A SU ESPOSO YA QUE MENCIONA QUE EL DIA DE HOY A LAS 7 AM ELLA LLEGA AL DOMICILIO Y TOCA Y ESTE NO LE ABRE, MENCIONA UQ EEL VINO SOLO PARA LA GRADUACION DE SU HIJA D E12 AÑOS Y ELLA SE VA PARA CASA DE SU TIA, REFIERE QUE ELLOS YA TIENEN 8 MESES QUE YA NO ESTAN JUNTOS, ELLA YA SALE CON ALGUIEN MAS Y LOS MIRA Y COMIENZA A GOLPEARLOS A LOS DOS, ESTE SE QUIERE LLEVAR A SUS HIJAS, ESTE COMENZO A DARLE PATADAS, Y PUÑETAZOS EN LOS BRAZOS, MENCIONA QUE LE DUELEN LOS BRAZOS Y LAS COSTILLAS, REFIERE QUE EN VARIAS OCASIONES LA HA FORZADO A TENER RELACIONES EN CONTRA DE SU VOLUNTAD",0,1,0,0.666666666666667,1,0.333333333333333,0
14003,"LA USUARIA MANIFIESTA QUE EL DIA DE AYER A LAS 20:00 HORAS, SE ENCONTRABAN ELLA, SU PAREJA Y SU MENOR HIJA DENTRO DEL DOMICILIO COMUN, EL SE ENCONTRABA EN APARENTE ESTADO DE EBRIEDAD ACTUANDO DE MANERA AGRESIVA Y AL PARECER CON GANAS DE DISCUTIR, LA USUARIA INTENTA IGNORAR LA SITUACION PERO EL INSISTE POR TANTO ELLA LE SOLICITA QUE SE RETIRE DEL DOMICILIO Y EL HACE CASO OMISO Y POSTERIORMENTE LA ESTRUJA AL LUGAR LLEGA UNA UNIDAD Y SE LLEVA ACBO LA DETENCION DE EL Y FUE PUESTO A DISPOSICION DEL MP EN TURNO",0,1,0,0.666666666666667,0,0,0
14004,USUARIA REFIERE QUE EL DIA DE AYER APROXIMADAMENTE COMO 8:00 PM SU EX PAREJA FUE A CASA DE SU MAMA DICIENDOLE QUE SE IBA ARREPENTIR DE LO QUE HABIA HECHO QUE LA IBA A MATAR Y QUE SI NO ERA DE EL NO IBA HACER DE NADIE,0,0,0,1,0,0,0
14015,"USUARIA REFIERE QUE TUVO UNA DISCUSION CON SU PAREJA POR QUE ELLA NO QUISO ESTAR CON EL Y POR QUE NO LE QUERIA DAR PARA LOS PAÑALES AL NIÑO DANDOLE UN PUÑETASO EN LA CARA Y ELLA LE DIJO QUE YA NO LE IBA ESTAR AGUANTANDO Y ESTE LA AGARRO DEL CUELLO Y ELLA SENTIA QUE YA NO AGARRABA AIRE Y CUANDO SE SALIO LE DIJO QUE LE IBA HABLAR A UN AMIGO DE LA POLICIA PARA QUE FUERA POR SU PAPA, MENCIONA QUE NO ES LA PRIMERA VEZ QUE LA GOLPEA, QUE HACE 4 MESES CHOCARON POR QUE IBAN DISCUTIENDO Y EL LE EMPEZO A DAR PUÑETASOS EN LA CABEZA Y QUE SIEMPRE LA AMENAZA QUE SI LO DEJA EL LA VA A MATAR POR QUE SI NO ES DE EL NO VA HACER DE NADIE Y HACE DOS MESES ELLA LO GRAVO PORQUE ESTE LA ESTABA AMENZANDO CON UNA NAVA Y SE LA PONIA EN EL ESTOMAGO",1,1,0.333333333333333,1,0,0,0
14020,USUARIA REFIERE QUE SE TOPO A SU EX PAREJA EN LA CALLE Y AHI EL LA REGRESO ESTRUJANDOLA DICIENDOLE QUE ERA UNA PUTA QUE NUNCA LO IBA DEJAR DE SER Y QUE SIGUIERA DANDO LAS NALGAS PARA QUE SIGUIERA SACANDO DINERO Y ELLA IBA A DEPOSITAR UN DINERO Y ESTE SE LO QUITO LA CANTIDAD ERAN DE 10MIL PESOS,0.666666666666667,0.666666666666667,0,1,0,0,0
14026,MADRE USUARIA MENOR DE EDAD REFIERE QUE AYER UNAS DE SUS HIJAS HABALO Y DIJO QUE EL PADRASTRO DE SU PAPA LAS HABIA TOCADO Y SU HIJA LA MENOR SE SOLTO LLORANDO DICIENDOLE QUE LA HABIA TOCADO SUS PARTES INTIMAS Y SUS PECHOS QUE SIEMPRE LA ACOSABA Y ENSEÑANDOLE SUS PARTES INTIMAS,0,0,0,0.666666666666667,1,0,0
14029,"LA USUARIA REFIERE QUE HACE UN AÑO EL SE EMPEZO A HACERSE MUY CELOSO CON ELLA, Y MUY MUL HUMORADO CON ELLA. EL DIA SABADO ESTUVIERON DISCUTIENDO POR MOTIVO QUE ELLA YA QUERIA IRSE A SU CASA POQUE ESTABAN EN CASA DE UNA DE LOS HERMANOS DE EL. EL SE OFENDIO Y LA AMENAZADA DICIENOLE QUE LA VA A MANDAR A MATAR CON SU HIJA JUNTO CON SU HIJO. QUE ES UNA PUTA QUE NADA MAS ANDA DE UN LADO PARA OTRO. ELLA TEME POR SU SEGURIDAD YA QUE EL N LA QUIERE DEJAR. ELLA DESEA DENUNCIAR ANTE EL MP.",0,0.666666666666667,0,1,0,0.333333333333333,0
14031,"USUARIA REFIERE QUE EL DIA DE AYER TUVO UNA DISCUSION CON SU PAREJA POR QUE EL LLEGO ALCOHOLIZADO Y LE DIO UN PATADA A UN AIRE Y ESE AIRE LE CALLO A SU HIJA Y SU SUEGRO LE DIO UNA CACHETADA Y SE AGARRARON A GOLPES Y ELLA SE SALIO DEL DOMICILIO Y ESTE LO ALCANZO Y LE DIO UN GOLPE EN LA CARA Y ELLA CALLO AL PISO Y LA IBA SIGUIENDO NADA MAS QUE ELLA SE METIO A UNA CASA Y NO LE HIZO NADA, MENCIONA QUE NO ES LA PRIMERA VEZ QUE LA GOLPEA EL AGRESOR SE ENCUENTRA DETENIDO",0,1,0.333333333333333,1,0,0,0
14041,"LA USUARIA MANIFIESTA QUE EL SABADO A LAS 11:00 DE LA NOCHE, ELLA IBA RUMBO A SU CASA, CUANDO ELLA SE ENCUENTRA AL SEÑOR Y ELLA LE PIDE QUE LA ACOMPAÑE PORQUE YA ES TARDE Y ELLA TRAE AL NIÑO, YA QUE ELLA VENIA DE TRABAJAR, LLEGA AL DOMICILIO Y ESTE LE DICE QUE QUIERE VOLVER CON ELLA, A LO QUE ELLA LE DICE QUE NO QUIERE, QUE LE DE SU TIEMPO A LO QUE EL ENTRA Y LE DA UN GOLPE, ELLA CAE AL PISO Y EL SEÑOR APROVECHA Y TRATA DE ASFIXIARLA, EL MENOR AL VER LO QUE LE ESTAN HACIENDO A SU MAMÁ, EL AGARRA LA ESCOBA Y LE DICE PAPA DEJA A MI PAPA, Y SEGUN LE PEGA A SU PAPA, EN UN MOMENTO EL PIERDE EL CONTROL SOBRE ELLA, A LO QUE ELLA SE LEVANTA Y TRATA DE CORRER PARA PEDIR AUXILIO, CUANDO ESTE LA TUMBA Y SE SUBE ENCIMA DE ELLA, Y LA TRATA DE ASFIXIAR NUEVAMENTE, ELLA PIERDE EL CONOCIMIENTO Y YA CUANDO LO RECOBRA ESTABA TODA MOJADA Y SOBRE LA CAMA, EL SEÑOR LE ESTABA ECHANDO AIRE PARA QUE ELLA PUDIERA ESTAR BIEN. LA USUARIA SOLICITA UNA MEDIDA DE PROTECCIÓN POQUE TEME POR VIDA.",0,1,0,0.666666666666667,0,0.333333333333333,0
14050,"LA USUARIA MANIFIESTA QUE A LAS 04:30 HORAS SE ENCONTRABA EN UN VEHICULO CON SU EX PAREJA AFUERA DE LA CASA DE EL CUANDO COMENZARON A DISCUTIR, NO LA DEJABA BAJARSE Y LE DECIA ""PORQUE ESTAS ENOJADA, ERES PENDEJA Y VETE A LA VERGA"", LA TOMO DE LOS BRAZOS Y LA ESTRUJABA, LA AHORCO, DESPUES LA SOLTO Y LE DIO AL VEHICULO Y SE PASABA TODOS LOS SEMAFOROS, LA POLICIA LOS DETUVO Y AL VER QUE AGREDIA A LA USAURIA SE LO LLEVARON DETNIDO Y LO PUSIERON A DISCPOSICION DEL MP. LA USUARIA NO DESEA PRESENTAR DENUNCIA.",0,1,0.333333333333333,1,0,0,0
14055,USUARIA REFIERE QUE ANOCHE TUVO UNA DISCUSION CON SU PAREJA DONDE ESTE LE QUITO EL CELULAR Y ESTUVIERON FORCEJEANDO Y ESTE LE DIO UN GOLPE EN LA ESPALDA Y ELLA HABLO A SEGURIDAD PUBLICA PERO NO LO DETUVIERON,0,1,0.666666666666667,0.666666666666667,0,0,0
14056,"USUARIA REFIERE QUE APEOXIMADAMENTE A LAS 7:30 ELLA ESTABA EN EL HOSPITAL POR QUE SU ESPOSO TUVO INTENTO DE SUICIDIO Y AYER LE MANDARON MENSAJES QUE ES UNA AMANTE Y ELLA FUE A PLATICAR CON EL Y EL LE DIJO QUE ELLA SOLA SE ENVIO LOS VIDEOS, Y A ELLA LE DIJERON QUE BUSCARA EN SU CELULAR QUE EL TIENE TODO, Y ELLA S PUSO A REVISAR Y SI TENIA TODO AHI, ELLA SE PUSO A LLORAR Y EL SE DIO CUANTA Y SE PUSO HISTERICO, EL LA JALONEO Y ELLA SE FUE A LOS ELEVADORES Y EL LA SIGUIO Y LE DIJO O TE REGRESAS AL CUARTO O TE VOY A REGRESAR A CHINGASOS ELLA VE UNA ENFERMERA Y LE DIJJO QUE SI VA PARA ABAJO ELLA LE DICE QUE SI Y LA USUARIA LA TOMO DEL BRAZO Y EL LA JALO Y LA ENFERMERA LE DIJO QUE NO HICIERA ESO, LE LLAMO AL GUARDIA PERO ERA DE TERCERA EDAD Y EL SE BURLO Y LE DIJO CREES QUE ESO ME VA HACER ALGO LA TOMA Y LA TRATA DE VOLVER A METER AL CUARTO, Y LOS ENFERMEROS VEIAN TODO Y LAS ENFERMERAS LO TOMARON Y LO METIERON AL CUARTO Y A ELLA LO LLEVARON A OTRO CUARTO A ESCONDERLA, EL A ESTABA LLAME Y LLAME PERO NO CONTESTO, LE DIJERON QUE SE CALMARA LA LLEVARON A RECURSOS HUMANOS Y LE DIJERON QUE PRONTO SALDRIA PORQUE TIENE UN PASE A EL PSIQIOATRICO PERO NO HAN HECHO NADA Y REFIERE QUE EL ES PSICOLOGO Y AUN ASI NO HICIERON NADA, MENSIONA USUARIA QUE ANTERIOR MENTE TUVO PROBLEMAS DE VIOLENCIA CON SU PAREJA Y LA ESTRUJABA, LA TRATO DE AHORCAR, SU INTENTO DE SUICIDIO ELLA LO PRESENCIO Y TODO OCURRIO PORQUE ELLA QUERIA SABER SI QUERIA ESTAR CON ELLA O CON SU AMANTE QUE SEGUN EL ERA TODO INVENTADO, Y AHI LA VOLVIO A AMENAZAR QUE LE DIJERA QUIEN LE ESTABA DICIENDO TODO ESO QUE SI NO LE DECIA SE LO IBA A SACAR A MADRAZOS, LA EMPUJO, LA AHORCO Y TIRO UN PUÑETAZO PERO ELLA LO ESQUIVO Y LUEGO TOMO UNA BOTELLA DE CRERVEZA, YA ESTABA TOMADO, LA ROMPIO Y EMPEZO A PONERSELA EN EL CUELLO QUE SE VA A MATAR, ELLA LE PIDIO AYUDA A SU HERMANA Y LLEGO Y ENTRE LAS DOS SE LA QUITARON Y LUEGO EL TOMO UNA BOTELLA DE AGUA Y VALPROATO Y SE LO TOMO",0,1,0,0.666666666666667,0,0,0
14060,"LA USUARIA MANIFIESTA QUE EL DÍA DE AYER A LAS 11PM, ACUDIÓ SU AÚN ESPOSO DE QUIEN ESTA SEPARADA DESDE HACE MÁS DE UN AÑO, A SU DOMICILIO APARENTE ESTADO DE EBRIEDAD, LA ESTUVO INSULTANDO Y DICIÉNDOLE ""PENDEJA, VAS A VALER MADRE, CHINGAS A TU MADRE"", Y ESTABA GOLPEANDO EL BARNDAL. LA USUARIA MARCÓ A LA POLICÍA Y ÉL FUE DETENIDO Y PUESTO A DISPOSICIÓN DEL MP EN TURNO. LA USUARIA DESEA DENUNCIAR EL HECHO Y ASESORÍA LEGAL PARA DIVORCIARSE.",0,0,1,1,0,0,0
14064,USUARIA REFIERE QUE SU VECINO LA PRETENDIA Y ELLA COMO NO LE HACIA CASO LE DECIA QUE LE IBA A MANDAR UNAS MUJERES PARA QUE LA GOLPEARA Y LE DECIA QUE LA IBA A NAVAJEAR Y ANOCHE ELLA LLEGO DE SU TRABAJO Y SE LE FUE ENCIMA LE DABA PUÑETASOS EN TODO EL CUERPO Y PATADAS,0,1,0,1,0,0,0
14072,"LA USUARIA MANIFIESTA QUE A LAS 18:00 HORAS SE ENCONTRABA EN SU DOMICILIO CUANDO LELGO SU EX PAREJA PARA RECOGER A LA MENOR HIJA QUE TIENEN EN COMUN PERO EL COMENZO A GRITARLE POR SU NOMBRE Y TOMOA LA MENOR Y SE FUE. HABIAN ACORDADO QUE EL ENTREGARIA A LA MENOR A LAS 21:00 HORAS PERO EL LA LLEVO HASTA LAS 22:30 HORAS. LA USUARIA HACE MENCION QUE HACE 05 MESES EL LA MORDIO, LE PELLIZCO DONDE TIENE EL IMPLANTE, LE DIO BOFETADAS Y LE DIO PUÑETAZOS EN EL ABDOMEN, PORQUE ELLA NO QUERIA TENER RELACIONES SEXUALES CON EL. LA USUARIA NO DESEA PRESENTAR DENUNCIA, SOLO ASESORIA JURIDICA PARA TRAMITAR LA PENSION ALIMENTICIA, GUARDA Y CUSTODIA DE LA MENOR HIJA QUE TIENEN EN COMUN.",0.333333333333333,1,0,0.666666666666667,0.666666666666667,1,0
14080,USUARIA MENOR DE EDAD ACOMPAÑADA DE SU PADRE ACUDEN A DENUNCIAR YA LA MADRE D ELA MENOR LE SLICITO AL PADRE CONVIVENCIAS CON LA MENOR Y ESTA ANTES DE REGRESARLA ELLA LE COMENTA QUE NO TIENE QUE DARLE D ECOMER A LA MENOR Y EL PADRE PASA POR LA MENOR A CASA A LAS 11 PM Y LA MENOR LE DIJO QUE ¨H LE PEGA EN LAS POMPIS¨´ AL DIA SIGUIENTE CUANDO LA BAÑABA SU ABUELA LA MENOR NO QUERIA QUE LA TOCARAN EN SU PARTE INTIMA POR QUE LE DOLIA Y LA MENOR LE DIJO QUE H LE METIA LOS DEDOS.,0,0.333333333333333,0,0.666666666666667,1,0,0
14088,"L A USUARAIA MANIFIESTA QUE EL SABADO, EL SEÑOR LLEGA COMO A LAS 8:30 DEL TRABAJO PERO CON ALIENTO ALCHOLICO, ESTE EMIEZA A DISCUTIR PORQUE LOS HIJOS NO RECOGIERON UNA BASURA, Y EMPIEZA A INSULTAR, LA USUARIA EMPIEZA A PREPARAR LA CENA CUANDO EMPIEZA A DECIRLE A LOS HIJOS DE LA USUARIA QUE M,UGRES MOCOSOS QUE NO SIRVEN PARA NADA, A LO QUE LA USUARIA LE DICE QUE A LOS HIJOS NO LES ESTE DICIENDO NADA, Y LE DA UN PUÑETAZO EN LA BOCA, SANGRANDO ESTA SE LADEA QUEDANDO DE LADO DE UNA BARRA DE COCINA Y LA EMPIEZA A PATALEAR, EN ESO LLEGA SU MENOR HIJO XQE EL SEÑOR LO HABIA MANDADO A LA TIENDA PARA QUE NO VIERA, PERO EL NIÑO LLEGA Y VE A SU MADRE SANGRANDO DE LA BOCA, A LO QUE LE DICE ""PAPA QUE LE HICISTE A MI MAMA"", ELLA TOMA A SU NIÑO PARA IR A LA CRUZ ROJA A QUE LE CUREN LA HERIDA ESTE LA ACOMPAÑA PERO LLEGANDO A LA CRUZ ROJA, LA USUARIA HACE MENCIÓN QUE FUE GOLPEADA POR SU PAREJA Y EL GUARDIA DE SEGURIDAD MANDA TRAER UNA PATRULLA A LO QUE ES SEÑOR ES DETENIDO. LA USUARIA SOLICITA UNA MEDIDA DE PROTECCIÓN.",0,1,0,1,0,0,0
14097,"VIOLENCIA FAMILIAR DE TIP FISICO, PSICOLOGICO Y PATRIMONAL POR PARTE DE SU PAREJA EL ACUAL LA ACOSA Y AHEC UNOS DIAS FUE A SU DOMICILIO E HIZO DESTROZOS EN EL HOGAR DE SU ABUELITA",0.333333333333333,1,1,1,0,0,0
14104,"USUARIA ACUDE POR NUEVOS HECHOS, MENCIONA QUE SU EX PAREJA FUE A BUSCARLA HASTA SU DOMICILIO Y ELLA NO SE ENCONTRABA AHI Y ESTE LE DIJO A SU HERMANA QUE LE DIJIERA QUE DONDE LA VIERA IBA A VALER VERGA, ELLA REFIERE QUE ESTE YA LA HA AMENAZADO DE MUERTE Y ELLA TIENE MIEDO.",0,0,0,1,0,0,0
14121,"LA USUARIA MANIFIESTA QUE EL DIA DE HOY A LAS 06:20 HORAS SE ENCONTRABA EN SU DOMICILIO LLEGO SU ESPOSO PARA TRATAR DE LLEGAR A UN ACUERDO, DEBIDO A QUE EL VIERNES SE SEPERARON DEBIDO A UNA INFIDELIDAD POR PARTE DE EL, COMENZARON A DISCUTIR, DESPUES EL LA TOMO DE LOS BRAZOS Y LE GRITABA ""TU ERES UNA BASURA, NO ERES NADIE SIN MI, METETELO EN TU CABEZOTA, ERES UNA MIERDA, TE VOY A HACER LA VIDA IMPOSIBLE, TE VOY A DEMANDAR, TU ERES UNA PERRA, SOLO ANDABAS DE ARRASTRADA CONMIGO, NO TE VOY A DAR NADA, NO TE VOY A DAR UN PESO"", LE DIO UN PUÑETAZO EN EL BRAZO DERECHO, Y UNO EN LA BOCA, Y EN EL OJO, ELLA SE FUE CON LOS NIÑOS Y EL SE VA. LA USUARIA HACE MENCION QUE ANTERIORMENTE YA LE HA PUESTO DOS DENUNCIAS. LA USUARIA DESEA PRESENTA DENUNCIA, OBTENER UNA MEDIDA DE PROTECCION Y ASESORIA JURIDICA PARA TRAMITAR LA PENSION ALIMENTICIA, GUARDA Y CUSTODIA DE LOS 02 MENORES HIJOS QUE TIENE EN COMUN CON SU ESPOSO.",0.666666666666667,1,0,1,0,0,0
14140,"USUARIA ACUDE POR NUEVOS HECHOS YA QUE MENCIONA QUE SU ESPOSO ESCUCHA VOCES Y LA CORRE DE LA CASA YA QUE ESTE SE DROGA Y REFIERE QUE EN LA MADRUGADA LA GOLPEO EN LAS PIERNAS, MENCIONA QUE TIENE MACHETE EN EL DOMICILIO ELLA YA NO QUIERE QUE EL ESTA AHI CON ELLA LA AMENAZO CON MATARLA",0,1,0,1,0,0,0
14150,"LA USUARIA MANIFIESTA QUE APROXIMADAMENTE A LAS 12:00 AM EL AGRESOR QUE ES SU CONCUBINO BAJO LOS EFECTOS DEL ALCOHOL COMENZARONA DISCUTIR POR UN DINERO PAR UNAS HAMBURGUESAS Y EL MOLESTO LE DIO UN PUÑETAZO EN LA BOCA BRAZO Y CARA OCASIONADOLE UNA HERIDA EN EL LABIO, DICIENDOLE EL AGRESOR "" NO VALES NADA, VETE MUCHO A ALA CHINGADA"" EL AGRESOR LLAMO A LA AMBULANCIA Y LLEVANDOLA AL HOSPITAL PARA SUTURAR LA HERIDA, ELLA DESESA PRESENTAR DENUNCIA DE LOS HECHOS, PASARA A LA AREA JURIDICA PARA TRAMITAR PENSION DE ALIMENTOS, GUARDA Y CUSTODIA DE SUS HIJOS, TERAPIA PSICOLOGICA GRUPAL.",0.666666666666667,1,0,1,0,0,0
14165,"USUARIA REFIERE QUE APROXIMADAMENTE A LAS 11:20H ELLA ESTABA EN CASA DE EL BUSCANDO SU DIRECCION PARA LEVANTAR UNA DENUNCIA Y CUANDO EL LA VIO A ELLA EL SE FUE, ELLA TOMO FOTOS DEL DOMICILIO Y SE FUE PERO EL LOS ALCANZO MAS ADELANTE, POR QUE LOS ANDABA BUSCANDO EL SE ATRABEZO CON EL CARRO PARA QUE ELLA SE DETUVIERA EL SE BAJO DEL CARRO PERO ELLA LO EMPEZO A GRABAR Y EL LE EMPEZO A DECIR QUE PARA QUE FUE A SU DOMICILIO ELLA LE DIJO QUE QUERIA LOS PAPELES DE LA CAMIONETA PORQUE EL SE METIO A SU DOMICILIO A SACARLE ESOS PAPELES, EL LE DIJO QUE FUERA CON SU HERMANA POR QUE AHI ESTABAN, ELLA LE HABIAMANDADO MENSAJES DICIENDOLEQUE NO ES CIERTO QUE A ELLA NO LE HABIA DADO NADA, QUE SI NO ELLA SE LOS DARIA, LUEGO EMPEZO A PATEARLE SU CAMIONETA Y LE HIZO DAÑO AL BIEN, ELLA LE HABLO A SUS COMPAÑEROS LO DETUVIERON
REFIERE USUARIA QUE ANTERIORMENTE LE ESTABA MANDANDO MENSAJES QUE SI QUERIA ESOS PAPELES SE LOS DARIA SI REGRESA CON EL Y SI NO EL IBA EMPEÑAR ESOS PAPELES POR TODOS LO QUE INVIRTIO ESTANDO CON ELLA, Y TAMBIEN LA AMENZABA QUE SUBIRIA FOTOS INTIMAS A REDES SOCIALES SI NO VOLVIAN A ESTART JUNTOS, MENSIONA QUE EL LE EMPEZO A MANDAR FORTOS A SUS FAMILIARES Y LUEGO LE EMPEZO A MANDAR MENSAJES A SUS COMPAÑERAS DE TRABAJO DICIENDOLE QUE LE PAGABA POR HACERLA ENOJAR A LA USUARIA, PERO LA COMPAÑERA LUEGO LE AVISO A ELLA, 
REFIERE USUARIA QUE TIENE SOSPECHAS QUE EL ANDA EN UN CARTEL PUES POR LO QUE LE HA DICHO EL O SU FAMILIA QUE LE ESCONDE CIERTA INFORMACION SOBRE EL",0,0,1,1,0.666666666666667,0,0
14170,"LA USUARIA MNAIFIESTA QUE A LAS 19:43 HORAS ELLA VIAJABA EN EL TRANSPORTE DE PERSONAL DE SU EMPRESA RUMBO A SU CASA, CUANDO DE REPENTE SU EXPAREJA, DETIENE EL AUTOBUS Y SE SUBE Y LE DICE QUE SE BAJE QUE PORQUE LE VA A DAR UNA CADENA QUE ELLA LE HABIA PRESTADO, ELLA SE BAJA PARA EVITAR UN CONFLICTO EN EL CUAL CUANDO EL CAMION SE RETIRA ESTE LE EMPIEZA A DECIR QUE ES UNA PUTA, QUE VALE VERGA QUE YA NO LE VA A DAR LA CADENA, A LO QUE ELLA LE RESPONDE QUE SE LA QUEDE QUE SE LA REGALA PERO QUE YA NO LA MOLESTE, YA QUE DIAS ANTES ENTRO A SU CASA Y LA QUISO VIOLAR, LE GOLPEO EN LA ESPALDA, Y LA USUARIA YA NO SABE QUE HACER PARA QUITARSELO DE ENCIMA, LA USUARIA MANIFIESTA QUE LE HA DICHO QUE SI LO DEJA EL VA A IR A MATAR A SUS HIJOS CUANDO VAYAN A LA IGLESIA, Y LA SEMANA PASADA LE DIO UNA PATADA A UNA PERRITA CHIHUAHUA LA CUAL DEL IMPACTO FUE ATROPELLADA Y EL DIA DE AYER TAMBIEN MURIÓ, LA USUARIA SOLICITA UNA MEDIDA DE PROTECCIÓN Y PRESENTA DENUNCIA.",0,1,1,1,1,0.333333333333333,0
14192,"REFIERE LA USUARIA QUE EL DIA DE AYER APROXIMADAMENTE A LAS 10:00H ELLA ESTABA CON SU SUEGRA Y EL SE LEVANTO DE MALAS POR QUE LA BEBE ESTABA LLORANDO Y EL LE DIJO QUE LA CALLARA, EL HECHO LA NIÑA A LA ANDADERA, ELLA LA QUIISO TOMAR Y EL NO LA DEJO Y TOMO UN PALO Y LE EMPEZO A GOLPEAR CON EL LE PEGO EN LA ESPALADA Y EN EL BRAZO EL PALO SE QUEBRO Y LE PICO LA POMPI Y LO SOLTO Y EDESPUES LE DIO UN PUÑETAZO EN EL OJO, LOS BRAZOS Y EN LA ESPALDA Y LUEGO LE EMPEZO A DAR PATADAS ERN LAS PIERNAS ELLA SE ESTABA DESBANECIENDO, EL LE DIO CACHETADAS EL SE EMPEZO A CALMAR AL VER ESO, DESPUES LLEGO SU HERMANO DE EL Y TOMO A LA NIÑA Y EL AGRESOR TOMO A LA USUARIA Y LA SUBIO A LA CAMA Y EL SE QUEDO DORMIDO Y MAS TARDE SE LEVANTO PARA PEDIRLE DE ALMORZAR Y LUEGO AMBOS SE FUERON A SU DOMICILIO, MAS TARDE APÑROXIMADAMENTE A LAS 16:30H COMO PUDO SE SALIO DE AHI PERO EL SE DIO CUENTA Y FUE TRAS ELLA, ELLA LLEVABA LA PAÑALERA Y PAPELES PERO EL LE ALCANZO A QUITAR LOS PAPELES Y ELLA SE SUBIO AL TAXI Y EL LE TIRO UN PUÑETAZO NUEVAMENTE EN EL OJO Y SE FUE ELLA CON TU MAMA,
REFIERE USUARIA QUE YA LA HA AMENAZADO DE MUERTE Y QUE SI ELLA SE VA EL SE VA A AHORCAR Y LE DIJO QUE SI SU MAMA IBA POR SUS COSAS TAMBIEN A LA MAMA LA IBA A GOLPEAR, NO HA DEJADO QUE REGISTRE A LA NIÑA POR QUE EL DECIA QUE LA REGISTRARIA SOLO",0,1,0.333333333333333,1,0,0.666666666666667,0
14197,"LA USUARIA MANIFIESTA QUE APROXIMADAMENTE A LAS 10:00 PM EL AGRESOR, QUE ERA SU PAREJA SENTIMENTAL, LA USUARIA DICE QUE FUE AL DOMICILIO PARA LLEVARLE UN PASTEL DE CUMPLEAÑOS YA QUE ELLA NO PUDO ASISTIR A SU CUMPLEAÑOS POR QUE ESTABAN MAL EN LA RELACION, ESE DIA EL AGRESOR LE DIJO ""QUE POR QUE LE LLEVABA UN PASTEL"", SI EL QUERIA VERLA EN SU CUMPLEAÑOS, LA USUARIA LE DIJO QUE SE QUERIA IR,PERO DICIENDOLE QUE NO SE IBA A IR Y NO LE ABRIA EL PORTON LA USUARIA LO EMPEZO A GRABAR Y EL MOLESTO LE REALIZO UNA TRAMPA PARA QUE ELLA ABRIERA LA PUERTA DE SU CAMIONETA, COMENZARON A FORCEJEAR Y EMPUJANDOLA CON UN MUEBLE, LA USUARIA SE GOLPEO ELLA, EL AGRESOR LE QUEBRO EL CELULAR Y LO MOJO PARA BORRAR EVIDENCIAS DE LA GRABACION DE LA USUARIA, ELLA NO DESEA PRESENTAR DENUNCIA, SOLO TOMARA TERAPIA GRUPAL",0,1,1,0.666666666666667,0,0,0
14200,"MADRE DE USURIA REFIERE QUE EL DIUA DE AYER LE MANDARON UN VIDEO DONDE SU HIJA ES AGREDIDA FISICAMENTE POR PARTE DE SU ESPOSO ELLA ACUDIO EL DIA DE AHOY A HABLAR CON SU HIJA PERO ELLA NIEGA TODO Y LE DICE QUE LA GOLPEO POR QUE ELLA SE LO MERECIA, MENCIONA QUE SUS VECINO Y AMIGOS LE DICEN QUE NO ES LA PRIMERA VEZ QUE LA GOLPEA",0,1,0,0.333333333333333,0,0.333333333333333,0
14203,"LA USUARIA MANIFIESTA QUE APROXIMADAMENTE A LAS 7:00 PM LA USUARIA ESTABA ESPERANDO UN TAXI Y EL AGRESOR SE ASERCO EN UN TAXI Y LE DIJO "" ME MANDARON POR TI "" Y ELLA LE DIJO QUE NO Y EL LA SUBIO A LA FUERZA AL TAXI, TOCANDOLA LAS PIERNAS Y QUERERLE METER LA MANO AL SHORT, LA USUARIA LE QUITO LA MANO Y EL SE ENOJO Y GOLPEANDOLA DANDOLE PUÑETAZO EN LA CARA, DICIENDOLE EL TAXISTA "" PENDEJA CULERA VAS A VALER MADRE"" ELLA DESEA PRESENTAR DENUNCIA, TERAPIA PSICOLOGICA",0,0.666666666666667,0,1,1,0,0
14219,"LA USUARIA MANIFIESTA QUE A LAS 18:00 HORAS SE ENCONTRABA EN SU DOMICILIO CUANDO COMENZO A DISCTUTIR CON SU ESPOSO DEBIDO A QUE DESCUBRIO QUE EL LE FUE INFIEL, EL SE MOLESTA Y GOLPEA EL ESPEJO DEL BAÑO Y EL TOMA UN PEDAZO, ELLA TUVO MIEDO QUE EL SE HICIERA DAÑO Y SE LO QUITO, CAUSANDO QUE ELLA SE CORTARA, DESPUES AGARRA EL ALCOHOL PURO Y LE TOMA UN TRAGO, DESPUES EL LA ENCIERRA EN UNA RECAMRA Y ROCIA RAID, CUANDO EL SABE QUE POR SU PROBLEMA DE ASMA NO PUES RESPIRAR ""SI ME VOY A MORIR, TE VAS A MORIR CONMIGO"" , DESPUES EL LA EMPUJO AL SUELO Y LE PUSO LA RODILLA SOBRE LA CARA DE ELLA, EL LE TOMOBA DE LOS MANOS Y SE LAS TORCIA, QUIEBRA LA PUERTA DE LA CASA Y EL SE SALE Y LA DEJA ENCERRADA, EL REGRESA Y LE DICE ""DE TODOS MODOS TE VAS A MORIR QUEMADA"", ELLA MARCA A LA POLICIA LLEGA LA UNIDAD Y S ELO LLEVA DETENIDO. LA USUARIA DESEA PRESENATR DENUNCIA, OBTENER UNA MEDIDA DE PROTECCION Y ASESORIA JURIDICA PARA TRAMITAR SU DIVORCIO, PENSION ALIEMNTICIA, GUARDA Y CUSTODIA DE LOS DOS MENORES HIJOS QUE TIENE EN COMUN CON SU ESPOSO.",0.666666666666667,1,0.666666666666667,1,0,0,0
14228,"LA USUARIA MANIFIESTA QUE APROXIMADAMENTE A LAS 10:00 PM EL AGRESOR QUE ES SU ESPOSO BAJO LOS EFECTOS DEL ALCOHOL, COMENZO A PELEAR CON LA USUARIA POR PROBLEMAS FAMILIARES DE CON LA MAMA DE LA USUARIA Y POR EL MISMO ALCOHOL QUE CONSUME TODOS LOS DIAS, FUE EL DETONANTE DE LA AGRESION, DICIENDOLE "" MALDITA PERRA"" APRETANDOLE EL BRAZO FUERTEMENTE Y ESTRUJANDOLA Y DANDOLE UNA PATADA A LA USURIA ELLA DESEA DENUNCIA LOS HECHOS, DEMANDA DE PENSION DE ALIMENTOS, GUARDA Y CUSTODIA, DIVORCIO. TERAPIA PSICOLOGICA GRUPAL",0.666666666666667,1,0,1,0,0,0
14229,"LA USUARIA MANIFIESTA QUE APROXIMADAMENTE A LAS 21:34 PM EL AGRESOR QUE ES SU EXPAREJA DE NOVIAZGO DICE LA USARIA QUE ESE DIA LLEGO AL DOMICILIO ALCOHOLIZADO Y ENTRANDO SIN NINGUN PERMISO PIDIENDOLE QUE VOLVIERA CON EL Y ELLA LE DIJO QUE NO Y QUE SE SALIERA DE LA CASA EL MOLESTO LE DIJO "" ERES UNA PROSTITUTA TODO MUNDO LE DAS LAS NALGAS"" Y ESTRUJANDOLA DEL BRAZO ELLA DESEA PRESENTAR DENUNCIA YA QUE TEME POR SU INTEGRIDAD. TERAPIA PSICOLOGICA GRUPAL",0,0.666666666666667,0.666666666666667,1,0,0,0
14250,"REFIERE USUARIA QUE SOLO HA TENIDO EPISODIOS DE VIOLENCIA VERBAL, ULTIMO HECHO AGRESOR SE ENCUENTRA ALCOHOLIZADO DISCUTE CON USUARIA POR CELOS DE MENSAJES LA BOFETEA A CACHETADAS, LA EMPUJA CAE AL SUELO Y CAE UN ESPEJO ENCIMA DE ELLA SE LEVANTA Y AGRESOR LA AMENAZA CON CUCHILLO PARA QUE DESBLOQUEARA LA LAPTOP, LA AMENAZA DE MUERTE, Y SIGUE MANOTENADO HACIA USUARIA TRAE A MENOR DE EDAD CARGADA POR EL AGRESOR, BRINDA APOYO CUÑADA, ES TRASLADADA. SE LE BRINDO SERVICIO DE REFUGIO POR EL MOMENTO NO LO ACEPTA POR TENER EL APOYO DE SUS PADRES, SE LE BRINDA SERVICIO DE PSICOLOGIA NO LO ACEPTA COMPROMETIENDOSE A VOLVER DESPUES, SE LE BRINAD PLAN DE SEGURIDAD, REQUISITOS DE GUARDIA Y CUSTODIA Y PENSION ALIMENTICIA.",0.666666666666667,1,0,1,0,0.333333333333333,0
14275,"MADRE DE LA MENOR COMENTA QUE ELLA HOY S EENCONTRABA VENDIENDO Y QUE LLEGO LA EX PAREJA DE LA ABUELA DE LA USUARIA, NOTARON QUE CUANDO ESTE SEÑOR LLEGO A COMPRAR A LA LA MANOR SE RETIRO DE FORMA INCOMODA DEL PUESTO, DESPUES DE UN RATO LE PREGUNTAN A LA MANOR QUE SUCEDIA Y LA MENOR LES CUENTA QUE QUE NO LE CAE BIEN , A LO QUE LA MADRE DE LA MENOR LE PREGUNTA SI EL LE HABIA ECHO ALGO O QUE SUCEDIA, MENCIONA QU E LA MENOR LE COMENTO QUE LA ULTIMA VEZ QUE FUE A CASA DE SU ABUELITA, LE HABIA TOCADO SUS PARTE INTIMAS Y SU COLITA Y QUE EL SE SACO SUS PARTES Y SE LO PUSO EN SU PARTE INTIMA, LA MADRE DE LA MENOR MENCIONA QUE HACE APROXIMADAMENTE COMO 3 O 4 AÑOS QUE LA MENOR FUE DE VISITA CON SU ABUELA Y DESPUES YA NO QUISO REGRESAR PERO QUE NO LES COMENTO NADA, MENCIONA QUE ESTO SUCEDIO EN DOS OCASIONES.",0,0.333333333333333,0,0.666666666666667,1,0.333333333333333,0
14277,"USUARIA REFIERE QUE EL DIA DE AYER TUVO UNA DISCUSION CON SU EX PAREJA DONDE EL LE EMPEZO A DAR PUÑETASOS EN LA CARA , CABEZA Y BRAZOS, DEJANDOLE UNA FRACTURA EN LA NARIZ, MENCIONA QUE LA TIRO AL PISO Y LE DIO GOLPES EN TODO EL CUERPO",0,1,0,0.666666666666667,0,0,0
14281,"LA USUARIA MANIFIESTA QUE APROXIMADAMENTE A LAS 12:00 PM EL AGRESOR QUE ES SU ESPOSO BAJO LOS EFEFCTOS DE ALGUNA DROGA COMENZO A INSULTAR A LA USUARIA DICIENDOLE "" ESTUPIDA PUTA"" YA QUE LLA FUE POR UNA PAPELERIA AVENTANDOLA Y QUERERLA ESTRANGULAR ELLA DESEA PRESENTAR DENUNCIA DE LOS HECHOS. TERAPIA PSICOLOGICA. LA USUARIA MANIFIESTA QUE SU HIJA MENOR DE EDAD SE ENCUENTRA BAJO RESGUARDO YA QUE SU ESPOSO CONSUME DROGA Y EXISTIA VIOLENCIA FAMILIAR",0,0.666666666666667,0,1,0,0,0
14302,"USUARIA REFIERE QUE EL DIA DE HOY ELLA TUVO UNA DISCUSION CON SU PAREJA DONDE ESTE LA JALO DEL CABELLO, DANDOLE UNA CACHETADA Y AGARRO UN ABANICO Y SE LO AVENTO EN LA PIERNA Y LUEGO LA JALO DEL CABELLO DICIENDOLE QUE LA IBA A MATAR Y ELLA LE DIJO QUE YA SE IBA A IR DE LA CASA SI EL NO SE QUERIA SALIR Y ELLA SALIO CORRIENDO PARA CASA DE UNA TIA, PERO EN ESO LA ALCANZO Y SE LA TRAJO ARRASTRANDO DEL CABELLO Y EN ESO AGARRO UNA ESCOBA Y SE LA QUEBRO EN LA ESPALDA, DICIENDOLE QUE LA IBA AMTAR PINCHE PERRA Y COMO DEL PALO DE ESCOBA QUE LE QUEBRO LE QUEDO UN PICO Y SE LO PONIA EN EL CUELLO, DICIENDOLE QUE LA IBA A MATAR A ELLA Y A SUS HIJOS Y QUE IBA HACER QUE SE LOS COMIERA Y QUE TAMBIEN A SU HERMANOS Y A SU PAPA LOS IBA A MATAR Y COMO SU MAMA ESTA ENFERMA LE DECIA QUE OJALA SE MURIERA SU MAMA QUE LA QUERIA VER SUFRIR Y EN ESO ELLA ESCUCHO QUE LE HABLARON Y LE DIJO QUE LA DEJARA SALIR QUE A LO MEJOR ERA SU PAPA, PERO ERA SU PRIMO Y LE DIJO QUE SI LA ANDABAN GOLPEANDO Y ELLA LO AGARRO DE LA MANO DICIENDOLE QUE CORRIERA Y SE METIERON A LA CASA DE SU TIA Y HASTA AHI FUE SU EX PAREJA CON UN CUCHILLO DICIENDOLE QUE LA IBA A MATAR COMO UNA PERRA",0,1,0.333333333333333,1,0,0.333333333333333,0
14308,"REFIERE USUARIA QUE EL DIA DE HOY POR LA MADRUGADA , ELLA SE ENCONTRABA EN SU DOMICILIO CUANDO ELLA LO ESTABA ESPERANDO PARA DARLE DE CENAR, EL ESTABA MOLESTO PORQUE EL LE EXIGIO EL TIKET DEL MANDADO , ELLA SE PASO DE LA CUENTA DE LO QUE IBA A GASTAR PORQUE COMPRO UTILES DE LA ESCUELA, ELLA LE DIJO QUE SU HIJO NECESITABA ZAPATOS , EL LE DIJO QUE ELLA SE LOS IBA A COMPRAR, EL QUIERE QUE ELLA SE PONGA A TRABAJAR, COMENZARON A DISCUTIR POR CUESTIONES DE DINERO, LA INSULTO LE DIJO QUE SE HACIA PENDEJA QUE ES UNA MANTENIDA , UNA ROGONA, EL LE DIJO QUE NO TIENE PORQUE ESTARLE DANDO DINERO, EL LE DIJO QUE NO TENIA PORQUE COMERSE LA COMIDA, EL EMPEZO A DECIRLE QUE NO LE GRITARA , Y EL COMENZO JALARTE DEL CABELLO , SU HIJA LO ESTABA GRABANDO Y EL S ELE ECHO ENCIMA A SU HIJA Y LE QUITO EL CELULAR, LE PEGO A SU HIJA , LE JALO DEL CABELLO Y ELLA SE LA QUITO, TODOS SE FUERON PARA LA SALA, ELLA LE RECLAMO PORQUE LE PEGABA A SU HIJA, ELLA SE LE PUSO ENFRENTE Y LE DIJO QUE PORQUE LE PEGABA A SU HIJA, EL LA AGARRO DEL CABELLO OTRA VES, LLEGO SU HERMANO Y EL EL AYUDO A TENERLA AGARRADA DEL CABELLO, SUS DOS HIJAS LA AYUDARON A SOLTARSE, ELLA MARCO A LA POLICIA, Y LLEGO LA UNIDAD Y LO DETUVIERON , ELLA DESEA PRESENTAR DENUNCIA ANTE MINISTERIO PUBLICO.",0.666666666666667,1,0.333333333333333,1,0,0,0
14309,"USUARIA REFIERE QUE SU ESPOSO CONTANTEMENTE LO AGREDE LE EMPIEZA A GRITAR DICIENDOLE QUE SE VALLA LA VERGA, QUE NO VALE PARA UNA CHINGADA Y QUE SE LARGUE DE SU CASA, EN ALGUNAS OCASIOES LA INTENTANDO GOLPEAR PERO COMO VIVE CERCAS DE SEGURIDAD PUBLICA ELLA LES HABLA PARA QUE LO ARRESTEN EN LA MAÑANA TUVIERON UNA DISCUSION DONDE EL QUIERE VENDER LA CASA DONDE ESTAN VIVIENDO Y QUE AGARRARAN LA MITAD Y LA MITAD Y QUE SI NO QUERIA QUE EL MEJOR LA IBA A QUEMAR",0,0.333333333333333,0.333333333333333,1,0,0,0
14310,"USUARIA REFIERE QUE SU EX PAREJA SIGUE BUSCÁNDOLA, MENCIONA QUE LE HA AMENAZADO CON NO DARLE PENSIÓN, MENCIONA QUE DESPUÉS DE LA DENUNCIA EL SIGUE MOLESTANDO, LE LLAMA DE DIFERENTES NUMEROS, COMENTA QUE LE DICE QUE NO SABE CON QUIEN SE METIÓ, LE OFRECE DINERO A CAMBIO DE SEXO, MENCIONA QUE ELLA BLOQUE LOS NUMERO, Y CUANDO ELLA NO LE CONTESTA MENCIONA QUE EL LE HABLO A UNA AMIGA AMENAZANDO CON HACERLE DAÑO, TAMBIEN COMENTA QUE SUS EX CUÑADA LA HAN INSULTADO .",0.666666666666667,0,0,1,0.666666666666667,0.333333333333333,0
14322,"USUARIA REFIERE QUE EL LUNES TUVO UNA DISCUSION CON SU PAREJA DONDE ELLA LE PREGUNTO QUE CUANTO DINERO TRAIA POR QUE HABIA VENDIDO UN CELULAR Y EL LE DIJO QUE 500 PESOS Y EN ESO LE DIO UNA CACHETADA, MENCIONA QUE NO ES LA PRIMERA VEZ QUE LA AGREDE SIEMPRE LA HA GOLPEADO Y SIEMPRE SE LA PASA ACOSANDOLA EN EL TRABAJO SIEMPRE ESTA AFUERA DE SU TRABAJO CUANDO ELLA SALE Y SI NO LE HACE CASO SE LA PASA SIGUIENDOLA PARA VER QUE ES LO QUE HACE",0.333333333333333,1,0,1,0,0,0
14327,"USUARIA REFIERE QUE QUE EL DIA DE AYER SU EX PAREJA TUVIERON UNA DISCUSION DONDE EL LA AVENTO CONTRA LA PARED, LUEGO LA MORDIO DE LA BOCA Y EN LA NOCHE ESTUVO INTENTANDO ABRIR LA VENTANA Y PRENDIENDO EL ENCENDEDOR PARA VER CON QUIEN ESTA Y SIEMPRE SE LA PASA AMENAZANDOLA QUE SI LA LEGA A VER CON ALGUIEN MAS LA VA A MATAR Y HOY EN LA MAÑANA ELLA SALIO DE SU CASA Y FUE CON UN HERMANO A LA IGLESIA Y EN EL CAMINO SE LO TOPO LE DIJO QUE PINCHE VIEJA PUTA.",0,0.666666666666667,0.333333333333333,1,0,0,0
14330,"MADRE DE USUARIA MENOR DE EDAD REFIERE QUE HACE DOS MESES ELLA SE ENCONTRABA SENTADA EN EL SILLON DE LA SALA EN CASA DE SU ABUELITA, EN ESO SU TIA Y SU ABUELITA ENTRARON AL BAÑO Y EN ESO ENTRO A LA SALA SU TIO POLITICO Y ELLA CUANDO LO MIRO SE TAPO CON LA COBIJA HASTA ARRIBA Y EL SE ACERCO Y LE EMPEZO A TOCAR SUS PARTES INTIMAS Y CUANDO ESCUCHO QUE YA IBAN SALIENDO DEL BAÑO, SE QUITO MUY RAPIDO",0,0,0,0.666666666666667,1,0,0
14338,"USUARIA DICE QUE ANOCHE SU PAREJA EMPEZO A CONSUMIR CRISTAL Y ANDABA BIEN ACELERADO, HOY POR LA MAÑANA ELLA DESPERTO PORQUE ESCUCHO A SU HERMANA GRISTANDOLE A EL POR QUE LE QUITO SU TELEFONO, ELLA INTERVINO Y TAMBIEN LE QUITO SU CELULAR, DESPUES DE ESO EL LA EMPEZO A GOLPEAR E INSULTAR QUE ERA UNA PUTA QUE NO VALIA MADRE QUE ERA UNA PENDEJA Y LE EMPESO PEGAR EN LA CARA A PUÑETAZOS ADEMAS QUE LE PEGO EN EL CUERPO, LLAMO A LA POLICIA PERO YA SE HABIA HIDO. LA USUARIA MENCIONA QUE YA LO A CORRIDO DE LA CASA PERO EL REGRESA Y ES AGRESIVO CON ELLA ADEMAS DICE QUE YA NO QUERE ESTAR EL QUE QUIERE QUE LA DEJE EN PAZ, LA AMENAZA CON QUITARLE EL NIÑO.",0,1,0.666666666666667,1,0,0.333333333333333,0
14350,USUARIA REFIERE QUE ANOCHE SU EX PAREJA ESTABA ACOHOLIZADO Y EMPEZARON A DISCUTIR DONDE EL LA SACO DE LA CASA A EMPUJONES Y ESTE EMPEZO A DARLE PUÑETASOS EN LA CARA Y EN TODO EL CUERPO Y ELLA LE DECIA QUE PARARA QUE YA ESTABA SANGRANDO MUCHO Y EL LE DECIA QUE YA PARA QUE COSTEARA Y EN ESO ELLA SALIO CORRIENDO PARA EL BAÑO PARA HABLARLE A SU MAMA Y AHI ESTE LE TIRO AL PISO Y LE EMPEZO A DARLE PATADAS EN TODOS EL CUERPO,0,1,0,0.666666666666667,0,0,0
14351,"LA USUARIA MANIFIESTA QUE VIENE PARA ACTUALIZAR SU MEDIDA DE PROTECCION, POR QUE SU EX PAREJA AUN SIGUE MOLESTANDOLA EL DIA SABADO A LAS 21:30 HRS. SU EX PAREJA LA INTERCEPTO AL INTENTAR ENTRAR A SU DOMICILIO, DONDE SU EX PAREJA QUISO LLEVARSE AL NIÑO, ELLA SE OPUSO, SIN EMBARGO E4L SE LO LLEVO, EL LE COMENZO A DECIR "" TE VOY A PARTIR TU MADRE PERO NO AHORITA, SI HUBIERA QUERIDO HACERLO YA LO HUERA HECHO PERO ME VOY A ESPERAR, A MI ME VALE MADRE QUE TENGAS ESOS PAPELES YO VOYA ESTAR DONDE TENGA QUE ESTAR""",0,0,0.333333333333333,1,0,1,0
14361,"USUARIA REFIERE QUE EL SABADO ELLA CUANDO ELLA LLEGO A SU TRABAJO YA ESTABA AHI UNOS DE SUS COMPAÑEROS Y EMPEZARON HABLAR NORMAL Y EN ESO EL LA TOMO DE SUS HOMBROS DANDOLE UN MASAJE Y ELLA SE QUEDO PARALIZADA NO SUPO QUE HACER Y EL SEGUI HACIENDOLO Y EN ESO EL BAJO SUS MANOS HASTA LA ESPALDA Y LA ABRAZO DE LA CINTURA, DANDOLE DOS BESOS EN EL CUELLO Y DESPUES LE ALSO LOS BRAZOS Y LE TOMO SUS PECHOS, ESO LO HIZO EN DOS OCASIONES Y ELLA FUE CUANDO YA REACCIONO Y SE QUITO Y EN ESO LLEGO OTRO COMPAÑAERO Y ELLA SE FUE PARA CON EL.",0,0,0,0.666666666666667,1,0,0
14366,"LA USUARIA MANIFIESTA QUE APRXIMADAMENTE A LAS 12:00 AM EL AGRESOR QUE ES SU EXPAREJA ARRIBO AL DOMICILIO DICIENDOLE "" A CHINGAR TU MADRE NO VALES VERGA NO SIRVES NI COMO MUJER"" Y DANDOLE UN GOLPE EN EL LABIO Y LA NARIZ OCASIONADOLE UNA HERIDA, ELLA DESEA PRESENTAR DENUNCIA DE LOS HECHOS, PASARA A LA AREA JURIDICA PARA PENSION DE ALIMENTOS, GUARDA Y CUSTODIA, TERAPIA PSICOLOGICA",0.666666666666667,1,0,1,0,0,0
14369,"LA USUARIA MANIFIESTA QUE APROXIMADAMENTE A LAS 11:00 AM EL AGRESOR QUE ES SU ESPOSO, COMENZO A PELEAR CON LA USUARIA POR QUE ELLA NO QUERIA ALMORZAR CON EL YA QUE LA USUARIA LE DIJO QUE LE EINTERESABA MAS BUSCAR UN TRABAJO YA QUE EL NO TRABAJA Y NO LE DA PARA EL NIÑO QUE AMBOS PROCREARON. EL LA APRETO DE LOS BRAZOS FUERTEMENTE PARA QUE NO SE FUERA Y SACANDO UNA ARMA BLANCA Y EL QUERIENDO AUTOLESIONAR EN LOS BRAZOS Y DICIENDOLE TE VOY A MATAR. ELLA DESEA PRESENTAR DENUNCIA DE LOS HECHOS. DEMANDA DE GUARDA Y CUSTODIA, DIVORCIO , PENSION DE ALIMENTOS, TOMA TERAPIA PSICOLOGICA",0.666666666666667,1,0,1,0,0,0
14392,"USUARIA REFIERE QUE SU EX CONCUBINO LA AMENAZA FRECUENTEMENTE, DICIENDOLE QUE CONOCE A MUCHA GENTE Y LES DIRA QUE LE SU PARTAN A ELLA SU MADRE QUE NO SE LA VA A ACABAR, LA VA MANDAR A LA CHINGADA YA QUE CONOCE POLICIAS Y DEMAS AUTORIDADES. USUARIA MENCIONA TENER MIEDO Y NO QUIERE QUE EL SE LE ACERQUE",0,0,0,1,0,0,0
14397,"REFIERE USUARIA QUE APROXIMADAMENTE A LAS 09:30H ELLA ESTABA EN SU LUGAR DE TRABAJO Y SU EX PAREJA DICIENDOLE BUENOS DIAS QUE QUERIA CONSUMIR, ELLA LE DIJO QUE NO QUE FUERA A OTRO LADO QUE HABIA MAS PUESTOS Y LE SEÑALO VARIOS PUESTOS MAS, EL LE DIJO QUE ERA CUALQUIER OTRO CLIENTE, QUE LE DIERA Y QUE SI NO LE DA EL TRABAJABA EN SALUBRIDAD Y QUE LA IBA A LEVANTAR, QUE TENIA QUE PROBAR EL PRODUCTO PARA NO CERRAR EL NEGOCIO, QUE CUANTO PUEDE VALER ELLA QUE NO PUEDE PAGARLE PARA QUE ESTUVIERA CON EL, ELLA KLE DIJO QUE NO TENIA NADA QUE HACER AHI PUES YA ERAN 4 AÑOS SEPARADOS, EL LE DECIA QUE SE INDEPENDIZARA DE SU ESPOSO, ELLA LE DA LAS Y EL SE LE HACERCA DEMACIADO Y CON DOS DEDOS Y UN BILLETE LE HACERCA LA MANO DEL CUELLO AL PECHO PERO ELLA LE LOGRA QUITAR LA MANO Y LE DICE QUE ASI ESTABA BIEN QUE SE VALLA, EN ESO LLEGA EL ESPOSO DE LA USUARIA Y LE DICE QUE QUE QUERIA AHI, EL LE DICE QUE SOLO FUE A COMPRAR Y QUE NO LE ESTA DICIENDO NADA PORQUE SI EL LO TOCA EL LOS IBA ALEVANTAR, QUE EL ERA DE SALUBRIDAD Y ENSEÑO UN GAFETE Y METIO A LA FISCALIA, EL LE DIJO QUE SE FUERA PORQUE ELLA YA ERA SU ESPOSA, EL LE DIJO QUE YA NO QUERIA NADA CON ELLA QUE ELLA ERA UNA PUTA Y QUE NO LE INTERESABA, SU ESPOSO LE DICE QUE SE CALLE Y QUE SE FUERA, EL LOS AMENAZO QUE ESTAB EN FISCALIA Y QUE LOS IBA A LEVANTAR Y ENTRE LOS DOS SE EMPIEZAN A INSULTAR CON GROSERIAS Y LE DIJO A ELLA QUE SI LE DABA UNA SORPRESA IBA A IR FISCALIA, SE PUSO HABLAR POR TELEFONO POR MEDIA HORA PERO NADIE FUE, Y EL DETUVO A UNA PATRULLA Y ELLOS LE DIERON LA RAZON A LA USUARIA, MENSIONA USUARIA QUE HABIA PASADO POR AHI Y LA VIO, HUBICANDOLA, PERO NO FUE, SOLO SE BAJO DE LA CAMIONETA Y SE RETIRO DESPUES",0,0.333333333333333,0.333333333333333,1,0.666666666666667,0,0
14406,"USUARIA MENCIONA QUE EL VIERNES ELLA SE ENCONTRABAJA TRABAJANDO Y LE LLAMARON DE LA ESCUELA DEBIDO A QUE LE INFORMAN QUE NO HABIAN IDO A RECOGER A SU HIJA, A LO QUE ELLA LE MARCA A SU PAREJA Y ESTE ENOJADO DICE QUE ESO ES MENTIRA, MENCIONA QUE LE PIDE A OTRO FAMILIAR QUE VAYA POR LA MENOR, Y DESPUES POR ELLA AL TRABAJO, ELLA DECIDE MEJOR ABANDONAR EL DOMICILIO POR EL COMPORTAMIENTO DE SU PAREJA Y AL LLEGAR POR SUS PERTENCIAS ESTE COMIENZA A INSULTARLA, L MIENTA LA MADRE, ELLA LLAMA A LA PATRULLA PARA PODER ENTRAR POR OPA, MENCIONA QUE LLEGO LA PATRULLA Y SOLO ALCANZO A SACAR UN CAMBIO DE ROPA Y DINERO, MENCIONA QUE DESPUES LE HABLA Y LE DICE QUE VAYA SOLA CON LA NIÑA AL DOMICILIO QUE REGRESE Y SI NO REGRESA QUE VA A SACARLE LAS TRIPAS A SU FAMILIA Y ESO VA SER CULPA DE ELLA, MENCIONA QUE POR WTHASAPP LE ENVIO UNA FOTO DONDE ESTA CON UNA NAVAJA, MENCIONA QUE EL CONSUME DROGAS Y QUE EL DIA JUEVES LA OBLIGO A TENER RELACIONES SEXUALES. TAMBIEN MENCIONA QUE EL NO PROPORCIONA ECONÓMICAMENTE CON LOS GASTOS DE LA MENOR",0.666666666666667,0.333333333333333,0.333333333333333,1,0.666666666666667,0.333333333333333,0
14408,"USUARIA REFIERE QUE A LAS 3:AM APROXIMANDAMENTE, ELLA SE ENCONTRABA DORMIDA EN EL DOMICILIO CONYUGAL, EL AGRESOR ENTRO A LA HABITACION, CERRANDO LA PUERTA CON SEGURO Y JALANDO DEL CABELLO A LA USUARIA RECLAMANDOLE QUE ELLA ANDA CON OTRAS PERSONAS, PONIENDOLE EL PUÑO EN EL ROSTRO PARA SOMETERLA, TAPANDOLE LA BOCA PARA QUE NO GRITARA, LOGRANDO AVENTARLA A LA CAMA , COMENZARON A FORCEJEAR, DEJANDOLE MARCAS EN LOS BRAZOS DEBIDO A LA FUERZA DEL AGRESOR, DURANTE EL FORCEJEO EL PR ABRE LA PUERTA Y ELLA LOGRA SALIR CORRIENDO DEL DOMICILIO AL MOMENTO DE BRINCAR LA BANQUETA EL AGRESOR LA LOGRA ABRAZAR PARA CARGARLA Y METERLA A LA FUERZA AL DOMICILIO, COMIENZAN A FORCEJEAR NUEVAMENTE LOGRANDO SAFARSE. ELLA SALE CORRIENDO AL DOMICILIO DE SU HIJO, QUIEN VIVE A 3 CASAS DE LA USUARIA, EMPIEZA A TOCAR LA PUERTA DEL DOMICILIO DESESPERADAMENTE Y FUERTEMENTE PARA PEDIR AUXILIO YA QUE EL AGRESOR VENIA DETRAS DE ELLA. EL HIJO ABRE LA PUERTA , EL AGRESOR SE METE AL DOMICILIO RECLAMANDOLE AL HIJO EL TELEFONO DE LA USUARIA DONDE SUPUESTAMENTE EL ENCONTRO NUMEROS DE OTROS HOMBRES. EL SE SALE DEL DOMICILIO, AL DIA SIGUIENTE EN LA MAÑANA ACUDE NUEVAMENTE A CASA DEL HIJO PARA PEDIRLE A LA USUARIA QUE REGRESARA A LA CASA ""VAMONOS PARA LA CASA NO TE VOY HACER NADA"",. ELLA REGRESA MAS TARDE AL DOMICILIO PARA RECOJER SU BOLSA Y SE PERCATA QUE EL AGRESOR LE SACO DE LA BOLSA $300 PESOS. CABE MENCIONAR QUE EL AGRESOR ES ADICTO AL CRISTAL",0.666666666666667,1,1,0.666666666666667,0,0,0
14410,"USUARIA REFIERE QUE HACE UN MES ELLA DECIDE DEJAR EL DOMICILIO DONDE VIVÍA CON SU ESPOSO YA QUE EL CONSTANTEMENTE LA CORRÍA DEL DOMICILIO Y LE DECÍA QUE ERA UNA PUTA, MENCIONA QUE EN ESA OCASIÓN EL LA EMPUJO, Y LE DIO UN PUÑETAZO EN SU PECHO, MENCIONA QUE SU MENOR HIJA VIO QUE SU PAPÀ AGARRO UN CUCHILLO Y ENTRO AL CUARTO DONDE ESTABA SU MAMÀ, LA MENOR GRITO QUE NO LE HICIERA NADA A SU MAMA, MENCIONA QUE LA USUARIA ALCANZO A SALIR DEL DOMICILIO CON SUS HIJAS, EL LA INTERCEPTO EN LA CALLE Y LA JALO DEL CABELLO. COMENTA QUE EL INSISTE EN RETOMAR LA RELACIÓN, Y ELLA AL NEGARSE, EL COMIENZA A DECIRLE A LOS MENORES HIJOS QUE TIENEN EN COMÚN QUE SU MADRE ES LA CULPABLE DE QUE ELLOS SE SEPARARON, MENCIONA QUE LE DICE QUE SI ELLA NO REGRESA EL LA VA A SECUESTRAR Y QUE SI LA VE CON ALGUIEN MAS LA VA A MATAR. TAMBIEN MENCIONA QUE EN ALGUNA OCASION EL LA HA FORZADO EN TENER RELACIONES SEXUALES. SE OFRECE REFUGIO LA USUARIA NO ACEPTA.",0,1,0,1,1,0.333333333333333,0
14416,"REFIERE USUARIA QUE EL DIA DE HOY, A LAS 08:30 HRS DE LA MAÑANA , ELLA SE ENCONTRABA EN SU DOMICILIO CUANDO ELLA LLEGO DE DEJAR A SU HIJA , EL SE ENCUENTRA EN EL DOMICILIO Y ELLA LE PIDE QUE SE RETIRE LA CASA ES DE RENTA Y ELLA ES LA QUE LA RENTA, EL SE MOLESTA Y LA AMENAZA LE DICE YA VALISTE VERGA TE VOY A MATAR ALCAVO NO ESTA LA NIÑA , ELLA LE PIDE QUE SE VAYA NUEVAMENTE QUE NO QUIERE NADA SOLAMENTE QUE SE RETIRE Y EL DICE QUE SI , ELLA NO SOLTABA UNA EXTENCION PORQUE IBA A CONECTAR UN BEINTILADOR EL ALEGA QUE ES DE EL Y SE LA PEGA Y LE DA TOQUES , FORCEJEARON Y LE PIDE NUEVAMENTE QUE SE RETIRE Y QUE SE VAYA , NO ES LA PRIMERA VES QUE OCURRE UNA SITUACION COMO ESTA , ELLA MARCA A LA POLICIA Y SE ENCERRO EN SU CUARTO PONE SEGURO Y CUANDO ESTA MARCANDO EL GOLPEA TAN FUERTE LA PUERTA QUE SE ATORA Y EL S EVA DESPUES DE ESO, LLEGA LA POLICIA Y TUMBAN LA PUERTA PARA SALIR, ELLA DESEA PRESENTAR DENUNCIA ANTE MINISTERIO PUBLICO.",0,1,0.666666666666667,1,0,0,0
14427,"LA USURIA MANIFIESTA QUE SE ENCONTRABA EN EL DOMICLIO COMUN CON SU PAREJA COMENZARON A DISCUTIR POR QUE EL VIDRO ESTABA QUEBRADO, DE UNA AGRESION QUE HABIA OCURRIDO ANTERIORMENTE EL LE DIJO QUE LE MARACARA A LA PERSONA QUE LOS VENDEN, ELLA SE NEGO POR QUE SU HIJA ESTABA UTILIZANDO EL TELEFONO, EL SE MOLESTA TOMA EL TELEONO Y LO ROMPE,A LA USUARIA SE LE HACE FACIL TOMAR UNA CARPETA DONDE HABIA PAPELES DE EL QUERIENDO ROMPERLOS, EL TOMA EL ASADON Y LE DICE ""SUELTALOS O CON ESTE TE VOY A MATARA"", COMIENZAN A FORCEJEAR EL SUELTA EL ASADON Y COMIENZA A GOPEARLA CON SUS MANOS. LOS VECINOS MARCAN A LA POLICIA Y EL FUE PUESTO A DISPOSICION DEL MP. SE LE OFRECE SERVICIO DE REFUGIO Y LO RECHAZA SOLAMENTE DESEA DENUCIAR EL HECHO",0,1,1,1,0,0,0
14444,"LA USUARIA MANIFIESTA QUE HOY A LAS 9:00 DE LA MAÑANA ELLA ALISTA EL NIÑO PARA LLEVARLO AL COLEGIO, CUANDO EL SEÑOR LE DICE QUE NO LO VA A LLEVAR CAMINANDO, QUE YA PIDIO UN DIDI, LA USUARIA SALE CON EL NIÑO CAMINANDO CUANDO DE REPENTE LA ALCANZA EN UN VEHICULO Y TOMA EL NIÑO PARA SUBIRLO, LA USUARIA LE DICE QUE ELLA NO SE VA A SUBIR QUE LE DE AL NIÑO, PERO ESTE LE DICE QUE SE SUBA, ELLA SE SUBE PARA NO HACER UN ESCANDALO, CUANDO LLEGAN AL KINDER, ESTA TOMA EL NIÑO Y SE BAJA A ENTREGARLO Y ESTE SE VA EN EL VEHICULO, ELLA LO ENTREGA Y SALE, COMO NO LO VE EMPIEZA A CAMINAR RUMBO A SU CASA, SE LO TOPA Y LE QUITA UNA BOLSA TIPO MOCHILA Y LE DA 2 PATADAS EN EL PIE IZQUIERO Y LE ARREBATA EL TELEFONO, Y SE ADELANTA A LA CASA, CUANDO LA USUARIA LLEGA AL HOGAR CONYUGAL NO LE ABRE, ELLA TRATA DE QUITAR UNA VENTANA PARA ENTRAR, PERO AL FIN ABRE LA PUERTA, LE DA UNA CACHETADA DE ENTRADA Y LA TIRA AL PISO, TIRADA EN EL PISO LE DA DE PATADAS EN LA ESPALDA PARTE BAJA LA LEVANTA DE LAS TRENZAS Y LA AVIENTA EN EL SILLON, LASTIMANDOSE CON LA ESQUINA DE ESTE EN LA ESPALDA, ESTA TRATA DE DEFENDERSE PERO EL LA SOMETE Y LA TRATA DE ASFIXIAR, ELLA SIENTE QUE LE FALTA EL AIRE, Y TRATA DE MANOTEAR ESTE LA DEJA QUE AGARRE AIRE Y REPITE EL AHORCAMIENTO DICIENDO QUE SI QUIERE QUE LA PUEDE MATAR, QUE PORQUE ES UNA PUTA, ELLA LE DICE SI SOY PUTA PUES DEJAME, EN ESO LLEGA LA MAMÁ DE LA USUARIA Y HABLA A UNA PATRULLA EL DONDE EL SE HACE LA VICTIMA Y LO DETIEE LA POLICIA ESTATAL. LA USUARIA PRESENTA DENUNCIA POR LESIONES Y SOLICITA MEDIDA DE PROTECCIÓN.",0,1,1,0.666666666666667,0,0,0
14448,"LA USUARIA MANIFIESTA QUE TENÍA UNA RELACIÓN DE UNIÓN LIBRE DESDE HACE 03 AÑOS. MENCIONA QUE EN FEBRERO DEL PRESENTE AÑO, EMPEZARON A IR PORQUE EL PASTOR DIO UN AVISO YA QUE LA MENOR NO ESTABA LLENDO A LA ESCUELA, LUEGO SUPIERON QUE LA PAREJA DE LA USUARIA OBLIGABA A LA MENOR DE 14 AÑOS A PRACTICARLE SEXO ORAL Y TAMBIÉN LA VIOLÓ VÍA ANAL. DICE QUE ACTUALMENTE HAY UN PROCESO EN LA FISCALÍA, EN LA CUAL SU PAREJA ESTÁ EN PRISIÓN PREVENTIVA (POR VIOLACIÓN A SU PROPIA HIJA),Y SU MENOR HIJA DE 14 AÑOS ESTÁ EN RESGUARDO. DICE QUE ELLA HA EXPERIMENTADO VIOLENCIA PSICOLÓGICA, FÍSICA, (TORTURA) Y SEXUAL, VAGINAL Y ANAL, POR SU SEGURIDAD Y PAZ EMOCIONAL DECIDIÓ VENIRSE CON SUS HIJAS. LA USUARIA SEÑALA QUE POR LA MADRUGADA, RECIBIÓ MENSAJES VÍA MSN DONDE DICE QUE YA CASI V A A SALIR, Y QUE SE CUIDE ELLA Y SU HIJA. CREE QUE SON DE SU EX PAREJA, PERO BORRÓ LAS CONVERSACIONES.",0,1,0,1,1,0,0
14453,"20 AÑOS DE CASADA, 3 HIJOS EN COMUN, REFIERE VIOLENCIA PSICOLOGICA, FISICA Y ECONOMICO-PATRIMONIAL, REFIERE EL ES MUY AGRESIVO Y VIOLENTO CON USUARIA Y SUS HIJAS, REFIERE CONSUME VARIAS DROGAS, REFIERE DESDE ANOCHE, POR CELOS Y MACHISMO SE PUSO GROSERO LE AVENTO UNA MES Y TODO LO QUE TENIA ENCIMA, ULTIMO HECHO USUARIA LE PIDIO QU SE FUERA DEL DOMICILIO EN MEDIO DE LA DISCUSION AGRESOR JALONEO A USUARIA Y LE GOLPEO UNA PIERNA CON UN PALO, AMENAZO A USUARIA DE MUERTE, DESPUES LO DETUVIERON.",0.666666666666667,1,0.666666666666667,1,0,0,0
14461,"UN AÑO VIVIENDO EN UNION LIBRE CON AGRESOR, LA VIOLENCIA COMENZO A PARTIR DE OCTUBRE DEBIDO A QUE EL SEÑOR RETOMABA SU ADICCIÓN AL ALCOHOL Y A LAS DROGAS, POR TAL MOTIVO EMPEZABA A VIOLENTARLA DE MANERA PSICOLOGICA, FISICA CON AMENAZAS DE GOLPES Y MUERTE. GOLPEANDO CON OBJETOS, TAMBIEN LA FORZABA A TENER RELACIONES SEXUALES, ULTIMA VEZ AYER, ULTIMO HECHO HOY APROXIMADAMENTE A LAS 4:00 HORAS, DROGADO Y TOMADO LA CELO, AGREDIO VERBAL Y FISICAMENTE AMENAZO DE GOLPES Y MUERTE UTIIZANDO DESARMADOR Y CUCHILLO. AGRESOR DETENIDO PASA A DENUNCIA Y PSICOLOGIA. SE LE BRINDA EL SERVICIO DE REFUGIO SIN EMABRGO NO LO ACEPTA.",0,1,0.333333333333333,0.666666666666667,1,0,0
14463,"REFIERE USUARIA QUE EL DIA DOMINGO A LAS 19.30 HRS DEL A TARDE, ELLA SE ENCONTRABA EN EL DOMICILIO DE SU MAMA, CUANDO SU EX PAREJA LE DIJO QUE LE IBA A COMPRAR A SU HIJA ZAPATOS Y UTILES PARA LA ESCUELA, EL PASA POR ELLA, PERO UN DIA ANTES LA MENOR TAMBIEN SE FUE CON EL Y SE REGRESO PORQUE NO QUERIA ESTAR CON SU PAPA, LA USUARIA TIENE UN JUICIO DE CONVIVENCIAS EN LOS JUZGADOS FAMILIARES, DONDE SE OTORGA LA GUARDA Y CUSTODIA A LA USUARIA Y DONDE AL AGRESOR LE TOCAN CONVIVENCIAS LOS DIAS SABADOS A LAS 12:00 HRS QUE CONCLUYEN EL DOMINGO A LAS 20.00 HRS HORARIO CON EL CUAL EL AGRESOR NO CUMPLE, EL DIA DOMINGO PASA POR SU HIJA, DESPUES YA NO TUVIERON CONTACTO CON EL, HASTA EL DIA LUNES LE MARCO A LA USUARIA DICIENDOLE QUE EL DIA LUNES PIDIO EL DIA PARA ESTAR CON ELLA, Y QUE SE LA REGRESABA MAS TARDE, EL NO LA REGRESO, ELLAS LE INTENTARON MARCAR PERO EL NO CONTESTO Y DESCONOCEN EN QUE DOMICILIO SE ENCUENTRA LA MENOR, DESEA ASESORIA JURIDICA PARA TENER LA CERTEZA DE LA GUARDA Y CUSTODIA, PRESENTAR DENUNCIA ANTE MINISTERIO PUBLICO Y ACOMPAÑAMIENTO A LA RECUPERACION DE MENOR.",0,0,0,0.666666666666667,0,1,0
14469,"USUARIA HA VIVIDO CONSTANE VIOENCIA PSICOLOGICA POR SU PAREJA, CUANDO SE ENCUENTRA ALCOHOLIZADO REALIZA INSULTOS, OFENSAS Y LA CORRE DEL DOMICILIO COMUN, DISCUTE, RECLAMA A USUARIA QUE SU HIJA MAYOR DE EDAD DECIDIO IRSE DE LA CASA, EMPEZO CON AGRESIONES VERBALES HACIA USUARIA CULPABILIZANDOLA, DURANTE LA AGRESION SU PAREJA EMPLEA UN CUCHILLO Y LO PASO POR EL CUELLO DE ELLA, ACUTUALMENTE SE ENCUENTRA DTENIDO, USUARIA DESEA PRESENTAR DENUNCIA CORRESPONDIENTE REFIERE USUARIA QUE EL MOTIVO QUE SU HIJA SE HAYA IDO DE LA CASA FUE POR TOCAMIENTOS QUE SU PADRE REALIZABA DESDE HACE TIEMPO.",0,0.666666666666667,0,1,1,0,0
14474,"USUARIA REFIERE QUE HOY APROXIMADAMENTE A LAS 6:00 AM ELLA SE ENCONTRABA AREGLANDO PARA IRSE A TRABAJAR Y ELLA SALIO AFUERA POR UNA BOLSA Y DEJO LA PUERTA MEDIO ABIERTA Y ELLA ENTRO AL CUARTO A CAMBIARSE Y ELLA YA SE ESTABA PONIENDO EL PANTALON CUANDO ALGUIEN ENTRO A SU CUARTO Y LA SUJETO DE LA CABEZA QUERIENDOLA AVENTAR A LA CAMA Y AHI EN EL FORCEJEO EL LE TORCIO LOS DEDOS, ARRANCANDOLE LOS ARETES Y EN ESO ELLA PUDO ENDEREZAR LA CABEZA Y LE DIJO QUE ELLA YA SABIA QUIEN ERA Y QUE LO CONOCIA, POR QUE TIENE POQUITO VIVIENDO EN LA COLONIA Y ELLA CUANDO LLEGA DE TRABAJAR EL VA PARA SU TRABAJO SIEMPRE SE TOPAN EN EL CAMINO",0,1,0,0.666666666666667,0.666666666666667,0,0
14494,"USUARIA REFIERE QUE AYER TUVO UNA DISCUSION CON SU PAREJA POR QUE EL LE ROBO UN DINERO DE SU CAMIONETA Y ELLA FUE A BUSCARLO PARA QUE SE LO REGRESARA Y EL LE DECIA QUE NO LE IBA ENTREGAR NADA Y QUE SE LARGARA DE AHI Y FUE CUANDO LE ABRIO LA PUERTA DE CAMIONETA Y LA EMPEZO A ESTRUJAR DEL BRAZO Y LUEGO LA EMPEZO AHORCAR DICIENDOLE QUE SE LARGARA DE AHI QUE NO LE IBA A REGRESAR NADA DE DINERO QUE SE LARAGARA A CHINGAR SU MADRE Y EL SE ENCUENTRA DETENIDO EN LAS INSTALACIONES, AVENTANDOLE UNA PIEDRA AL VIDRIO DE ENFRENTE DEL CAMIONETA ESTRELLANDOSELO",0.666666666666667,1,1,1,0,0,0
14515,"REFIERE USUARIA QUE HACE TRES MESES ELLA DEJO A SU EX PAREJA Y EL DIA DOMINGO A LAS 12.00 HRS DE MEDIO DIA , ELLA SE ENCUENTRA EN SU DOMICILIO SE DESPIERTA Y SE DA CUENTA QUE AL PRENDER SU CARRO LA BANDA ESTABA REVENTADA Y LA LLANTA PONCHADA, DIAS ATRAS EL AGRESOR A REALIZADO LOS MISMOS ACTOS DE VIOLENCIA EN CONTRA DE LA CAMIONETA DE LA USUARIA EN TRES OCACIONES, Y EL SE LA PASA HOSTIGADO A LA USUARIA HACIENDO FACEBOOK FALSOS PARA MOLESTARLA, , EL AGRESOR FUE A GRITARLE A SU TRABAJO QUE TIENEN UNA CITA EN FISCALIA ELLA NO HA RECIBIDO NINGUNA NOTIFICACION EN SU DOMICIILIO SOLO LLAMADAS DONDE LE DICEN QUE SE PRESENTE Y QUE TENE UN CITATORIO, ELLA DESEA PRESENTAR DENUNCIA ANTE MINISTERIO PUBLICO.",0,0,1,1,0,0,0
14519,MADRE DE USUARIA MENOR DE EDAD REFIERE QUE EL VIERNES SALIO CON SU EX PAREJA A UNOS JUEGOS Y ELLA SE BAJO AL OXXO Y LE DEJO EL CELULAR A SU MENOR HIJA Y ELLA GRABO Y SE ESCUCHAS QUEDIDOS DE LA MENOR Y CUANDO ELLA REGRESO SE DIO CUENTA DE QUE LA MENOR TENIA SANGRE EN SU BLUSA Y EL TAMBIEN TRAIA EN SU CAMISA,0,1,0,0.666666666666667,0,0,0
14525,"USUARIA REFIERE QUE ELLA TIENE CUSTODIA COMPARTIDA DE SU HIJO CON SU EX PAREJA DONDE EL YA NO SE LO QUIERE PRESTAR AL MENOR POR QUE SE ESTABA DROGANDO Y CADA RATO SE LO LLEVA LA POLICIA , MENCIONA QUE EL DIA DE AYER FUE A SU CASA DICIENOLE QUE LE ENTREGARA AL NIÑO Y ELLA LE DIJO QUE MAÑANA FUERA POR EL Y EL LE DIJO QUE APOCO SE CREIA BIEN VERGA QUE IBA A VALER VERGA, QUE SE LA IBA A LLEVAR SU PUTA MADRE Y QUE VA IR A LA CASA DE SU CUÑADA A QUEMARSELA Y QUE ELLA LE TIENE MUCHO MIEDO YA QUE ES UNA PERSONA MUY AGRESIVA, MENCIONA QUE EN LA NOCHE LA SUBIO A REDES SOCIALES QUEMANDOLA",0,0,0,1,0,0.333333333333333,0
14534,"USUARIA REFIERE QUE EL DIA DE AYER ELLA FUE A DEJARLE LONCHE A SU HIJO Y CUANDO REGRESO SU PAREJA YA SE HABIA LEVANTADO YA QUE EL YA TENIA DOS DIAS DORMIDO Y LE EMPEZO A DECIR QUE DE SEGURO VENIA DE CON OTRO HOMBRE QUE ANDABA DE PUTA, QUE DEPERDIDO LES COBRARA , LE EMPEZO A DAR PUÑETASOS EN LA CARAY CABEZA, DESPUES AGARRO UN JUGUETE DE LOS NIÑOS Y SE LO AVENTO EN LAS PIERNAS Y ELLA LE DIJO QUE LE IBA HABLAR A LA POLICIA POR QUE YA ERA MUCHO YA QUE NO ES LA PRIMERA VEZ QUE LA GOLPE A Y EL LE DIJO QUE LE HABLARA OERO QUE CUANDO SALIERA IBA A SALIR DIRECTO A MATARLA, YA QUE EL AGRESOR AHORITA SE ENCUENTRA DETENIDO",0,1,0.333333333333333,1,0,0,0
14561,"LA USUARIA MANIFIESTA QUE A LAS 08:30AM, ESA ES LA HORA EN LA QUE SU AÚN ESPOSO ENTREGA A SUS MENORES HIJOS DESPUÉS DE LA CONVIVIENCIA. LA USUARIA AYUDÓ A BAJAR A SUS MENORES HIJOS DE LA CAMIONETA Y ENTONCES SU ESPOSO APROVECHÓ PARA METERSE A LA CASA, EMPEZÓ A TOMAR DOCUMENTACIÓN DE LA USUARIA, 3 MIL PESOS EN EFECTIVO Y EL CELULAR, ÉL LE DIO ""SÁCATE DE AQUÍ HIJA DE TU CHINGADA MADRE DE MI CASA"", PARA LUEGO SALIR DE LA CASA, LA USUARIA INTENTÓ ALCANZARLO, ÉL SE SUBIÓ A LA CAMIONETA, LA USUARIA LO ALCANZA, EMPIEZA A BUSCAR SUS COSAS, FORCEJEARON, ÉL EMPIEZA A TIRARLE GOLPES, Y A DARLE MARCHA AL VEHÍCULO. LA USUARIA SE SIENTE AGOTADA DE LA SITUACIÓN, TIENE UN ABOGADO PARTICULAR QUE LE VA A VER EL DIVORCIO, DESEA HACER UN INICIDENTE EN SU JUICIO ESPECIALIZADO Y UNA COMPARECENCIA SOBRE EL ACTUAL HECHO.",0.666666666666667,1,1,1,0,0,0
14564,"LA USUARIA MANIFIESTA QUE APROXIMADAMENTE A LAS 9:00 AM EL AGRESOR QUE ES UN DESCONOCIDO YA LLEVABA DIAS MOLESTANDOLA PERO ESTA VEZ EL LA SIGUI HASTA LA CASA DICIENDOLE "" ME GUSTAS MUESTRAME TU CUERPO TE QUIERO VER TE QUIERO PARA MI"" EL PADRE DE LA USUARIA LLAMO Y SE ENCUENTRA DETENCIO ELLA NO SABE COMO SE LLAMA EL AGRESOR DESEA PRESENTAR DENUNCIA DE LOS HECHOS. TOMAR TERAPIA PSICOLOGICA",0,0,0,1,0.666666666666667,0,0
14569,"USUARIA REFIERE QUE AYER LE DIJO QUE NO VALE VERGA, QUE ES UNA MIERDA, UN DÍA DE ESTOS TE VOY A MATAR, MENCIONA QUE LE AVENTÓ EL CELULAR PARA GOLPEARLA PERO LA USUARIA MENCIONA QUE ELLA ALCANZO A MOVERSE Y EVITAR QUE EL CELULAR LA LESIONARA, COMENTA QUE DESPUÉS TOMO UNAS PIEDRAS Y SE LAS AVENTÓ A SU VEHÍCULO, E INCLUSO INTENTO GOLPEARLA CON UNA PIEDRA A ELLA, ,MENCIONA QUE LE HA DICHO QUE LE FALTA FILETEAR A LA PAREJA DE LA USUARIA, MENCIONA QUE CONSTANTEMENTE LA INSULTA A ELLA Y TAMBIEN MENCIONA QUE SU HIJA TAMBIÉN LA INSULTA Y AMENAZA DE MATARLA.",0,0.666666666666667,1,1,0,0.333333333333333,0
14582,"USUARIA REFIERE QUE 1 MES TERMINO UNA RELACIÓN PERO SU EX PAREJA NO ACEPTA QUE LA RELACION TERMINE, LA USUARIA MENCIONA QUE LA HOSTIGA, LE DICE QUE NO VALE NADA, QUE ELLA TIENE A MUCHOS A AMANTES, QUE SE VAYA A LA VERGA, MENCIONA QUE LA AMENAZA CON HACERLE DAÑO A SUS HIJO, HACE UN MES LA ESTRUJO Y LA AVENTO, LE QUITO SU CELULAR Y SE LO DESTRUYO, LE ECHO CERVEZA ENCIMA, Y COMENZÓ A GRABARLA DICIÉNDOLE QUE ESE VÍDEO SE LO MANDARÍA A SUS HIJOS, MENCIONA QUE EL SÁBADO LE MARCO POR TELÉFONO Y LE DIJO QUE LA IBA A MATAR Y LA IBA A QUEMAR.",0,0.333333333333333,1,1,0,1,0
14588,"USUARIA ACUDE A DENUNCIAR A SU EX PAREJA, COMENTA QUE AYER SU PAREJA LA ESTRUJO, LE DECIA ERES UNA ""PENDEJA, TE VOY MATAR""MENCIONA QUE TOMO UN CUCHILLO, MENCIONA QUE ELLA ASUSTADA LE LLAMO A SU MAMA PARA QUE FUERA POR ELLA, YA QUE EL DIJO QUE LA IBA A DEJAR SALIR, MENCIONA QUE CUANDO LLEGO SU MADRE EL INTENTO AGREDIRLA TAMBIÉN, COMENTA QUE NO ES LA PRIMERA VEZ QUE EL ES AGRESIVO, MENCIONA QUE HACE DOS MESES LE DIO PUÑETAZOS EN LA CARA, COMENTA QUE EN ESA OCASIÓN LA AMENAZO QUE SI ELLA LO DEJABA LA IBA A MATAR.",0,0.666666666666667,0,1,0,0,0
14594,"USUARIA MENCIONA QUE SU EX PAREJA SE LLEVÓ A LA FUERZA A SU HIJO DE 12 AÑOS, COMENTA QUE ELLA ACUDIÓ CON SU HIJA AL DOMICILIO DE SU EX PAREJA POR EL MENOR, REFIERE LA USUARIA QUE HIJA SE BAJÓ DEL VEHÍCULO Y LLAMO AL MENOR, SALIÓ SU EX PAREJA Y LE DIJO QUE EL MENOR NO SE IBA A IR, MENCIONA QUE SU HIJA LLAMO NUEVAMENTE AL MENOR Y SU EX PAREJA LE DIO UN GOLPE EN LA CARA, POR LO QUE LA USUARIA SE BAJÓ DEL VEHÍCULO, MENCIONA QUE SU EX PAREJA LE DIO GOLPES EN LA CABEZA Y LA JALO, SUS HIJOS INTERVINIERON PARA QUITÁRSELO DE ENCIMA",0,1,0,0.666666666666667,0,1,0
14599,VIOLENCIA FAMILIAR DE TIPO PSICOLOGICO Y FISICO POR PARTE DE SU PAREJA EL CUAL LA VIOLENTO PORQUE LE QUERIA QUITAR EL CELULAR Y AL NO DARSELO LA USUARIA EL LA EMPEZO A GOLPEAR,0,1,0.333333333333333,0.666666666666667,0,0,0
14600,VIOLENCIA FAMILIAR DE TIPO PSICOLOGICO Y FISICO POR PARTE DE SU ESPOSO EL CUAL LA VIOLENTO PORQUE LE QUERIA QUITAR DINERO Y DOCUMENTOS PERSONALES Y AL NO DARSELO LA USUARIA EL LA EMPEZO A GOLPEAR E INTENTO EXTRANGULARLA,0.666666666666667,1,1,0.666666666666667,0,0,0
14610,"LA USUARIA MANIFIESTA QUE EL DÍA LUNES A LAS 18 HORAS, ACUDIÓ A SU CAPACITACIÓN EN DONDE EMPEZARÍA A PASEAR PERROS. AHÍ SE PRESENTÓ QUIEN ES EL DUEÑO DE LA EMPRESA. LE DIJO QUE CAMINARAN, ÉL TRAÍA PASEANDO UN PERRO, NUNCA LE PERMITIÓ TOMAR AL PERRO NI LE DIO NUINGUNA INSTRUCCIÓN. PERO LA USUARIA SE PERCATÓ QUE EN 4 OCASIONES ÉL LA ESTABA FOTOGRAFIANDO CON SU CELULAR DE MANERA HORIZONTAL CON SU CELULAR A LA ALTURA DE PIERNAS/GLÚTEOS. LA USUARIA SE SINTIÓ MUY INCÓMODA YLE DIJO QUE MEJOR NO QUERÍA EL TRABAJO. AL DÍA SIGUIENTE LA USUARIA SE CONTACTA POR REDES, Y VE EN LA PÁGINA QUE SI SE TOMAN FOTOS DE LOS EMPLEADOS PERO SÓLO CUANDO ESTÁN PASEANDO AL PERRO Y TRAEN EL UNIFORME., LE DICEN QUE ÉL ES UN HOMBRE CASADO Y NO TENDRÍA PORQUE TOMAR FOTOS. LA USUARIA SE SIENTE MUY VULNERABLE Y DESEA DENUNCIAR EL HECHO",0.333333333333333,0,0,0.333333333333333,0.666666666666667,0,0
14616,"USUARIA REFIERE QUE EL DIA DE AYER SU EX PAREJA FUE AL DOMICILIO A DEJAR A SUS HIJOS Y EL LE DIJO QUE LE DIERA OTRA OPORTUNIDAD Y COMO ELLA LE DECIA QUE NO ESTE SE MOLESTO Y SE FUE , PERO REGRESO Y LA MIRO QUE ESTABA CON EL CELULAR Y LA TOMO DEL CUELLO Y JALONEANDOLA DEL BRAZO Y LE DIJO QUE SI ELLA VENIA A PONERLE UNA DENUNCIA SE IBA A IR A LO LEGAL PARA QUITARLE EL NIÑO",0,1,0,0.666666666666667,0,0.666666666666667,0
14618,"LA USUARIA MANIFIESTA QUE A LAS 17:00 HORAS HACE MENCIÓN QUE LLEGA ELLA DE TRABAJAR Y LE DICE PORQUE NO HA HECHO NADA EN LA CASA DE ARRIBA QUE LE ESTABA HACIENDO UNOS ARREGLOS DE ALBAÑILERIA, A LO QUE EL LE DICE QUE YA ESTA HARTO QUE ESTA CANSADO Y QUE NO VA HACER NADA, A LO QUE LA USUARIA HACE MENCIÓN QUE YO CREO SE ESTA DROGANDO Y SE ESTA HACIENDO MANTENIDO, QUE ES UN TRABAJO Y QUE DE TODOS MODOS AUNQUE SEA FAMILIA LE VAN A PAGAR, A LO QUE EL LA EMPIEZA A INSULTAR Y LE DA UN PUÑETAZO EN LA CARA, A LO QUE EL LE TAPA LA BOCA Y LA METE A UNA RECAMARA, Y ESTE ENTRA AHI Y SE PONE A TAPARLE LA BOCA PARA QUE NO GRITE, Y LA TRATA DE AHORCAR SUJETANDOLA POR EL CUELLO, ELLA AL SENTIR QUE LE FALTA EL AIRE LE EMPIEZA A ARAÑAR EL CUELLO PARA QUE LA SUELTE, COMO PUEDE SE SUELTA Y ESTA SALE CORRIENDO, DE MIEDO SE VA A CASA DE UNA TIA DE ELLA, Y LO DEJA SOLO AHI EN LA CASA, ESTE LE MARCA Y LE MANDA MENSAJES PARA QUE LE PERDONE, PERO LA USUARIA NO QUIERE REGRESAR CON EL, SOLICITA UNA MEDIDA DE PROTECCIÓN, Y PRESENTA UNA DENUNCIA.",0,1,0,1,0,0,0
14626,"...LA USUARIA MANIFIESTA QUE EL DÍA DE HOY A LAS 10 AM, DENTRO DEL DOMICILIO COMÚN, SU PAREJA Y ELLA COMENZARON A DISCUTIR PORQUE ÉL SE MOLESTO DE QUE ELLA HAYA VISTP SU CELULAR. ÉL LA INSULTÓ Y LUEGO TOMÓ UN CABLE AUXILIAR HY LE PEGÓ A LA PUERTA CON ÉL. LA USUARIA DICE QUE SEGURAMENTE LO HIZO PARA INTIMIDARLA, LUEGO VOLVÓ A HACER ESE MOVIIENTO PERO AHORA LA USUARIA RECIBIÓ EL GOLPE EN EL POMULO/OJO) ADEMÁS TAMBIÉN LE AVENTÓ UN PALOTE Y LE DIO EN EL BRAZO. POSTERIORMENTE SE ESTIVO BURLANDO DE ELLA. LA USUARIA DESEA DENUNCIAR EL HECHO Y ASESORÍA SOBRE PENSIÓN ALIMENTICIA.",0.333333333333333,1,1,1,0,0,0
14635,"USUARIA REFIERE QUE EL DIA DE AYER SU PAREJA TODO LO QUE HACIA ELLA LE PARECIA MAL Y LE DABA PUÑETASOS EN LA CABEZA, CUERPO Y PATADAS , MENCIONA QUE TAMBIEN SIEMPRE LA VIOLABA QUE LE METIA OBJETOS EN SUS PARTES Y SI NO SE DEJABA LE METIA PATADAS, Y TAMBIEN LA OBLIGABA A DROGARSE, Y ELLA LO TENIA QUE HACER POR QUE SI NO LO HACIA LE GOLPEABA Y ELLA YA TIENE TIEMPO QUE SE QUIERE ESCAPAR PERO ESTE NUNCA LA DEJABA SOLA, HASTA EL DIA DE HOY EL LA MANDO POR LAS TORTILLAS Y EL DE LA TORTILLERIA LA AYUDO Y LE HABLO A SEGURIDAD PUBLICA Y ESTE FUE DETENIDO",0,1,0,0.666666666666667,0.666666666666667,0,0
14648,"REFIERE USUARIA QUE EL DIA DE AYER A LAS 19:00 HRS DE LA TARDE, EL AGRESOR SE FUE TRAS DE ELLA, QUERIENDOLE QUITAR UNA CARPETA Y ROMPIENDOLE SU VESTIDO, LE DIJO DAME ESA CARPETA HIJA DE TU REPUTA MADRE, PINCHE VIEJA VETE MUCHO A LA VERGA PERRA, COMO NO TE VIOLE CUANDO TUVE LA OPORTUNIDAD PERRA, ELLA NO LE CONTESTO NADA , SOLO LE PEDIA QUE LA DEJARA, ELLA MARCO A LA POLICIA PERO ERAN CONOCIDOS DE EL AGRESOR, ELLA VOLVIO A MARCAR Y LE MANDARON OTRA UNIDAD, LLEGO LA UNIDAD PERO NO SE LO LLEVARON, ELLA DESEA PRESENTAR DENUNCIA ANTE MINISTERIO PUBLICO.",0,0.666666666666667,0.666666666666667,1,0.333333333333333,0,0
14652,"USUARIA REFIERE QUE EL DIA SABADO SU EX PAREJA SE SUBIO AL TECHO DICIENDOLE QUE SE IBA ARREPNTIR POR LO QUE ESTABA HACIENDO YTOMO UNA BARRILLA Y CORTO LOS CABLES DE LA LUZ Y COMO SUS VECINOS ESCUCHARON HABLARON A SEGURIDAD PUBLICA, PERO ESTE SALIO CORRIENDO Y NO LO ALCANZARON Y DOS HORAS DESPUES REGRESO PATEANDO LA PUERTA, TUMBANDOLA Y LE DIJO QUE SE CUIDARA POR QUE LE IBA A QUEMAR LA CASA",0,0,1,1,0,0,0
14660,"REFIERE USUARIA QUE A LAS 19:00 HRS , ELLA SE ENCONTRABA EN SU DOMICILIO CUANDO ELLA QUEDO CON SU ESPOSO CON EL QUE SE ENCUENTRA SEPARADA DE HACE YA CUATRO MESES QUE LE IBA A PRESTAR A SUS HIJOS, ELLA LE COMENTA QUE SE IRIA A UNA QUINCEAÑERA Y COMENZO A ENOJARSE , SE MOELSTO Y LE DIJO QUE PORQUE, EL EL DICE QUE SE VA A LLEVAR A SU HIJOS PERO YA NO TE LOS VOY A ENTREGAR, ELLA LE DICE QUE A SU HIJO MENOR QUE TIENE 10 MESES SE LO VA A LLEVAR CON ELLA, ELLA LE DA A SU HIJO Y EL VOLTEA Y LE DICE QUE YA NO SE LO VA A ENTREGAR Y SE LO LLEVA, EL ES AGRESIVO Y LA USUARIA TIENE MIEDO DE IR A LA CASA DE EL POR SUS HIJOS, LA MAMA DE LA USUARIA LE MARCO A LA MAMA DEL AGRESOR Y LE PIDIO A LOS NIÑOS Y ELLA LE DIJO QUE NO SE LOS IBAN A ENTREGAR , ELLA DESEA PRESENTAR DENUNCIA Y RECUPERAR A SUS MENORES HIJOS,",0,0,0,0.666666666666667,0,1,0
14674,"LA USUARIA SOLICITA APOYO EN JURIDICO Y ORDEN DE RESTRICCION. COMENTA QUE TIENE 8 AÑOS CON SU PAREJA, PERO QUE NO PONDE DE SU PARTE PARA MEJORAR LA RELACION, NO LA APOYA ECONOMICAMENTE Y SUS HIJAS NO QUIEREN ESTAR CON EL.
EL DIA MARTES APROX A LAS 10 AM EN CASA DE LOS PAPAS DE PR EMPEZO A INSULTAR A LA MAMA DE LA USUARIA Y A LA USUARIA NO LE PARECIO Y LE DIJO ""NO LE FALTES AL RESPETO A MI MAMA"" Y EL LE ECONTESTO NO VALES VERGA, HIJA DE TU PUTA MADRE, CALLATE. NO LA DEJO SACAR NADA DE SU CASA LA LASTIMO DE LAS MANOS Y YA NO LA DEJO SACAR NADA, EL SE QUEDO CON UN REFRIGERADOR , MUEBLES DE TV, ESTUFA, RECAMARA ELLA SOLICITA ESTO PORQUE ELLA Y FUE QUIEN APGO LOS MUEBLES.",1,0.666666666666667,1,1,0,0.333333333333333,0
14681,"REFIRE QUE APROXIMADAMENTE A LAS 03:00H ELLA ESTABA DORMIDA CUIANDO EMPEZO A SENTIR GOLPES ENLA CARA, CACHETADAS, ELLA SE LEVANTO ASUSTADA LE PREGUNTO QUE QUÉ PASABA, EL LE DIJO QUE PORQUE QUERIA ELLA QUE SE LLEARA A LA NIÑA Y NO ENTENDIA NADA, ES SU AMIGO DE EL Y LA NIÑA NI SIQUIERA ESTABA AHÍ, ELLAL LO VIO DESORBITADO COMO SI ESTUVIERA DROGADO, LE DIJO QUE SE DURMIERA Y EL EMPEZO A DECIRLE QUE LE DIJERA A SU FAMILIA QUE SE LARGARAN DE AHÍ, Y EL VOLTEABA A LA PUERTA COMO SI VIERA ALGUIEN, LE DIJO QUE SE FUERA SDE LA CASA A ELLA Y LA CORRIO SE FUE A OTRO DOMICILIO QUE TIENE EL E IBA TAN MAL QUE SE TOMO UN MEDICAMENTO DESCONOCE CUÁL ERA, ERA UN FRASCO COMPLETO Y YA NO RECURDA MAS HASTA EL DOMINGO EN LA NOCHE ESTANDO EN LA CRUZ ROJA, LE DIJERON QUE SU HIJA LA HABIA ENCONTRADO EN LA CASA Y LE AVISO A SU ABUELITA Y QUE CUANDO FUERON A VER A SU PAREJA EL NO SE PODIA NI LEVANTAR DE LO BORRACHO QUE ESTABA, Y EL LUNES A LAS 02:00H LE MANDO MENSAJES DICIENDOLE QUE YA NO SE PARARA EN LA CASA, QUE OALA Y FUERA FELIZ CON LA PERSONA CON LA QUE ASE HABIA IDO, QUE IBA A SACAR SUS COSAS A LA CALLE Y ASI LO HIZO, Y EL MARTES LE MANDO MENSAJE A SU HIJA DE 8 AÑOS DICIENDOLE QUE YA HABIA SACADO TODO, Y QUE LE DIJERA A LA USUARIA QUE NO HICIERA NADA POR QUE SI NO YA SABIA LO QUE IBA A PASAR. REFIERE QUE CON ANTERIORIDAD LA HABIA GOLPEADO, LA ULTIMA VEZ FUE EN ABRIL, LE DIO UN PUÑETAZO EN EL OJO Y LE ABRIÓ LA CEJA",0,1,0.333333333333333,1,0,0,0
14682,"LA USUARIA DICE QUE EL AGRESOR QUE ES SU CONCUBINO LA COMENZO A GOLPEAR DICIENDOLE ""PUTA PENDEJA"" DANDOLE PUÑETAZO EN LA CARA EN LAS COSTILLAS Y UN MANOTAZO ELLA DESEA PRESENTAR DENUNCIA DE LOS HECHOS DEMANDA DE GUARDA Y CUSTODIA Y PENSION DE ALIMENTOS.",0.666666666666667,1,0,1,0,0,0
14684,"LA USUARIA REFIERE QUE HACE 3 SEMANAS TERMINO CON SU EX PAREJA. EL DIA VIERNES EL FUE AL LUGAR DONDE TRABAJABA EN BUSCA DE LA USUARIA Y LA SACO A LA FUERZA CON UNA NAVAJA EN LA MANO, DICIENDOLE A LAS PERSONAS ALREDEDOR QUE NADIE SE LE ACERCARA PORQUE LOS IBA A PICAR, LA ESTRUJO DE LOS BRAZOS DEJANDOLE MORETONES Y AMENAZANDOLA CON QUE SI NO REGRESABA CON EL LA IBA A MATAR . ELLA SE QUEDO CON EL POR MIEDO A QUE LA MATARA. EL DIA SABADO EL LA ACOMPAÑO AL TRABAJO PARA QUE SOLO ELLA COBRARA SU SEMANA. ELLA EN UNA OPORTUNIDAD QUE EL SE DESCUIDO LE AVISO A UNA COMPAÑERA PARA QUE AVISARA A LAS AUTORIDADES. EL SE DIO CUENTA Y SACO SU NAVAJA Y TOMO LA MOCHILA DE LA USUARIA Y SALIO CORRIENDO. ELLA TEME POR SU INTEGRIDAD YA QUE EL SE DROGA. EL LA SIGUE AMENAZANDO POR REDES SOCIALES. ELLA DESE DENUNCIAR ANTE EL M.P",0.333333333333333,1,0.666666666666667,1,0,0,0
14700,"LA USUARIA MANIFIESTA QUE APROXIMADAMENTE A LAS 7:00 DE LA MAÑANA, ELLA SE ENCONTRABA EN LA RECAMARA DORMIDA CUANDO LA DESPERTARON LOS GRITOS, ENTONCES SE ASOMO POR UN AGUJERO QUE TIENE LA PUERTA DE SU RECAMARA Y SE DIO CUENTA QUE EL SEÑOR ESTABA AFUERA DE SU CUARTO AFILANDO UN CUHCILLO, LA USUARIA LE DICE QUE SE RETIRE DE AHI, QUE DEJE DE ESTAR MOLESTANDO, PERO EMPIEZA A DECIR QUE LOS VA A MATAR, QUE YA LO TIENEN HARTO, Y ELLA LO CORRE, PERO ESTE SE PONE EN EL BARANDAL DE LA CASA A AFILAR EL CUCHILLO, ESTA LO EMPIEZA A CORRER PERO EL SIGUE DICIENDO QUE SE VAYA A CHINGAR A SU MADRE, QUE NO LA QUIERE QUE SE VAYA, ES MÁS QUE LE HABLA A SU HIJO, ESPOSO DE LA USUARIA PARA MATARLO DE UNA VEZ Y QUE AHORITA QUE MANDARLOS JUNTOS A LA CHINGADA, LA USUARIA SE SALE DE DOMICILIO PARA HABLARLE A LA PATRULLA, YA QUE TEMÍA POR SU VIDA EN ESE MOMENTO, EL SEÑOR SE ECONTRABA ALCOHOLIZADO, YA QUE CONSUME HASTA 2 BOTELLAS DE SOTAL AL DIA, SE LE ACERCA EL SEÑOR CON CUCHILLO EN MANO TRATANDO DE LESIONAR, LA USUARIA LE MARCA A SU ESPOSO EN ESO LLEGA, JUSTO CUANDO LLEGA LA PATRULLA Y LOGRAN DETENER AL SEÑOR, LA USUARIA ACUDE PARA PRESENTAR DENUNCIA Y SOLICITAR UNA MEDIDA DE PROTECCIÓN.",0,0.666666666666667,0,1,0,0,0
14703,"USUARIA MENCIONA QUE HOY TUVO UNA DISCUSIÓN CON SU PADRE Y EL COMENZÓ A DARLE CON LA MANO CERRADA EN LA CARA , CABEZA, EL PECHO Y BRAZOS, MENCIONA QUE CUANDO LA GOLPEABA LE DECÍA QUE NO VALÍA NADA, QUE ELLA ES LA DEL PROBLEMA, COMENTA QUE EL CONSTANTEMENTE EL ANDA MOLESTO, E INCLUSO LE PROHIBE RECIBIR VISITAS.",0,1,0,1,0,0,0
14712,"USUARIA SOSTIENE UNA RELACION EN UNION LIBRE DESDE HACE 2 AÑOS. MENCIONA QUE EL DIA VIERNES AL REDEDOR DE LAS 23:30 AL ENCONTRARSE EN EL DOMICILIO CONYUAGAL SU PAREJA BAJO EFECTOS DEL ALCOHOL, ELLA LE RECLAMO POR QUE COMPRO CERVEZA DEBIDO A QUE EL NO APORTA DINERO, SE ENCONTRABAN PRESENTES EN EL DOMICILO UN CUÑADO Y SOBRINO DE EL, ELLA LLAGA DE CENAR, SE METE A SU CUARTO Y EL VA Y LA BUSCA Y LA EMPIEZA A GOLPEAR CON LAS MANOS EN SU CARA, PIERNA, LA JALA DEL PELO, LA MUERDE EN EL DEDO MEDIO DE LA MANO IZQUIERDA, ELLA LO MUERDE Y LE RASGUÑA LA CARA, EL LA SOMETE DEL CUELLO, SU HIJO Y EL SOBRINO DE EL LA AUXILIAN, Y TAMBIEN EL CUÑADO DE EL, ELLA LOGRA HABLAR A LA PATRULLA Y SE LO LLEVAN DETENIDO. DESEA PRESENTAR DENUNCIA",0.666666666666667,1,0,0.666666666666667,0,0,0
14713,"LA USUARIA MANIFIESTA QUE TOMA LA DECISIÓN DE SEPARARSE DE SU ESPOSO, YA QUE LE COMPROBO UNAS INFIDELIDADES POR MEDIO DEL TELEFONO, A LO QUE ELLA DECIDE QUE SE VAYA DE SU CASA Y CORTAR POR SANTA PAZ, ELLA ESTUDIANTE DE ENFERMERIA Y ESTANDO HACIENDO SU AÑO DE SERVICIO SOCIAL, ELLA SE VA AL HOSPITAL Y CUANDO LLEGA A SU CASA, A LAS 9:15 DE LA NOCHE Y SOLO DEBISA QUE EL IBA CON SUS MUEBLES, SOLO LE DEJO LA CAMA Y EL COMEDOR, PUESTO QUE TODO SE COMPRO ENTRE AMBOS, AL SIGUIENTE DIA ESTE ACUDE AL HOSPITAL DONDE LA USUARIA REALIZA SUS SERVICIO SOCIAL Y LE PIDE LA OPORTUNIDAD DE HABLAR, A LO QUE LA USUARIA LE DICE QUE NO, QUE ELLA LO QUE QUIERE ES TOMARSE UNOS DIAS PARA PENSAR ANTES DE CUALQUIER COSA, AL SIGUIENTE DIA ACUDE A LA CASA DE LA USUARIA A PLATICAR CON ELLA, Y ESTANDO EN LA CALLE HABLANDO LE PIDE SU BAÑO ESTA SE LO PERMITE PERO LE HABLA Y LA USUARIA ENTRA Y ESTA LA EMPIEZA A GOLPEAR, ELLA SE DEFIENDE PERO ESTE AGARRA LA CARTERA DE LA USUARIA Y TOMA LA TARJETA DEL BANCO, LA CREDENCIAL DE ELECTOR Y LA CANTIDAD DE $2,000.00, Y LE AVIENTA LA CARTERA, Y SE VA, LA USUARIA AL SIGUIENTE DIA LE DICE A SU MAMÁ QUE QUE HACE Y LE CUENTA LO QUE PASO, A LO QUE VAN A BUSCARLO PARA QUE LE DEVUELVA LAS COSAS, PERO AL VER EL SEÑOR QUE ELLA IBA ACOMPAÑADA DE SUS PADRES ESTE SE BURLA Y SE VA, EL PADRE DE LA USUARIA LO SIGUE Y CUANDO AL FIN SE DETIENE SE HACEN DE RAZONES Y SE EMPIEZAN A AGREDIR FISICA Y VERBALMENTE, LE MARCAN A LA PATRULLA PERO NUNCA VA, EN EL INTENDO DE HUIR EL TUMBA LA MOTO Y SE LE TIRA EL TEL, TEL QUE LA USUARIA TOMA Y SE NIEGA A ENTREGAR, POR LA NOCHE ACUDEN AL DOMICILIO DE LA MADRE DE ESTA PARA PEDIRLE EL TELEFONO Y ENTREGARLE SUS COSAS. LA USUARIA SOLICITA MEDIDA DE PROTECCIÓN, Y BUSCA LA COMPESNACIÓN ECONOMICA EN EL ÁREA JURIDICA.",0.666666666666667,0.666666666666667,1,0.666666666666667,0,0,0
14755,"LA USUARIA MANIFIESTA QUE A LAS 10 DE LA MAÑANA SALE EL DE BAÑARSE Y EMPIEZA A DISCUTIR PORQUE NO ESTABA LISTA E IBAN A IR AL JUEGO, ELLA LE DICE QUE TODAVIA ES BUENA HORA, PERO QUE SINO QUIERE PUES QUE SE VAYA, A LO QUE EL LE DICE QUE SE VAYA ELLA, CXQE EL PAGA LA RENTA Y EMPIEZA A AVENTAR LAS COSAS, LE QUIEBRA UN PERFUME, Y NO LA DEJA SALIR, LE AVIENTA UN GALON DE AGUA, DICIENDO PINCHE NO SABES COMO TE VA AIR, QUE LE VA A ECHAR LA HERMANA PARA QUE LE META UNA CHINGA, LA QUIEBRA EL TELEFONO CELULAR, ELLA SE SALE AL PATIO, PORQUE ESTE LA TENIA RETENIDA Y NO LA DEJABA SALIR, LA USUARIA LE MARCA A SU MAMÀ, Y LLEGA SU PAPA POR ELLA, AL VER QUE LLEGA EL SEÑOR, EL SEÑOR Y SE VA, CUANDO ELLAS SE VAN LLEGA LA FAMILIA DE EL, EMPIEZA A INSULTAR Y AMENZAR A LA FAMILIA, LA USUARIA ACUDE PARA SOLIICTAR UNA MEDIDA DE PROTECCIÒN Y PRESENTA DENUNCIA.",0.333333333333333,0.666666666666667,0.666666666666667,0.666666666666667,0,0,0
14762,"LA USUARIA MANIFIESTA QUE APROXIMADAMENTE A LAS 09:00 AM EL AGRESOR QUE ES SU EXPAREJA ESTAB EN DOMICILIO CON LA USUARIA Y COMO ES UNAPERSONA MUY AGRESIVA COMENZO A PELEAR CON ELLA DICIENDOLE ""NO TE VOYA DEJAR SALIR TE VOY A ESTAR HUMILLANDO "" DANDOLE GOLPES EN LA PANZA, ESTRANGULANDOLA Y DANDOLE EMPUJONES, APRETANDOLE LOS BRAZOS ELLA DESEA PRESENTAR DENUNCIA DE LOS HECHOS. TERAPIA PSICOLOGICA GRUPAL. SE LE DICE A LA USUARIA QUE NECESITA ATENCION MEDICA Y SE LE HACE UN ACANALIZACION AL HOSPITAL PERO ELLA DESICE TOMAR PRIMERO LA DENUNCIA",0,1,0,1,0,0,0
14764,"REFIERE USUARIA QUE APROXIMADAMENTE A LAS 23:00H ELLA ESTABA E SU DOMICLIO LLEGANDO DE TRABAJAR Y VIO QUE EL SE BAJO DE LA MOTO Y LE DIJO QUE QUÉ ESTABA HACIENDO Y EL LE DIJO QUE SE BAJARA DE LA CAMIONETA ELLA LE DIJO QUE SE ESPERARA PORQUE ESTBA BAJANDO LECHE Y PAÑALES DE SU BEBE QUE SU PATRON LE HIZO FAVOR DE LLEVARLA, ELLA SE ACERCO A LA PUESTA DE LA CASA, Y EL EMPEZO A GOLPEAR CON EL PUÑO CERRADO EN LA CARA POR LA FRENTE Y TOPO EN EL VARANDAL DE SU VENTANA Y LE DIO OTRO EN EL LABIO Y SE LO ABRIO ELLA SE CALLO Y EL EMPEZO A PATALEARLA LE EMPEZO A DECIR QUE ERA UNA VIEJA PUTA QUE EL YA SABIA QUE ESTABA SALIENDO CON SU PATRO QUE IBA A VALIR VERA Y LA EMPEZO A PATALEAR EN LA CARA, TOMO SU CELULAR Y LO ESTRELLO EN EL SUELO, ELLA SE PARO Y LO RECOGIO Y LE MARCO A LA POLICA, SUS VECINOS SE EMPEZARON A ACERCAR Y ELLA APROVECHO PARA LANZAR LAS LLAVES DE SU MOTO AL TECHO PARA QUE NO SE ESCAPARA Y TOMO LA MOTO Y SE FUE CAMINANDO ELLA LE MARCO A SU JEFE PIDIENDOLE AYUDA, EL LLEGO Y ESTABAN ESPERANDO A LA POLICIA Y EL AGRESOR SE REGRESO PERO SIN LA MOTO Y LE EMPEZO A GRITAR QUE ERA UNA SINICA, QUE AL PRIMER MOMENTO LE HABLA A EL, EL SE LE QUISO LANZAR NUEVAMENTE PERO SU PATRON LO DETUVO DESPUES LLEGARON LOS OFICIALES Y LE DETUVIERON, ESTABA EN ESTADO DE EBRIEDAD. MENSIONA QUE NO ES LA PRIMERA VEZ QUE PASA ESTO PERO SIEMPRE SE ESCAPA, Y QUE EL TAMBIEN SE DROGA CON LA DROGA CONOCIDA COMO COCAHINA. REFIERE USUARIA QUE LA HA FORZADO A TENER RELACIONES SEXUALES, O SI NO SE LA PASA INSULTANDOLA Y HACIENDOSE LA VICTIMA, LA ULTIMA VEZ FUE HACE 3 DIAS ELLA ACABABA DE SALIR DE TRABAJAR Y ELLA LE MARCO PORQUIE LE DIJO QUE ESTABAN UNOS SEÑORES DANDO VUELTAS Y EL FUE POR ELLA Y SE FUERON CON LA ABUELITA DE EL Y EL LE DIJO QUE TRAIA GANAS ELLA LE DIJOQUE SOLO QUERIA DORMIR PORQUE NO TENIA GANAS, EMNPEZO A INSULTAR QUE CON OTRAS PERSONAS SI TIENE RELACIONESPERO CON EL NO, QUE ELLA ERA UNA VIEJA PUTA ELLA LE DIJO QUE ESTABA BIEN PUES SOLO QUERIA QU",0,1,0.666666666666667,0.666666666666667,0.666666666666667,0,0
14793,"LA USUARIA MANIFIESTA QUE EL SABADO A LA 1:30 DE LA MAÑANA EL SEÑOR HERMANO DE LA USUARIA, LA EMPIEZA INSULTAR ""PERRA, QUE PORQUE NO TE MUERES , ERES UNA MIERDA, TE VOY A QUEMAR"", TAMBIÉN LA AMENZADA DE MUERTE, LA USUARIA HACE MENCIÓN QUE HACE UN MES ELLA FUE AGREDIDA POR SU HERMANO, IBA A ENTRAR A LA CASA, Y SE DA CUENTA QUE LA CHAPA DE LA PUERTA Y SALE EL EN ESTADO DE EBRIEDAD, Y LE DA DE CACHETADAS, LA EMPUJA A LA PARED, Y ESTA SE GOLPEA, ELLA CORRE Y EL VA SIGUIENDOLA A PATADAS, ELLA CAE AL SUELO Y ESTE LE PATALEA EL VIENTRE, A LO QUE ELLA VA A PARAR AL HOSPITAL Y LE DETIENEN EL SANGRADO VAGINAL QUE SE LE VINO, Y LA DAN DE ALTA, YA DE DIAS, A ELLA LE DA UN DOLOR EN EL PIE, QUE LE IMPIDE CAMINAR YA QUE SE LE INFLAMA Y QUE ELLA CREE QUE ES A CONSCUENCIA DE LOS HECHOS. LA USUARIA SOLICITA MEDIDA DE PROTECCIÓN Y PRESENTA DENUNCIA.",0,1,0,1,0,0,0
14807,"USUARIA REFIERE QUE SU EX PAREJA SIGUE HOSITGANDO Y MENCIONA QUE HOY FUE A SU DOMICILIO, MENCIONA QUE LE DEJO UN CITATORIO DEL DIF ELLA LE MENCIONO QUE ELLA YA LE HABÍA PUESTO UNA DENUNCIA A LO QUE EL LE DIJO QUE A EL NO LE HA LLEGADO Y QUE ADEMAS NO VA HACER CASO A NINGUN PAPEL, LA EMPUJO Y LE DIJO QUE DONDE QUIERA QUE LA ENCUENTRE LE VA A PARTIR LA MADRE., MENCIONA QUE LA VIGILA EN REDES SOCIALES",0,0.666666666666667,0,1,0,0,0
14809,"REFIERE USUARIA QUE EL DIA SABADO POR LA TARDE , ELLA SE ENCONTRABA EN SU DOMICILIO CUANDO ELLA LO VIO DROGANDOSE CON CRISTAL TENIA UN FOCO EN SU MANO Y UN ENCENDEDOR Y TENIA UNA LATA DE AEROSOL BLANCA, ELLA SE SALIO Y SE LLEVO A SUS HIJOS A QUE SE LOS CUIDARAN Y ELLA REGRESA Y EL YA ESTABA COLGADO CON UNA CADENA SUJETADA A UNA VIGA ELLA SALIO CORRIENDO PIDIENDO AYUDA, UN VECINO LO AYUDO A DESCOLGARLO, ELLA SE AFERRO A QUE PODIA ESTAR VIVO, ELLA LE DIO SIGNOS VITALES, EL VOLVIO EN SI, ELLA LE HABLO A SU HERMANA PARA QUE FUERAN , ELLAS LLEGAN Y EL YA ESTABA EN EL CUARTO DEL SEGUNDO PISO, SU MAMA SUBIO Y HABLO CON EL, SU HERMANA LE DICE QUE SI LE PUEDE PRESTAR LOS NIÑOS PARA QUE EL SE PUEDA IR, ELLA LE DIJO QUE SI, SU ESPOSO SE ACERCA Y LE DICE A ELLA QUE SE VAYAN A VIVIR A CASA DE SU MAMA, ELLA LE DICE QUE NO EL SE MOLESTA Y ELLA ESTABA COCINANDO Y EL SUBIO OTRA VES ARRIBA Y EL EMPEZO A HACER SU PIPA DE DROGA Y DESDE ARRIBA LE EMPIEZA A INSULTAR , PINCHE VIEJA BASURA PINCHE VIEJA MIERDA, NO VALES NADA NO VALES VERGA , EN CUALQUIER CHANSE QUE TUVIERA LA IBA A DESMADRAR QUE NO ESTUVIERA CONFIADA PORQUE LA IBA A MATAR, ELLA NO LE CONTESTA , ELLA LE HABLA ASU MAMA, ELLA LE DICE A LA SEÑORA Y LA MAMA DEL AGRESOR OTRA VES TRATA DE TRANQUILIZARLO Y EL LE DICE A LA USUARIA QUIERES QUE TE DESMADRE VERDAD HIJA DE TU PUTA MADRE , TOMO UN LADRILLO Y SE LO LANZO A LA USUARIA Y LA MAMA LO CALMO, EL SIGUIO REPITIENDO LO MISMO, LA MAMA DEL AGRESOR SE BAJA CON EL Y TOMAN ROPA Y EL OTRA VES AGREDIO A LA USUARIA, EL VOLTEO Y CON EL DEDO AL SEÑALO LE DIJO Y VAS A VALIR VERGA TE VOY A MATAR, EL LE DIJO QUE EL LUNES QUE TODOS SE BALLAN A TRABAJAR NO VA A ENCNTRAR UN COLGADO SINO DOS, ELLA LE MANDA MENSAJE A SU CUÑADA Y ELLA LE DICE QUE NO SE PREOCUPE, PERO EL DOMINGO ELLA LE DIJO QUE YA NO SE LO IBA A ENTREGAR , ELLA PIDIO UNA UNIDAD Y SE LO ENTREGARON, ELLA DESEA PRESENTAR DENUNCIA ANTE MINISTERIO PUBLICO Y ASESORIA JURIDICA PARA GUARDA Y CUSTODIA.",0,0.666666666666667,0,1,0,0,0
14832,"USUARIA REFIERE QUE EL DIA 
REFIERE QUE ELLA LO HABIA DENUNCIADO EL AÑO PASADO Y ESTUVO EN EL CERESO Y ACABA DE SALIR Y QUEDO EN QUE LE DEPOSITARIA PENSION ALIMENTICIA Y HACE 5 SEMANAS QUE NO LO HACE, ELLA LE MARCO EL DIA DE AYER APROXIMADAMENTE A LAS 07:00 PARA PEDIRLE DINERO PUES SU HIJO SE ENFERMO Y EL OLE DIJO QUE LA VEIA POR LA ESCUELA DE SU HIJA PARA DARLE EL DINERO PERO ESTANDO AHI EL SOLO LA INSULTO DICIENDOLE QUE ERA UNA PUTA QUE LE HICIERA COMO PUDIERA QUE EL NUNCA LE IBA A DAR NADA, LE DIJO QUE LE PIDIERA PERDON A SU MAMA PORQUE ELLA LE ESTABA MARCANDO A SU MAMA PARA QUE EL LE DIERA DINERO, ELLA LE DIJO QUE NO Y EL LE DIO DOS GOLPES CON UNA CADENA MEDIANA EN LA ESPALDA, ELLA CORRIO Y EL LE GRITO QUE NO SE LE OCURRIERA DEMANDAR PORQUE EL IBA A DECIR LO COTRARIO, REFIERE USUARIA QUE ELLA LO YHA VISTO QUE ESTA DETRAS DE UNOS VALDIOS A TRAS DE SU CASA CUANDO ELLA PASE AL TRABAJO, INCLUSO EL DIA DE AYER TAMBIEN ESTABA AHI CUANDO SE FUE AL TRABAJO, VIGILANDOLA, SE HA METIDO HASTA SU CASA POR LAS NOCHES PUES CUANDO ELLA SE HA LEVANTADO EL SE ENCUENTRA AHI, ELLA LO CORRE PERO EL NO SE QUIERE IR, LA AMANEZA QUE LA QUIERE GOLPEAR Y ELLA SIEMPRE TRATA DE HACER ESCANDOALO PARA QUE SUS VECINOS LA AYUDEN Y ASI LO HACEN, SUS VECINOS VAN Y LE DICEN QUE LLAMARAN A LA POLICIA Y EL SE RETIRA, TAMBIEN LA AMENAZO DE MUERTE DICIENDOLE QUE SI LA VE CON ALGUIN MAS LA IBA MATAR ESO FUE HACE UNA SEMANA Y LE DIJO QUE SI LO VENIA A DENUNCIAR Y NUEVAMENTE LO METEN PRESO EL SE VA A MATAR",1,1,0.333333333333333,0.666666666666667,0,0,0
14839,"LA USUARIA MANIFIESTA QUE APROXIMADAMENTE A LAS 11:30 PM EL AGRESOR QUE ES SU ESPOSO BAJO LOS EFECTOS DEL ALCOHOL, COMENZO A MOLESTARLA BAJANDOLE LAS PASTILLAS DE LALUZ Y DEJANDOLA SIN LUZ ELLA FUE CON EL Y EL AGRESOR DANDOLE UN MANOTAZO ENLA CARA A LA USUARIA Y DICIENDOLE "" VOY A QUEMAR LA TIENDA CHINGAS A TU MADRE VETE A LA VERGA"" ELLA DESEA PRESENTAR DENUNCIA DE LOS HECHOS.",0,0.333333333333333,0.666666666666667,1,0,0,0
14842,"LA USUARIA MANIFIESTA QUE EL DÍA DE AYER A LAS 15 HORAS, SE ENCONTABAN EN EL DOMICILIO COMÚN, ELLA Y SU PÁREJA EMPEZARON A DISCUTIR PUES EL ASEGURA QUE ELLA TENÍA UN AMANTE EN LA CASA. LE ESTUVO GRITANDO ""PINCHE VIEJA PUTA, TE VA A CARGAR LA VERGA, A TI Y A ESE WEY, VOY A PAGAR PARA QUE LO MATEN"". ROMPIÓ LA PUERTA Y PERTENENCIAS PERSONALES DE ELLA, FORCEJEARON. EN EL LUGAR IBA PASA<NDO UNA UNIDAD DE POLICÍA, A QUIEN LA USUARIA PIDE EL AUXILIO. ÉL FUE DETENIDO Y PUESTO A DISPOSICIÓN DEL MP. LA USUARIA DESEA DENUNCIAR EL HECHO.",0,0.666666666666667,0.666666666666667,0.666666666666667,0,0,0
14843,"MENOR DE EDAD ACUDE ACOMPAÑADA POR SU PADRE, REFIERE QUE ELLA ESTABA HABLANDO CON SUS PADRES, LE QUITO EL TELÉFONO Y LE GRITOI QUE ELLA NO TENIA NADA QUE HABLAR CON ELLOS QUE MEJOR SE PUSIERA A RECOGER LA CASA, COMENZÓ A JALONEARLA DEL BRAZO Y DECIRLE QUE ELLA NO LE REPONDE COMO ESPOSA, LE DIO UN PUÑETAZO EN LA ESPALADA, MENCIONA QUE AGARRO EL CABLE DEL CARGADOR LA INTENTO AHORCAR, ELLA SE ENCUENTRA EMBARAZADA, MENCIONA QUE ELLA CON LOS PIES LO EMPUJO, PERO EL LA SUJETO DEL CUELLO CON LAS MANOS, DESPUÉS LA ESTRUJO DE LOS BRAZOS, MENCIONA QUE COMO PUDO LE MARCO A SUS PAPAS PARA AVISARLE, MENCIONA QUE EL SE MOLESTO Y LA JALO DEL CABELLO, LE EXIGÍA QUE LE HABLARA A SUS PAPAS PARA DECIR NO HABÍA PASADO NADA, Y COMO LA USUARIA SE NEGÓ EL LE ARREBATO EL CELULAR Y SE LO AVENTO AL SUELO, DESTRUYENDOLO, MENCIONA QUE ELLA LE DIJO QUE YA NO LE IBA A SOPORTAR MAS, MENCIONA QUE LE AVENTÓ SU ROPA, LLEGARON SUS PADRES, EL SE ESCONDIO EN EL DOMIICLIO LLAMARON A LA POLICIA PERO NO PUDIERON INGRESAR POR EL, COMENTA QUE NO ES LA PRIMERA VEZ QUE EL LA AGREDE, YA QUE EN OTRAS OCASIONES LA HA GOLPEADO EN LA ESPALDA, BRAZOS Y PIERNAS. MENCIONA QUE SU PAREJA ES MENOR DE EDAD POR LO QUE SE CANALIZA A FISCALIA.",0,1,1,0.333333333333333,0,0,0
14857,"REFIERE USUARIA QUE EL DIA DE HOY A LAS 10:00 AM , ELLA SE ENCONTRABA SALIENDO DE UNA JUNTA DE LA ESCUELA DE SU HIJA, EL LE MANDO MENSAJES PRESINANDOLA PARA QUE SALIERA Y ELLA LE DICE QUE NO LA PRESIONE, ELLA SALE Y SU EX PAREJA YA ESTABA AFUERA DE LA SECUNDARIA Y LE DICE QUE SE SUBA AL CARRO, ELLA SE SUBE AL CARRO Y EL LE DICE QUE LA VA A LLEVAR AL TRABAJO Y SU HIJA LE DICE MAMÁ, PORQUE ESTAS ENOJADA CON NOSOTROS, NO ESTES PESANDO QUE TE ESTAMOS PRESIONANDO, ELLA VOLTEA CON SU EX PAREJA Y LE DICE PORQUE LE HACES SABER LOS MENSAJES A LA NIÑA Y EL LE DICE QUE SU HIJA SE DIO CUENTA DE TODO, EL EMPEZO A GRITARLE , PINCHE VIEJA ESQUISOFRENICA SIEMPRE ESTAS DISTORCIONANDO LA REALIDAD , ATIENDETE MEDICATE, YO VOY A VER POR EL INTERES SUPERIOR DE LA NIÑA Y TE VOY A CHINGAR , NOS VAMOS A DAR EN LA MADRE, YA DEJA ESE RENCOR QUE SIENTES HACIA MI Y NOSE PORQUE, ELLA LE DIJO QUE SI S ELE HACIA POCO QUE LA ESTUVIERA INSULTANDO ESA FORMA DELANTE DE LA NIÑA, EL LE DICE QUE SE BAJE ELLA INTENTA BAJARSE Y EL LE DICE QUE NO Y LE DA RECIO AL CARRO Y EL CASI CHOCA, LA SIGUIÓ INSULTANDO CHINGAS A TU PUTA MADRE, EL LA LLEVO AL TRABAJO Y EL LE EMPEZO A DECIR QUE NADIE LA IBA APOYAR , SE ESTACIONO AFUERA Y LE DIJO ERES UNA PENDEJA Y AQUÍ NOS VAMOS A DAR EN LA MADRE Y TE VOYA QUITAR A TU HIJA Y NO LA VAS A VOLVER A VER NUNCA , ELLA LE DIO UNA CACHETADA Y EL LE DIO UN EMPUJO, ELLA MARCO A LA POLICIA PORQUE SE QUERIA LLEVAR A LA NIÑA Y EL LE HABLA A SU PAPA, Y EL LE DICE ESTA PENDEJA YA LE HABLO A LA POLICIA TE ESPERO EN LA CASA, EL SE VUELVE A IR A LA CASA, ELLA LE HABLA NUEVA MENTE A SEGURIDAD PUBLICA Y LES DICE QUE LA TRAEN EN EL CARRO Y EL LE QUISO ARREBATAR EL CELULAR Y LE GOLPEO EN LA ESPALDA, EL LE GRITA QUE VA A DEJAR A LA NIÑA CON SU MAMÁ LLEGARON A LA CASA DE LAMAMA Y EL BAJA A LA NIÑA , LA METE Y LE DICE , NO LA VAS A VOLVER AVER NUNCA PORQUE AHORITA VOY",0,1,0,1,0,1,0
14880,USUARIA ACUDE POR ASESORÍA LEGAL Y ATENCIÓN PSICOLÓGICA COMENTA QUE SU ESPOSO LA AGREDIÓ FÍSICAMENTE Y LA CORRIÓ DEL DOMICILIO.,0,1,0.666666666666667,0.333333333333333,0,0,0
14887,"LA USUARIA MANIFIESTA QUE A LAS 10:30 DE LA NOCHE, LLEGA EL SEÑOR DE OFICIO TAXISTA DISCUTIENDO CON LA USUARIA Y COMO ELLA SE DEFIENDE A LOS INSULTOS Y LE DICE QUE NO VA A PERMITIR ESE AMBIENTE PARA LOS NIÑOS, DONDE ESTA VIENDO QUE EL POR TODO GRITA Y QUIERE GOLPEAR, QUE SI VA A SEGUIR ASI QUE MEJOR SE VAYA, A LO QUE EL LE CONTESTA ""PENDEJA, PUTA, ERES BASURA, PERRA QUE CRES QUE ME VOY A IR SI ESTA ES MI CASA, EL NIÑO LE DICE YA PAPA YA DEJA A MI MAMÀ, QUE TE HACE A LO QUE LE DICE CALLATE PENDEJO Y LE AVENTO UN BALDE A LA ESPALDA, PERO COMO ES EL QUE DEFINDE A SU MAMA LA SEMANA PASADA LE PEGO CON LA EBILLA DEL CINTURON, LA USUARIA HACE MENCIÒN QUE YA ESTA CANSADA DE ESTA SITUACIÒN Y QUE PIDE ASESORIA PSICOLOGICA PARA ELLA Y SUS MENORES HIJOS, ASÌ COMO PARA ELLA Y LA ASESORIA JURIDICA PARA TRAMITE DE GUARDA Y CUSTODIA Y SE CANALIZA A MP PARA SOLICITAR MEDIDA DE PROTECCIÒN.",0,0.666666666666667,0,1,0,0.666666666666667,0
14896,"LA USUARIA MANIFIESTA QUE APROXIMADAMENTE A LAS 3:00 PM EL AGRESOR QUE ES SU EXPAREJA LA TUMBO DE LA CAMA JALANDOLE UN BRAZO Y DICIENDOLE "" ERES UNA PENDEJA NO VALES NADA"" DESEA PRESENTAR DENUNCIA DE LOS HECHOS DEMADA DE PENSION DE ALIMENTOS GUARDA Y CUSTODIA",0,1,0,0.666666666666667,0,0,0
14897,"USUARIA REFIERE QUE EL DIA JUEVES SU PAREJA SU PAREJA NO LLEDO A DORMIR Y EL VIERNES QUE LLEGO EN LA TARDE ELLA LE DIJO QUE POR QUE NO HABIA LLEGADO A DORMIR Y ESTE LE DIJO QUE POR QUE ESTABA CON OTRO Y QUE MIRARA EL CELULAR Y EN ESO LE LLEGO UN MENSAJE Y QUIESO ARREBATARLE EL CELULAR Y ELLA ESTABA EN LA CAMA Y LA TOMA DEL CUELLO Y LA AVENTO HACIA AL PISO Y ELLA SE FUE DEL DOMICILIO, PERO EN LA NOCHE ELLA REGRESO POR SUS COSAS Y CUANDO IBA ENTRANDO SU EX PAREJA LA AVENTO CONTRA LA PARED Y SU SUEGRA ESTABA MUY ALTERADA Y LA EMPEZO A GOLPEAR Y SU EX PAREJA LE DECIA QUE IBA A VALER MADRE. MENCIONA QUE NO ES LA PRIMERA VEZ QUE LA GOLPEA QUE YA ANTERIORMENTE YA LA HABIA INTENTANDO AHORCAR",0,1,0,0.666666666666667,0,0,0
14902,"LA USUARIA MANIFIESTA QUE A LAS 11:00, EL SEÑOR EMPIEZA A AGREDIRLA Y DICIENDO QUE ELLA TIENE UN VATO QUE LE DA DROGA Y QUE LE DA PASTILLAS, A LO QUE VA Y LE DICE A LOS PADRES E HIJOS DE LA USUARIA, ENTONCES DICE LA USUARIA QUE A TODO MOMENTO LA ESTA OFENDIENDO DICIENDO QUE SE BAJA DE LOS CARROS Y QUE LA SIGUEN Y QUE LO HACE WEY A LO QUE LA USUARIA YA SE ENCUENTRA DESESPERADA, ANOCHE SU MADRE SE QUEDO CON ELLA EN LA CASA Y SE DIO CUENTA DE LA SITUACIÓN YA QUE EN VARIOS OCASIONES LE MARCAN A LA PATRULLA PERO NUNCA HA LLEGADO, PERO HOY SU MADRE LE PIDIO APOYO A UNO DE SUS HIJOS, PORQUE ESTABA MUY AGRESIVO INSULTANDOLA Y LA CACHETIO Y FUE LA PATRULLA Y LO DETUVO, LA USUARIA LO QUE BUSCA ES QUE SE SALGA DE SU CAS, LA USUARIA SOLICITA MEDIDA DE PROTECCIÓN.",0,1,0,1,0,0.333333333333333,0
14912,"LA USUARIA MANIFIESTA QUE A LAS 00 HORAS, EL HIJO DE LA USUARIA DE 28 AÑOS, SE ENCONTRABA EN UNA CARNE ASADA INGIRIENDO BEBIDAS EMBRIAGANTES EN CASA DE SU TIO A 3 CASAS DE SU CASA, CREE QUE LE HABÍAN HECHO UN ""DESAIRE"" A SU HIJO, ENTONCES COMENZÓ A DISCUTIR AFUERA DE LA CASA CON SU SOBRINA Y CUÑADA. EL PROBLEMA SE EMPEZÓ A HACER MÁS GRANDE E INTERVINIERON LOS YERNOS DE SU HERMANO QUIEN LA INSULTÓ, Y QUIEN TRAÍA UNA CAGUAMA EN LA MANO Y UNA NAVAJA EN LA OTRA, Y SU SOBRINO QUIEN AMENAZÓ DE GOLPEARLA, SU HERMANO QUIEN ESTABA INTENTANDO MEDIAR LA SITUACIÓN, AL IGUAL QUE LOS VECINOS, LA USUARIA Y SU HIJO. LA USUARIA MARCÓ A LA POLICÍA 02 HORAS DESPUÉS DEL HECHO. POR ESO NO SE LLEVÓ A CABO LA DETENCIÓN. LA USUARIA DESEA DENUNCIR EL HECHO",0,0,0,1,0,0,0
14914,"REFIERE USUARIA QUE APROXIMADAMENTE A LAS 14:00H ELA ESTABA EN SU DOMICILIO CUANDO LLEGO SU ESPOCO DEL CUAL YA ESTA SEPARADA Y EMPEZO ADECIRLE QUE LE DIERA OTRA OPORTUNIDAD ELLA LE DIJO QUE IBA A VER, EL LA QUISO BESAR Y ELLA NO QUISO EL SE MOLESTO Y EMPEZOP A DECIRLE QUE DESEGURO TIENE A OTRO, Y QUE EL LE PONE TODO A SUS PIES Y ELLA NO LO QUIERE A EL, QUE NO ES UNA PENDEJA QUE LO QUIERE TRAER A EL COMO UNO Y ELLA LE DIJO QUE EL SOLO LE HABLA DE DINERO QUE ELLA QUERIA LA ESCENCIA DE EL NO LO ECONOMICO EL LE DIJO QUE LO PERDONARA QUE QUERIA VOLVER ELLA LE DIJO QUE TENIAQUE DARLE TIEMPO Y EL SE VOLVIO A MOLESTAR SE METIO A LA CASA EMPEZO A DESTRUIR COSAS Y SACAR OTRAS, LES EMPEZO A DECIR A ELLA Y A SUS HIJOS QUE SE IBAN A QUEDAR SIN NADA, QUE YA NO LES DARIA DINERO, QUE PARA QUE VEAN LO QUE SE SIENTE, QUE LO HABIAN DEJADO SOLO COMO EL PERRO, ELLA QUERIA LLAMAR A OLA POLICIA PERO EL LE QUITABA EL CELULAR, EL LE DIJO A SU HIJA QUE ERA IGAUL QUE U MAMA QUE DESEGURO YA NO IBA SERGUIR ESTUDIANDO POR QUE ESTARIA EMBARAZADA QUE A VER COMO LE HACIA POR QUE EL YA NO LE DARIA DINERO, SE DIRIGIO CON SU HIJO EL MENOR Y SE LE PUSO ENFRENTE RETANDOLO A QUE LO GOLPEARA PUES LO VEIA CON OJOS DE ODIO LA USUARIA METIO A SUS HIJOS Y ELLA VIO UNA OPORTUNIDAD Y CORRIO A LLAMAR AL 911 Y EL AL DARSE CUENTA HUYO LLEVANDOSE ALGUNAS COSAS DEL HOGAR, MESNIONA QUE TODA SU VIDA HA SIDO ASI A BASE DE VIOLENCIA PERO YA ES EN EXCESO PUES HACE 15 DIAS QUE SE ENCONTRABAN PELEADOS ELLA DORMIDA, EL SE METIO A SU HABITACION Y LA DESPERTO DESPUES SE LE INSINUO Y ELLA LE DECIA QUE SE FUERA Y EL NO ENTENDIA HASTA QUE LA VIOLO Y HACE UN MES INVITO A SUS HIJOS A UNA FIESTA FAMILIAR Y EL SE MOLESTO DE LA NADA Y SACO A SUS HIJOS Y EMPEZO A DARLE AL CARRO A VELOCIDAD EXCESIVA DICIENDOLE QUE IBA A MATARSE JUNTO CON ELLOS, SE PASABA LOS ROJOS HASTA QUE SU HIJA LE GRITO DEMACIADO FUERTE Y EL FRENO Y LOS BAJO EN UN LUGAR DESCONOCIDO Y ELLOS LE HABLARON A SU MAMA",0.333333333333333,0.333333333333333,1,1,1,0.333333333333333,0
14920,"USUARIA TIENE 22 AÑOS CASADA, TRES HIJOS EN COMUN CON SU ESPOSO QUIENES SON MAYORES DE EDAD, VIVE VIOLENCIA PSICOLOGICA, FISICA, SEXUAL Y ECONOMICA, DESDE HACE TRES AÑOS LA VIOLENCIA AUMENTO DESDE QUE SU ESPOSO CONSUME CRISTAL, LAS AGRESIONES VERBALES SON A DIARIO, OFENSAS, HUMILLACIONES, EL AGRESOR NO TRABAJA Y SON LOS HIJOS QUIENES CUBREN CON LOS GASTOS, EXISTEN AMENAZAS DE MUERTE, HACE DOS MESES EL AGRESOR ROCIO DE GASOLINA A USUARIA AMENAZANDO CON MATARLA, EL ULTIMO HECHO EL EMPIEZA A DISCUTIR CON USUARIA, FORCEJAN Y LA SUJETA DEL CUELLO LA FORZO A TENER RELACIONES SEXUALES, USUARIA DESEA DENUNCIAR LA VIOLENCIA PSICOLOGICA Y FISICA, LE INTERESA INICIAR EL TRAMITE DE DIVORCIO, SE ENTREGARON REQUISITOS., POR EL MOMENTO NO REQUIERE DE RAMITE ESPECIAL. SE LE OFRECE EL SERVICIO DE REFUGIO, EL CUAL NO ACEPTA POR EL MOMENTO YA QUE TIENE RED DE APOYO,",1,1,0.333333333333333,1,1,0,0
14921,"ALREDEDOR DE LAS 8:30 HORAS. EL AGRESOR INGRESÓ AL DOMICILIO DE LA USUARIA Y COMENZÓ A PREGUNTARLE QUE SI REGRESABAN ELLA LE DIJO: ""QUE NO"", POR TAL MOTIVO EL AGRESOR LE AVENTÓ LA MESA Y LE TIRÓ DOS LAP TOP AGREGA QUE ALREDEDOR DE LAS 03:00 HORAS FUE A BUSCARLA A SU DOMICILIO PARA QUE LE REGALARA AGUA Y LE PRESTA EL BAÑO Y ADEMÁS LE PÉDÍA QUE REGRESARAN ELLA LE DIJO: ""QUE NO"" Y EL LE CONTESTÓ: ""ANDAS DE PIRUJA""..",0,0.333333333333333,1,1,0,0,0
14926,"USUARIA REFIERE QUE ELLA SE SEPARO DE SU EX PAREJA POR QUE SE ESTA DROGANDO Y SE HIZO PERSONA MUY VIOLENTA SIEMPRE LA INSULTABA A ELLA Y A SU HIJOS LOS EMPEZO A GOLPEAR MUCHO Y FUE POR LO QUE ELLA SE SEPARO DE EL, PERO DESDE QUE SE SEPARO DE EL ESTE NO HA DEJADO DE MOLESTARLA MENCIONA QUE VA HASTA SU TRABAJO A AMENAZARLA DICIENDOLE QUE ELLA ANDA CON SU JEFE, ENTONCES ELLA TIENE QUE SUBIR POR EQUIS COSA EN RELACION A LO DE SU TRABAJO Y LE DICE QUE SI LA LLEGA A VER BAJAR DE AHI LA VA ACHICHILLAR A ELLA Y A SU JEFE Y LUEGO VA A SU CASA DICIENDOLE LO MISMO QUE ELLA ANDA CON ALGUIEN MAS Y QUE DE EL NADIE SE VA A BURLAR Y LA VA A MATAR",0,1,0,1,0,0.333333333333333,0
14947,"REFIERE USUARIA QUE A LAS 19:30 HRS DE LA TARDE, ELLA SE ENCONTRABA EN SU DOMICILIO CUANDO LEGO SU YERNO A COBRARLE UN DINERO QUE LA USUARIA NO LE DEBE, LE EMPEZO A PEGAR FUERTE A LA PUERTA Y ELLA SALIO Y LE DIJO QUE QUIERES, EL LE DJO QUE QUIERE QUE LE PAGUE SUS 400 PESOS, Y ELLA LE DIJO QUE NO PORQUE ELLA NO TIENE DINERO QUE SE FUERA QUE NO QUERIA PROBLEMAS, Y EL LA INSULTO ,PICNHE VIEJA METICHONA PANOCHUDA, LE DIJOQ UE CHINGARA SU MADRE, LA AMENAZO LE DIJO QUE LA IBA A RREVENTAR Y QUE LA IBA A MANDAR CON SAN PEDRO A ELLA Y A SU MARIDO, ELLA MARCO A LA POLICIA Y EL SE SUBIO A LA MOTO Y SE FUE, LLEGO AL UNIDAD PERO NO LE DIERON FOLIO Y SE FUERON , ELLA DESEA PRESENTAR DENUNCIA ANTE MINISTERIO PUBLICO.",0.333333333333333,0.333333333333333,0,1,0,0,0
14966,"LA USUARIA MANIFIESTA QUE ESTANDO EN SU DOMICILIO LLEGA UNA AMIGA A DECIRLE QUE SI YA VIO UNA HISTORIA DONDE SU EX PAREJA SUBIO UN VIDEO INTIMO A LAS HISTORIAS, A LO QUE A ELLA LE DEJA DE HABLAR LE DA CORAJE Y SE LLENA DE IMPORTENCIA, AL SIGUIENTE DIA VUELVE A SUBIR MAS HISTORIAS DE VIDEOS INTIMOS, Y LE DICE QUE SI QUIERE QUE NO LAS SUBA, ENTONCES QUE LE DE DINERO Y SINO LA CHANTAJEA, CON VIDEOS INTTIMOS QUE TIENE DE ELLA, HACE MENCION QUE EL EL VA AL SIGUIENTE DIA A SU CASA Y TRATA DE FORZARLA A TENER RELACIONES. LA USUARIA SOLICITA UNA MEDIDA DE PROTECCION Y PRESENTA DENUNCIA POR VIOLENCIA.",0.333333333333333,0,0,1,1,0,0
14970,"LA USUARIA MANIFIESTA QUE ESTANDO EN SU CASA , A LAS 3:30 DE LA MAÑANA, LLEGO EL SEÑOR, Y EN ESO LA LEVANTA JALANDO DE LOS CABELLOS Y LE DICE QUE QUE CHINGADOS HACE LA NIÑA AHI, DADA QUE LA NIÑA NO ES DE EL, Y LE DICE QUE ESE ES SU LUGAR QUE NO TIENE PORQUE ESTAR LA PINCHE MUCHACHA, LA USUARIA LEVANTA A LA NIÑA Y LE DICE QUE SE VAYA A LA CAMA CON SU ABUELITA, Y SE ACUESTAN, LA USUARIA LA DA LA ESPALDA A LO QUE EL LE DICE QUE XQE LE DA LA ESPALDA Y LE DA UNA BOFETADA EN LA MEJILLA, Y LE DICE QUE VALE PURA MADRE, QUE ES UNA VASCA DE PERSONA QUE LE DA ASCO QUE VALE PURA VERGA, QUE NI PARA COGER QUE LE DA ASCO, A LO QUE ELLA LE DICE QUE SI ESTA BIEN QUE TODO LO QUE DIGA EL ESTA BIEN, LA USUARIA SE VUELVE A ACOMODAR PARA ACOSTARSE, CUANDO ESCUCHA QUE EL AGARRA EL TELEFONO DE LA MENOR HIJA QUE CORRIO DEL CUARTO Y QUE ES DONDE TIENE LA ALARMA PARA LEVANTARSE PARA LA ESCUELA, ASI QUE LA USUARIA SE LO PIDE Y ESTE SE LO AVIENTA EN LA CARA, EL HACE UNA LLAMADA QUE IGNORA LA USUARIA A QUIEN Y PARA QUE, YA DE RATO ALISTA SUS COSAS Y SE SALE, LA USUARIA IBA A QUE LA CONSULTARAN PERO AL SABER QUE DEJO SOLA LA CASA CON SUS MENORES Y POR EL TEMOR QUE EL FUERA Y SACARA COSAS QUE NO SON DE EL, ESTA OPTA POR REGRESARSE Y ACUIDIR MAS TARDE AQUI. LA USUARIA SOLICITA MEDIDA DE PROTECCION, PRESENTA DENUNCIA.",0,1,0.333333333333333,1,0,0.333333333333333,0
14978,"USUARIA REFIERE QUE EL VIERNES ELLA SE TENIA QUE IR A TRABAJAR Y SU PAREJA LE DECIA QUE NO FUERA QUE IBA POR QUE AHI YA SE LA ANDABAN COGIENDO Y ELLA SE SUBIO AL CARRO DE SU AMIGA POR QUE ELLA LA IBA A LLEVAR Y ESTE SE SUBIO AL CARRO PARA QUE NO FUERA Y COMO ESTAN VIVIENDO CON ESA AMIGA ESTA LO CORRIO DEL DOMICILIO Y DESDE AHI NO LA HA DEJADO DE MOLESTAR HA INTENTADO ENTRAR AL DOMICILIO Y QUEBROI UNOS VIDRIOS DE VENTANAS Y PUERTAS POIR QUE IBA A ENTRAR A VER SI ESTABA CON ALGUIEN MAS, Y LE HA MANDADO MENSAJES DICIENDOLE QUE DONDE SE LA TOPE LA VA A MANDAR A LA FREGADA Y QUE LA VA A MATAR",0.333333333333333,0,1,1,0,0,0
14985,"USUARIA REFIERE QUE AYER LE PRESTO A SUS DOS HIJOS A SU EX PAREJA, MENCIONA QUE HY FUE POR LOS MENORES Y SU EX PAREJA COMENZO A INSULTARLA Y DECIRLE QUE ELLA NO TENIA PORQUE ESTAR AHI, LE DECIA QUE SE FUERA A CHINGAR A SU MADRE, LA USUARIA MENCIONA QUE ENCONTRO A SUS HIJOS EN CONDICIONES MUY FEAS, LOS NIÑOS DESNUDOS Y MENCIONA QUE SUS HIJOS LE DICEN QUE SU PADRE LOS GOLPEO A UNO DE ELLOS LES DIO CACHETADAS AL OTRO MENORES LE DIO UN GOLPE EN LA CABEZA Y LE AMARRO LA CABEZA CON UN CINTO, MENCIONA QUE ELLA LLEVA SU PROCEDIMIENTO JURIDICO.",0,0.666666666666667,0,1,0,1,0
14987,"REFIERE USUARIA QUE EL DIA DE AYER A LAS 22:00 HRS DE LA NOCHE, ELLA SE ENCONTRABA EN SU DOMICILIO CUANDO SU EX PAREJA LLEGO AL DOMICILIO RECLAMANDOLE QUE EL NIÑO LE DIJO QUE UN AMIGO DE LA USUARIA LO HABIA INSULTADO, EL LA INSULTO LE DIJO QUE ELLA ERA UNA PUTA CULERA HIJA DE SU PINCHE MADRE, EN ESO ELLA LE DIJO QUE NADA DE ESO HABIA PASADO, EL SE LE ECHO NCIMA A QUERER PEGARLE Y SU HIJA ESTABA CN ELLA EL LE QUISO PEGAR Y SU HIJA LA DEFENDIO Y SE METIO ENTTRE LOS DOS PARA QUE NO LE PEGARA, EL LA AMENAZO DE MUERTE , ELLA MARCO A LA POLICIA PERO CUANDO LLEGARON EL YA SE HABIA IDO, NO LO DETUVIERON , ELLA DESEA PRESENTAR DENUNCIA ANTE MINISTERIO PUBLICO.",0,0.666666666666667,0,1,0,0.333333333333333,0
14994,"LA USUARIA MANIFIESTA PERTENECER A UN MOTOCLUB DESDE HACE 3 MESES, DESPUÉS DE HABER CONVIDO CON ELLOS PUESTO QUEELLA ES PAREJA DE OTRO MIEMBRO. DICE QUE DESDE EL PRINCIPIO EL PRESIDENTE DEL MOTOCLUB LE HACÍA COMENTARIOS Y SUPUESTOS CONSEJOS EN LOS CUALES LE LLAMABA ""PENDEJA"", ""MEDIOCRE"", ETC. ES EL CASO QUE A LAS 3AM, SE ENCONTRABAN EN LA CASA CLUB INGIRIENDO BEBIDAS EMBRAGANTES. LA USUARIA YA SE IBA A IR A SU CASA Y MIENTRAS SE DESPEDÍA LE DIO UNA NALGADA, DICE LA USUARIA QUE SE SINTIÓ MUY HUMILLADA, Y MÁS PORQUE NADIE LA DEFENDIÓ. EN LA SIGUIENTE JUNTA DE LA SIGUIENTE SEMANA SE HABLÓ DE LA NALGADA Y ´ LO NEGÓ, INCLUSO LA USUARIA LE RECLAMÓ QUE ÉL LA HA ""OFRECIDO"" CON OTROS MOTOCLUBS DICIENDO QUE ELLA NECESITA UN HOMBRE. EL DÍA DE AYER, LA USUARIA ESCUCHÓ UN AUDIO EN EL QUE SE ESCUCHA DICIENDO QUE ELLA ES UNA FACIL, QUE SE LE OFRECE. QUE LE DA ASCO, QUE ESTÁ GORDA, FEA, FLÁCIDA, Y DENIGRANDOLA COMO MUJER"". LA USUARIA SE SIENTE MUY AFECTADA EMOCIONALMENTE Y DESEA DENUNCIAR EL HECHO.",0,0,0,1,1,0,0
15022,"LA USUARIA MANIFIESTA HABER TENIDO UNA RELACIÓN DE UNIÓN LIBRE POR 08 AÑOS, LA CUAL TERMINÓ EL AÑO PASADO. DESDE ENTONCES ÉL LE HA ESTADO INSISTIENDO EN QUE VUELVAN A ESTAR JUNTOS Y ÉL REGRESAR AL DOMICILIO COMÚN. ES EL CASO QUE EL DÍA DE HOY POR LA MAÑANA, ACUDIÓ SU EX PAREJA A SU TRABAJO Y LE DIJO QUE ESTABA CAZANDOLA, Y QUE CADA VEZ QUE ÉL QUIERA VA A IR A BUSCARLA. LA USUARIA VA PARA METERSE A SU TRABAJO Y ÉL LE TIRA PARA DARLE LO QUE PARECÍA UNA CACHETADA, PERO NO SE LA DA. Y SE VA. EL DÍA DE AYER POR LA NOCHE, ÉL ACUDIÓ A SU DOMICILIO EXIGIENDO ENTRAR AL DOMICILIO Y AMENAZANDOLA CON MATARLA Y CON HACERLE DAÑO A SU CASA. LA USUARIA DESEA DENUNCIAR EL HECHO. Y ASESORÍA LEGAL SOBRE PENSIÓN",0,0.666666666666667,0.666666666666667,1,0,0,0
15025,"USUARIA REFIERE QUE EL DIA MARTES DE OCTUBRE SU EX PAREJA FUE A BUSCAR A SU HIJA AL KINDER Y COMO AHI NO HAY BARDAS SOLO HAY TELA ESTE INTENTO BRINCARSE PARA ENTRAR POR LA MENOR Y PODER LLEVARSELA NADA MAS QUE LA MENOR ENTRO EN CRISIS Y SE ESCONDIO EN UNO DE LOS BAÑOS PARA QUE ESTE NO SE LA LLEVARA, MENCIONA QUE SU EX PAREJA TIENE UNA ORDEN DE RESTRICCION",0,0,0.333333333333333,0.333333333333333,0,1,0
15032,"LA USUARIA MANIFIESTA QUE EL DÍA DE AYER, HABÍA TENIDO UNA CITA. ACORDARON IR AL MOTEL, DICE QUE ÉL LLEVÓ ALCOHOL Y MARIHUANA, TUVIERON SEXO CONSENSUADO Y LUEGO ELLA LE DIJO QUE TENÍA QUE IRSE; PERO ÉL LE DIJO QUE NO IBA A DEJAR QUE SE FUERA, COMENZÓ A SOMETERLA MEDIANTE EL USO DE LA FUERZA, LA ESTUVO PENETRANDO SIN USAR CONDÓN, Y ESTUVO ESTRANGULANDOLA, DICE QUE ELLA SINTIÓ QUE PERDÍA EL CONOCIMIENTO, LUEGO SIN SU CONSENTIMIENTO LA PENETRO VÍA ANAL EYACULANDO DENTRO. DICE LA USUARIA QUE ELLA SINTIÓ MUCHO DOLOR Y DESPUES AL ORINAR VIO QUE ESTABA SANGRANDO.. CUANDO YA LA LLEVABA A SU CASA DE REGRESO, ÉL LE PIDIÓ PERDÓN POR HABERSE EXCEDIDO, LA USUARIA EMPEZÓ A LLORAR Y LE DIJO QUE ÉL LA HABÍA LASTIMADO MUCHO.",0,1,0,0.333333333333333,1,0,0
15051,USUARIA REFIERE QUE SU EX PAREJA ESTABA AFUERA DE SU CASA DESDE LA MAÑANA Y COMO ELLA LE HABLO A SEGURIDAD PUBLICA LA MIRO Y SE ESCONDIO Y ELLA TUVO QUE SALIR DEL DOMICILIO Y AHI SE QUEDARON SUS HIJOS LOS MAYORES Y FUE A BUSCARLA A DECIRLE QUE DONDE ESTABA QUE LE IBA A QUEMAR LA CASA Y DONDE MIRARA LA IBA A BAÑAR DE GASOLINA Y LE IBA A PRENDER FUEGO Y QUE LE DEJARA VER A SUS HIJOS Y QUE SE LOS IBA A QUITAR Y SE METE A SUS REDES SOCIALES,0,0,0,1,0,0,0
15058,"LA USUARIA MANIFIESTA QUE EL DÌA DE OCTUBRE POR LA TARDE, AFUERA DE SU CASA, SU EX PAREJA LA INTERCEPTÒ, (PADRE BIOLÒGICO DE SU MENOR HIJA) EXIGÌA VER A SU MENOR HIJA LA CUAL LA USUARIA ESTABA CARGANDO Y PRETENDÌA QUE SE LA PRESTARAN. ANTE LA NEGATIVA DE LA USUARIA ÈL LA ESTUVO ESTRUJANDO Y LE DIO UN GOLPE EN EL OJO, Y LUEGO SE FUE. LA USUARIA FICE QUE ADEMÀS LA HA ESTADO VIGILANDO. LA USUARIA DESEA UNA MEDIDA DE PROTECCIÒN.",0,1,0,0.666666666666667,0,0.333333333333333,0
15070,"LA USUARIA MANIFIESTA QUE TIENE 6 AÑOS VIVIENDO CON SU PAREJA, RELATA QUE SIEMPRE HA SIDO MUY AGRESIVO. EL LUNES DE OCTUBRE AL LLEGAR DE UNA VISITA A SU FAMILIAR ENCONTRO LA CASA CERRADA YA QUE SU PAREJA LE CAMBIO LAS CHAPAS. TIENE UNA SEMANA QUE SE SEPARRARON Y SU PAREJA LA HA AMENAZADO CON QUITARLE AL NIÑO. LA USUARIA DESEAS MEDIDA DE PROTECCION PERO NO QUIERE DEMANDAR",0,0,0.666666666666667,1,0,0.333333333333333,0
17079,"LA USUARIA NARRA QUE EN EL DOMICILIO DONDE ANTES VIVIA CON EL AGRESOR ELLA LE MANDO UN MENSAJE DE TEXTO A SU PAREJA Y EL SE MOLESTO PORQUE EL CELULAR LO TENIA LA AMANTE Y EL LLEGO A LA CASA ENOJADO Y EMPEZO CON AGRESIONES PSICOLOGICAS Y FISICAS, DONDE LE GRITOS LE DECIA QUE YA LE HABIA ARRUINADO SU RELACION CON OTRA MUJER, EL LA ESTRUJO, LE DIO UN GOLPE CON EL PUÑO CERRADO EN LA CARA Y LA AVENTO AL PISO, AL VER ESO EL HERMANO Y LA TIA SE METIERON Y SE DIERON DE GOLPES, LLEGO LA PATRULLA Y LOS SEPARO, EL LE MANDO MENSAJES DONDE LE DECIA QUE ES UNA"" ROGONA PENDEJA "". ELLA COMENTA QUE YA ESTA HASTA POR SUS MULTIPLES INFIDELIDADES, LA USUARIA DESEA DENUNCIAR POR VIOLENCIA FAMILIAR Y ORDEN DE PROTECCION YA QUE TEME QUE EL LA VUELVA A GOLPEAR O LE HAGA ALGO MAS, TAMBIEN SOLICITA TERAPIA PSICOLOGICA",0,1,0,1,0,0,0
17082,USUARIA ACUDE PARA RECUPERACION DE MENOR,0,0,0,0,0,0.666666666666667,0.333333333333333
17089,"LA USUARIA COMENTA QUE EN SU DOMILCILIO ELLA SE ENCONTRABA DORMIDA CUANDO RECIBIO LLAMADAS Y MENSAJES DE UN AMIGO QUE LE PRETENDE PERO QUE ELLA NO LE DA ENTRADA. EL LE INSISTIO Y ELLA NO CONTESTO, PERO A LOS 5 MINUTOS SE ESCUHO UN UN RUIDO MUY FUERTE COMO QUE SE CAYO EL TANQUE DE GAS A ELLA LE DIO MIEDO Y SE LEVANTO PERO VIO QUE ALGUIEN INTENTBAN ABRIR SU PUERTA Y PREGUNTO QUIEN ERA Y NO CONTESTARON, ELLA SALIO Y ERA SU AMIGO QUE SE ENCONTRABA EN ESTADO DE EBIEDAD Y LE DIECIA QUE LO VENIAN SIGUIENDO QUE LE DIERA CHANCE DE ESTAR AHI, ELLA LE DIJO QUE SE FUERA PERO EL NO SE QUIERIA IR, ELLA LO SACO COMO PUEDO DE LA CASA, LA USUARIA TEME POR SI INTEGRIDAD YA QUE SE SIENTE ACOSADA Y HOSTIGADA POR QUE EL ENTRO A SU DOMICLIO E INTENTO ABIR LA PUERA DE SU CUARTO, DESEA LEVANTAR DENUNCA POR ACOSO SEXUAL",0,0.333333333333333,0.666666666666667,1,1,0,0
17102,"LA USUARIA COMEMNTA QUE ENTRTE 1 Y 2 DE LA MAÃANA ENEL DOMICLIO DODNE VIVIO CON SU PAREJA. SU PAREJA LLEGO ALCOLIZADO, Y EMPEZO A AGREDIRLA VERBALMENTE LE DECIA "" ERES UNA MIERDA UNA ""PUTA YA NO QUIERO ESTAR CONTIGO , VETE DE LA CASA "" EN ES MOMENTO LA USUARA LE MARCO A LA MAMA DEL AGRESOR PARA QUE LA AYUDARA , LA MAMA DEL AGRESOR LE MARCO A SU PAREJA PERO EL SIGUIO CON LAS AGRESIONES, ENTRO AL CUARTO Y LA MEPZO AGREDIR FISICAMENTE CON EL PUÃO CERRADO EN LA CABEZA Y EN LA ESPALDA, SU HIJA DE 8 AÃOS SE DESPIERTA Y AGARRRO A SU PAPA PARA QUE YA NO LA GOLPEARA, TAMBIEN LLEGO EL PADRE DEL AGRESOR Y LE AYUDA A CONTOLARLO Y ELLA SE ENCIERRA EN EL CUARTO, AMANECIENDO LLEGARON LOS PADRES Y EL HERMANO DE LA USRAIA PARA AYUDARL A QUE SACARA SUS COSAS PERO EL SE MOLESTO Y LE AVENETO UN VASO DE ALUMINIO EN LA CABEZA, SUS FAMILARES Y EL SUEGO LO DETIENEN Y ELLA SALE DE LA CASA CON SUS HIJOS, LA USUARIA DESEA PONER DENUNCIA Y ORDEN DE PROTECCION , TAMBIEN INFORMACION PARA PENSION DE ALIMENTOS PARA SUS HIJOS Y TERAPIA PSICOLOGICA",0,1,0.333333333333333,1,0,0,0
17108,"USUARIA MANIFIESTA QUE EL SABADO EN LA MADRUGADA , ESTABAN EN UN BAILE EL AGRESOR LA AGREDIO FISICAMENTE DANDOLE UN GOLPE EN EL ROSTRO DEJANDOLE LASTIMADA LA MANDIBULA Y MORDIDA EN EL BRAZO EN LA PARTE INTERNA , DEBIDO A QUE ESTABA TOMANDO Y BUSCANDO PELEA CON LA USUARIA TRATANDO DE DARLE CELOS CON UNA AMIGA,",0,1,0,0.666666666666667,0,0,0
17110,"SABADO IBA SALIENDO A LAS 7:00 AM DE LA FABRICA LLEGA EL PR Y LE DICE ""ABRE LA PUERTA"" EL MANEJO Y SE LA LLEVO, IBA DEMASIADO RECIO Y LE DECIA ""YA TE HABIA DICHO QUE TE IBA MATAR, E ACUERDAS, TU SABES SI QUIERES AVIENTATE PEROTE VOY A MATAR"" Y AHI COEMNZARON A FORCEJEAR DENTRO DEL CARRO Y EL PR TRATO DE EMPUJARLA AL AGUA DESDE EL CARRO. USAURIA HABLA A AMIGA Y CONTESTA PERO PR CUELGA LA LLAMADA. LA SACA DE DONDE ELLA IBA Y SE SUBIO ARRIBA DE ELLA Y COMENZO A AHORCAR. YA DESPUES DE FORCEJEAR LA SOLTO Y SE FUERON A LA CASA Y PR LE DICE ""ARREGLATE NO QUIERO QUE LOS NIÃOS TE VEAN ASI"" REFIERE QUE TAMBIEN LE QUEBRO EL TELFONO, LE PEGO EN LA BANQUETA Y LO DOBLO TODO CON SUS PROPIAS MANOS Y YA EN LA CASA LE DICE QUE SE VAYA DEL DOCMILIO. SE VA TRABAJAR Y AL REGRESO ESE MISMO SABADO A MEDIO DIA LE DIJO ""VETE DE LA CASA"" Y A LAS 6:00 PM APROX OTRA VEZ ENTRO A LA COCINA Y LA TOMO DEL CUELLO Y LE DECIA QUE SE LARGARA QUE SE FUERA Y QUE EL SE IBA IR AL BAILE Y QUE NO LA QUERIA VER ALLA. SALIO Y LE BAJO LAS LAS LLANTAS DEL CARRO Y SE FUE. 
EL MISMO SABADO YA EN LA NOCHE ESTABAN UNOS AMIGOS DE ELLA PARA VER COMO ESTABA Y LLEGA EL PR DICIENDO ""MAS VALE QUE SE VAYAN DE AQUI PORQUE SI NO LOS VOY A QUEMAR VIVOS A TODOS Y AHORITA REGRESO Y YA NO LOS QUIERO AQUI"" REFIERE QUE LLEGO CON UN BOTE DE GASOLINA. 
SE FUE Y DE REGRESO EL DOMINGO A LAS 3:00 AM LA VOLVIO A TOMAR DEL CUELLO Y LE DECIA QUE QUERIA ESTAR CON ELLA, Y LE DICE ""VEN TE ESPERO EN MI CUARTO"" PARA TENER RELACIONES LE DECIA EL, USUARIA NO VA. EN LA MAÃANA DEL DOMINGO A LAS 7:00 AM ""QUIERO ESTAR CONTIGO"" USUARIA SE NEGABA. ""PERO TE ME LARGAS YA, AHORITA YA"" USUARIA LE DICE QUE SOLO ESTABA ESPERANDO LA MUDANZA , REFIERE QUE LLEGA LA MAMA CON CAMIONETA PARA SACAR TODO Y SE RETIRAN DEL DOMICILIO, PERO ANTES EL SE SUBIO A UN CARRO CON SUS AMIGOS Y LE DICE QUE NO LE VA DAR NADA A LOS NIÃOS. REFIERE QUE HA ESTADO MARCAND A HIJ",0.333333333333333,1,0.666666666666667,1,0.333333333333333,0,0
17112,"REFIERE USUARIA QUE EL DIA DOMINGO A LAS 20:00 HRS DE LA NOCHE , ELLA FUE A COMPRAR UNAS COSAS , CUANDO LLEGO A SU DOMICILIO, SU ESPOSO YA SE ENCONTRABA DENTRO DE LA CASA, CUANDO EL NO LA DEJABA ENTRAR A LA CASA, LE JALO LOS CABELLOS Y LA ESTRUJO, LOGRO ENTRAR AL DOMICILIO PORQUE SUS HIJOS LA AYUDARON , EL NO SE IBA Y LOS AMENAZO LES DIJO QUE LOS IBA A LASTIMAR Y QUE NO QUERIA HACER LO QUE TENIA QUE HACER QUE SE ATUVIRA A LA CONSECUENCIAS, LOS CORRIO DE LA CASA, QUE NO QUERIA QUE UNA PUTA ESTUVIERA EN LA CASA , ELLA MARCO A LA POLICIA PERO NO LLEGARON, ELLA DESEA PRESENTAR DENUCIA ANTE MINISTERIO PUBLICO.",0,1,0.666666666666667,1,0,0,0
17114,"LA USUARIA MANIFIESTA QUE HA TENIDO UNA RELACIÃN INESTABLE Y VIOLENTA DE UNIÃN LIBRE POR 10 AÃOS. MENCIONA QUE HA SUFRIDO VIOLENCIA PSICOLÃGICA Y FÃSICA ASÃ COMO ECONÃMICA POR PARTE DE ÃL, EN PRESENCIA DE SUS HIJOS. EN VARIAS OCASIONES HA INTENTADO DEJARLO. PERO DICE QUE SUELE REGRESAR CON ÃL CREYENDO QUE LAS COSAS VAN A CAMBIAR, Y TAMBIÃN PORQUE NO SE SIENTE APOYADA POR ALGUIEN. ACTUALMENTE ESTÃ SEPARA DE ÃL DESDE HACE 03 SEMANAS. ES EL CASO QUE POR LATARDE, ÃL LE PIDIÃ A LA USUARIA QUE ""LE PRESTARA"" A LOS MENORES QUE TIENEN EN COMÃN, ELLA ACCEDI{O Y LOS LLEGÃ A UN PARQUE, AHÃ LLEGÃ ÃL, ACTUANDO MOLESTO Y INSULTÃ A LA USUARIA Y LE DIO UNA PATADA EN LOS GLUTEOS. LA USUARIA DESEA DENUNCIAR EL HECHO Y ASESORÃA LEGAL SOBRE GUARDA Y CUSTODIA Y PENSION ALIMENTICIA.",1,1,0,1,0,0,0
17123,"LA USUARIA NARRA QUE A LAS 11 PM ELLA SE ENCONTRABA ACOSTADA EN SU CAURTO CUANDO LLEGO EL PAPA DE SU HIJA CON QUIEN TIENE UNA RELACION DESDE HACE 6 AÃOS PERO NO SE QUEDA MAS QUE SOLO DE VEZ EN CUANDO EN LA CASA, ELLA NO QUERIA QUE SE QUEDARA ESE DIA PORQUE EL ESTABA TOMADO Y EMPEZO AGREDIRLA QUE DE SEGURO ANDA DE VOLADA CON SU EX , DESPUES EL SE AVENTO ARRIBA DE ELLA Y LA OBLIGO A TENER RELACONES CON EL , DESPUES LE JALO EL CABELLO Y LE AGARRO LA NARIZ MUY FUERTE, LE DIJO"" TE LA VOY ARRANCAR"" Y SI ME ENTERO QUE ANDAS CON ALGUIEN TE VOY A MATAR,"" TU NO PUEDES ESTAR CON NADIE MAS "" ELLA COMO PUEDO SE SAFO Y CORRIO A LA COCINA DONDE ESTABA SU HIJA , LA USUARIA DESEA PONER DENUNCIA Y ODEN DE PROTECCION, PORQUE EL SE METE AL LA CASA SIN SU PERMISO Y ELLA YA NO QUIERE ESTAR CON EL , EL ESTA CASADO CON OTRA MUJER Y ELLA YA NO AGUNATA ESO, Y TAMBIEN QUIERE DEJARLO PORQUE EL ES MUY ALCOHOLICO Y ELLA PIENSA QUE TAMBIEN SE DROGA Y LA AH GOLPEADO Y AGREDIDO VERBALMENTE POR MUCHO TIEMPO.",0,1,0,1,1,0,0
17140,"LA USUARIA NARRA QUE EN EL DOMICILIO FAMILIAR APROXIMADAMENTE A LAS 2 PM LA SUARIA Y SU ESPOSO EMPZARON A DISCUTIR PORQUE EL ALE ENCONTRO UNAS PUBLICCAIONES DE FACBOOK CON SU HERMAN,A EL LO NEGO Y LA AGREDIO VERBALMENTE LE GRITO ERES UNA PINCHE LOCA "" DESPUES LA EMPUJO Y ELLA AGARRO UN DESARMADOR PARA DEFENDERSE Y EL SE LO QUITO Y LA MORDIO EN LA MANO, LA FAMILIA SE METIO Y LO SEPARO Y EL SE FUE DE LA CASA, LA USUARIA SE FUE AL SEGURO A ATENDERSE DE LA MANO, PERO ELLA DIJO QUE LA MORDIO UN PERRO PORQUE LE DABA VERGUENZA DECIR EN EL SEGURO QUE L AMORDIO SU ESPOSO , LA USUARIA DESEA DENUNCIAR POR VIOLENICA PSICOLOGICA YA QUE ANTERIOMENTE SU PAREJA LA HABIA ENGAÃADO Y LA HUMILLA DICIENDOLE QUE ESTA MUY GORDA Y OFENDIENDOLA CONSTANTEMNTE DE SU FISICO, ADEMAS DE OBLOIGARLA A TENER RELACIONES SEXUALES CUANDO ELLA NO QUERIA , Y ESTO LO GACIA CASI SIEMPORE QUE DISCUTIAN , ADEMAS LA USUARIA REFIERE QUE EL LE HA ROBADO COSAS A ELLA Y SU HIJOS COMO ROPA Y ANILLOS, LA USUARIA DESEA DENUNCIAR Y ORDEN DE PROTECCION EN CONTRA DE SU ESPOSO",0,1,0.666666666666667,1,0.666666666666667,0,0
17151,"REFIERE USUARIA QUE EL DIA DE AYER A LAS 13:00 HRS DE LA TARDE ELLA SE ENCONTRABA EN LA CASA DE SU HERMANA PRQUE SE METIERON A ROBAR, CUANDO LLEGO LA SUEGRA DE SU HERMANA Y UNA VECINA LES DIJO QUE FUE LA EXPAREJA DE LA HERMANA DE LA USUARIA Y SUS HIJAS, ELLA SE QUEDO EN UNA TIENDA COMPRANDO AGUA PARA LOS NIÃOS, CUANDO LLEGA SU EX CUÃADO Y LE DIJO HIJA DE TU PUTA MADRE VAS A VALER VERGA, Y COMENZO A GOLPEARLA EN LA CARA Y LA BAJA DEL CARRO Y LE EMPIEZAN A GOLPEAR ENTRE SU EX CUÃADO Y SU ESPOSA, SU HIJA AGARRA SU CELULAR Y COMENZOA A MARCARLE ALA HERMANA DE LA USUARIA, ELLA SE LE DEJA IR A SU HIJA Y ELLA LA DETIENE Y LA TUMBAN AL PISO Y LA EMPIEZAN A GOLPEAR, Y SU EX CUÃADO Y LA SUEGRA DE SU HERMANA LE DIEN QUE LA SUELTE Y LA SEPARAN, ELLA SE SUBIO A SU CARRO Y SE FUE , NO MARCARON A LA POLICIA, ELLA DESEA PRESENTAR DENUNCIA ANTE MINISTERIO PUBLICO.",0,1,1,1,0,0,0
17168,"LA USUARIA NARRA QUE APROXIMADAMENTE A LAS 5 PM EN SU DOMICILIO SU EX PAREJA Y PADRE DE SUS 5 HIJOS LLEGO A SU CASA CON EL PRETEXTO DE VER A SUS HIJOS Y EMPEZO AGREDIRLA VERBALMENTE DICIENDOLE S""EGURO ANDAS CON MUCHOS POR ESO YA NO QUIERES NADA CONMIGO "" LA USARIA DICE QUE COMO ESE DIA NO SE HABIA DROGADO ANDABA MUY ACELERADO Y AGARRO LA CINTA DE MEDIR Y SE LA ENCAJO EN LA NARIZ , LA DEJO SANGRANDO Y LE ROBO $ 500 PESOS DE SU BOLSA Y SE FUE DE LA CASA, ELLA SALIO Y PIEDIO UNA PATRULLA PEROY ANO LO AGARRAON, LA USUARIA DESEA PONER UNA DENUNCIA POR VIOLENICIA FISICA, ORDEN DE PROTECCION Y DEMANDA DE PENSION DE ALIMENTOS YA QUE SU EX PAREJA NO SE HACE CARGO ECONOMICAMENTE DE SUS HIJOS.",1,1,0.333333333333333,1,0,0,0
17188,"USUARIA MANIFIESTA QUE SU AGRESOR EL DIA LUNES SE PUSO AGRESIVO LE EMPEZO A INSULTAR YA QUE PIENSA QUE LE ES INFIEL Y QUE ANDA CON OTRAS PERSONAS USUARIA REFIERE QUE TRABAJA DE NOCHE EN EL IMSS Y QUE CUANDO LLEGO LE AVENTO UN VASO A LA ALTURA DEL PECHO Y COMO ESTA AMAMANTANDO AUN A SU MENOR LE DUELE EL GOLPE, REFIERE QUE ANTERIORMENTA YA LA HA INSULTADO Y ADEMAS LA HA OBLIGADO A TENER RELACIONES SEXUALES CON EL ESTO SUCEDIO APENAS HACE DOS SEMANAS , COMENTA QUE YA LO HA INTENTADO DEJAR PERO NO SE QUIERE SALIR DE LA CASA Y QUE TODOS LOS DIAS ES IGUAL CON LOS GRITOS ADEMAS QUE SU MENORES HIJOS ESTAN PRESENTES Y ESCUCHAN TODO.",0,1,0,1,1,0,0
17197,"LA USUARIA MENOR DE EDAD ACOMPAÃADA DE SU TUTORA REFIERE QUE CUANDO TENIA 7 AÃOS SU ABUELO LA LLEVO AL CUARTO CUANDO LA EMPEZÃ A TOCAR EN SUS GLÃTEOS Y LE TAPABA LA BOCA PARA QUE NO DIJERA NADA, POR LO QUE PROCEDIÃ A PENETRARLA ANALMENTE Y AL FINALIZAR LE DIJO ""SI DICES ALGO MATARE A TU MAMA"", POR ESE MOTIVO NUNCA LE DIJO MAS. MENCIONA QUE HACE POCO LA BESO Y QUISO VOLVER A ABUSAR DE ELLA, POR ENDE PREFIRIÃ CONTARLE A SU MADRE LO QUE HABÃA SUCEDIDO.
ADEMAS COMENTA QUE EN UNA OCASIÃN QUE EL LA DURMIÃ CON UN TIPO DE QUIMICO ELLA AL DESPERTAS VIO UN ARMA PEQUEÃA EN SU ZAPATO.",0,0,0,1,0.666666666666667,0,0
17199,"LA USUARIA MANIFIESTA QUE DESDE QUE SE SEPARO DE SU PAREJA EL HA ESTADO CONSTANTEMENTE ACOSANDOLA DEBIDO A QUE SU EX-PAREJA TRABAJA CERCA DE ELLA, EL MOTIVO POR EL CUAL FUE SU ULTIMA DISCUCIÃN FUE POR QUE LA USUARIA EL DOMINGO LE HABIA PEDIDO PARA LOS PAÃALES DE SU BEBÃ Y SU EX-PAREJA SE LOS MANDO HASTA EL LUNES, EN LA MISMA DISCUCIÃN SU EX-PAREJA EMPUJO A LA USUARIA JUNTO A SU HERMANA DIJO GROSERIAS TANTO A ELLA COMO A SU HERMANA.",0.666666666666667,0.666666666666667,0,1,0,0,0
17207,"EL DIA DE AYER A LAS 3:00 PM APROX. 
LA US ESTABA EN SU DOMICLIO Y EL TRABAJA EN EL RELLENO SANITARIO, EL DIA DE AYER NBO FUE A TRABAJAR Y EN LA CASA LA EMPEZO A INSULTAR ""VETE HIJA DE TU PUTA MADRE, YA TE DIJE QUE YTA NO TE QUIERO AQUI PINCHE VIEJA PUTA, YA NO TE QUIERO AQUI HIJA DE TU PINCHE MADRE, HIJA DE TU PUTA MADRE, ANDALE RAYAMELA PARA PARTIRTE TU MADRE, PUES YA TE DIJE Â´PINCHE VIJEA VALE VERGA, YA ME TIENES HASTA LA VERGA"" USUARIA TABIEN LA INSULTO DICIENDOLE QUE NO LE ESTE RAYANDO LA MADRE Y EL PR LE DICE ""TE VOY A MATAR Y TE VOY A GOLPEAR, ASI TE GUSTA"" LE PEGO EN EL BRAZO DERECHO CON LA MANO, ENEL ESTOMAGO, LA TRATO DE AHORCAR. REFIERE QUE COMO TRAE UNA CADENA LA ESTIRO, EN LA ESPALDA LE METIO DOS GUANTADAS Y EN LA PIERNA TRAMBIEN, REFIERE QUE EL PR TRAIA UN ANILLO Y TAL VEZ CON ESE LA RASGUÃO., REFIERE QUE TAMBIEN LE PEGO EN LA CABEZA. REFIERE QUE LA AVENTO A LA CAMA. REFIERE QUE LE DIO PATADAS EN LOS PIES., AVENTO LOS TENIS AL PISO, REFIERE QUE ELLA YA HABIA DECIDIDO IRSE Y HABIA ACOMODADO SUS MALETAS PERO EL R, EMPEZO A SACAR TODO AL PISO. 
EL DOMINGO A LAS 9:00 AM APROX. REFEIRE AQUI EN LA CASA DEL PAPA (DONDE VIVE ACTUALMENTE) LE DIJO EL PAPA QUE AQUI SE QUEDARA, USUARIA SE FUE EN TAXI Y AL LLEGAR A LA CASA EN TAXI EL PR YA LE TENIA EL PORTON CERRADO, CUANDO ENTRO LE DIJO ""VETE POR DONDE LLEGASTE, PINCHE VEJA PUTA TE GUSTA ANDAR DE PUTA, LE METIO UNA CACHETADA, USUARIA SE METE A LA CASA Y PR LE DICE ""VETE YA NO TE QUIERO, VALE VERGA PINCHE VIEJA PUTA), A QUE HORA TE VAS A LARGAR, TE VAS O TE AVIENTO LAS GARRAS, NOMAS QUE TE VAYAS A IR Y VAS A VER COMO TE VA IR, PINCHE VIEJA PUTA, LA AVENTO SOBRE LA CAMA Y LE PEG CON PUÃO CERRADO EN EL OJO IZQUIERDO ""POR PINCHE VIEJA PUTA"") 
REFIERE QUE ANTES CUANDO VENIA SU PAPA A LA CASA NO LA DEJABA IR A VERLO. HASTA UN MES O MAS SIN VER AL PAPA, NO LA DEJABA TRABAJAR, SALIR NI NADA., REFIERE QE NO LA DEJA TENER NI CELULAR.",0,1,0.333333333333333,1,0,0,0
17212,"USUARIA REFIERE QUE ESTANDO EN SU DOMICILIO (NO RECUERDA LOS DIAS NI LA HORA SOLO QUE FUE EL MES PASADO) SU ESPOSO ES MUY CELOSOS Y POR ESTAR EN EL CELULAR LA GOLPEO Y LA ESTRUJO LA TIRO EN EL PISO Y LA PATEO DESPUES INTENTO ESTRANGULARLA HASTA QUE DEJO DE PELEAR PARA DEFENDERSE, LA SOLTO Y TRATO DE CONTENTARLA PREGUNTANDOLE COMO ESTABA SI ESTABA BIEN Y QUE SI SE HIBA CON SUS PAPAS LE HIBA A HACER UN DESMADRE AUNQUE SU PAPA SE MUERA YA QUE ES HIPERTENSO Y SUFRE DEL CORAZON.
LA SEGUNDA OCASION ELLA IBA MANEJANDO Y LE MARCO Y CUANDO LLEGO AL DOMICILIO LE EMPEZO A DEIR QUE ETSABA CON ALGUIEN EN EL CARRO Y LA METIO AL CUARTO Y LA ESTABA ESTRUJANDO CUANDO LE GRITO A SU HIJO DE 20 AÃOS Y EL LE DIJO A SU PAPA QUE LA SOLTARA QUE ASI NO SE PUEDE PLATICAR, UAUARIA COMENTA QUE CADA VEZ QUE LE DICE QUE SE VAN A SEPARAR SE PONE AGRESIVO Y ADEMAS TRABAJAN EN LA MISMA PLANTA QUE ELLA Y DELANTE DE SUS COMPAÃEROS DE TRABAJO LE DICE PUTA O PUTITA Y QUE ANDA CON TODOS Y NO LA DEJA TRABAJAR ADEMAS QUE LA EMPUJA",0.333333333333333,1,0,1,0,0,0
17219,LA USUARIA MENOR DE EDAD ACOMPAÃADA DE SU TUTOR REFIERE QUE HACE 15 DÃAS LE COMENTO LA VECINA QUE LA PAREJA DE SU MADRE LA HABIA VIOLADO POR LO QUE INMEDIATAMENTE FUERON AL DOCTOR PERO NO PUDIERON CHECARLA POR CAUSA DE LAS CITAS. LA MENOR SOLO DICE QUE LA TOCARON PERO NO ESPECIFICA MAS SOBRE EL TEMA.,0,0,0,0,1,0,0
17222,LA USUARIA MENOR DE EDAD ACOMPAÃADA DE SU TUTOR REFIERE QUE SE ENCONTRABA JUGANDO CON SU PERRO SINTIÃ QUE ALGUIEN ESTABA CERCA DE ELLA Y AL VOLTEAR A VER ENCONTRÃ A UN SEÃOR QUE SE QUITABA EL SHORT POR LO QUE LE MOSTRO SUS PARTES INTIMAS.,0,0,0,0,1,0,0
17232,"LA USUARIA REFIERE QUE SU PAREJA FUE DE MADRUGADA A SU CASA ADEMAS DE QUE SE SALTO EL PORTÃN DE MADRUGADA Y ENTRO A SU DOMICILIO
EN ESA OCASIÃN LA OFENDIÃ DICIENDO "" ERES UNA PUTA, ZORRA, ERES PEOR QUE LAS PUTAS"", ""TE VOY A HACER MIERDA"", AÃADIENDO QUE SE METIÃ A LA CASA Y ESCULCO TODAS SUS PERTENENCIAS, ASIMISMO QUEMO SUS BOTAS Y QUERÃA QUEMAR LA CASA. PARA FINALIZAR MENCIONA QUE LA HA AMENAZADO DE QUE SI SE QUEDA SOLA EL IRA A MATARLA EN LA NOCHE. 
VOLVIÃ ENTRAR AL DOMICILIO Y ROMPIÃ LA PUERTA CORREDIZA DEL DOMICILIO.",0,0.333333333333333,1,1,0,0,0
17233,"USUARIA REFIERE QUE EL DIA SABADO SE DIRIJE A LA CASA DE SU EX PAREJA PARA PODER HABLAR CON EL YA QUE ESTA EMBARAZADA, EL LE DICE QUE YA NO QUIERE NADA CON ELLA, LA CORRE DE LA CASA, PERO ANTES DE ESO ELLA SACA SUS COSAS ,EN ESO EL LA EMPIEZA A ESTRUJAR LA TUMBA AL PISO, LA APRIETA FUERTE DE LOS BRAZOS Y LA LASTIMA, 
MENCIONA QUE LE SIGUE MANDANDO MENSAJES, DONDE LE DICE ""NO LE TENGO MIEDO A LAS DENUNCIAS, HAS LO QUE QUIERAS, TU Y ESE BEBE SE PUEDEN IR MUCHO A LA VERGA"" ENTRE OTROS INSULTOS.",0,1,0,1,0,0,0
17246,"LA USUARIA MANIFIESTA QUE APROXIMADAMENTE A LAS 15:00 HRS., FUE QUE TUVO UN PROBLEMA CON SU VECINO. LA USUARIA NARRA QUE SE ENCONTRABA COCINANDO EN SU CASA Y VE ENCIMA DE LA BARDA QUE DIVIDE SU PROPIEDAD CON LA DE SU VECINO, A ÃSTE ÃLTIMO, ESCUDÃNDOSE DE ESTAR REVISNADO CIERTAS MANGUERAS DE SU CASA, ACTO SEGUIDO EL AGRESOR INGRESA COMPLETAMENTE AL DOMICILIO DE LA USUARIA PARA ""EXHIBIRSE"" E INSINUÃRSELE SEXUALMENTE A LA USUARIA; LA USUARIA ASUSTADA Y DESCONCERTADA COMIENZA A ALEJARSE PARA DESPUÃS SALIR DE SU CASA Y CERRAR CON LLAVE, DEJANDO AL AGRESOR DENTRO, Y ÃSTE ÃLTIMO MENCIONÃNDOLE QUE NO HUYA Y QUE NADIE SE ENTERARÃ. EL AGRESOR CUENTA CON ANTECEDENTES DE ESPIAR A OTRAS PERSONAS DE LA ZONA Y LA USUARIA NO TENÃA NINGUNA RELACIÃN CON ÃL MÃS QUE CON LA MADRE DEL AGRESOR. LA USUARIA SOLICITA DENUNCIAR EL HECHO ASÃ COMO UNA MEDIDA DE PROTECCIÃN EN SU CONTRA.",0,0,0.333333333333333,1,1,0,0
17263,"LA USUARIA REFIERE QUE RECIBIO AMENAZAS POR PARTE DE SU EX PAREJA DONDE LE DIJO VIA TELEFONICA ""ERES UN PUTA ""QUIERO QUE TE SALGAS DE MI CASA"", DONDE TE VEA TE VOY A GOLPEAR Y TE VOY A MATAR "" TAMBIEN REFIERE QUE LE DIJO "" TENGO ALGUIEN QUE TE VIGILA , ADEMAS DE LLEGAR TOMADO A LA CASA SIN AVISARLE CON EL PRETEXTO DE VER A LOS NIÃOS, . LA USUARIA REFIERE QUE HACE UN MES SE METIO A LA CASA TAMBIEN IBA TOMADO Y LA AGREDIO FISICAMENTE ,LA AVENTO A LA CAMA E INTENTO EXTRANGULARLA, PERO LA SOLTO PORQUE SU HIJA EMPEZO A LLORAR, LA USUARIA TEME POR SU INTEGRIDA Y DESEA LEVANTAR DENUNCIA POR AMANAZAS YA QUE REFIERE QUE LAS A MENAZAS SON MUY CONSTANTES ULTIMAMENTE DESDE QUE ELLA SALIO CON OTRA PERSONA, PERO ELLA COMENTA QUE SEPARADA TIENE 1 AÃO, TAMBIEN DESEA ASESORIA JURIDICA PARA TARMITE DE PENSION DE ALIMENTOS",0.333333333333333,1,0,1,0,0,0
17274,"USUARIA REFIERE QUE A LAS 9.30 DE LA NOCHE, EL AGRESOR LA BUSCO DONDE ELLA ESPERA EL TRANSPORTE A SU TRABAJO, LLE GO PIDIENDOLE EL TELEFONO Y LE DECIA QUE SE LO DIERA POR LAS BUENAS O POR LAS MALAS , USUARIA MANIFIESTA QUE SINTIO QUE LE PICABA EL COSTADO CON ALGO NO SUPO IDENTIFICAR CON QUE, DICE QUE LE SACO EL CELULAR Y DESDE AYER QUE SE LO LLEVO HA ESTADO PUBLICANDO ESTADOS CON FOTOS Y VIDEOS DE ELLA CON CONTENIDO SEXUAL, YA QUE SUS FAMILIARES LOS HAN VISTO Y LE ESTAN AVISANDO. 
USUARIA REFIERE QUE LO DEJO HACE UN MES YA QUE LA AGREDIO FISICAMENTE TOMANDOLA DEL CUELLO Y EMPUJANDOLA CONTRA LA PARED.",0,1,0.333333333333333,0.333333333333333,0.666666666666667,0,0
17275,"LA USUARIA REFIERE QUE EL DIA JUEVES A LAS 10:45 SU EX PAREJA LLEGO AL DOMICILIO DE LA USUARIA DONDE EN ESTADO DE EBRIEDAD Y DROGADO( MARIHUANA) COMENZO AGREDIRLA VERBALMENTE DICIENDOLE "" ERES UNA PUERCA"" TE METES CON TODO MUNDO"" VETE A QUE TE MANTENGAN"" POR ESO ME DEJASTE"" VE A QUE TE COJAN "" Y COMETIO AGRESIONES FISICAS COMO ESTUJONES E INTENTO GOLPEARLA PERO ELLA SE METIO A LA CASA Y LE HABLO A LA PATRULLA. LA USUARIA DESEA LEVANTAR DENUNCIA POR VIOLENCIA Y ORDEN DE PROTECCION.",0.333333333333333,1,0,1,0,0,0
17281,LA USUARIA MANIFIESTA QUE SIENDO LAS 12:00 DE LA TARDE DONDE LA MAESTRA LE HABLO Y LE DIJO QUE LA NIÃA SE HABIA HECHO DEL BAÃO Y LE MARACABA A SU ESPOSO DONDE NO LE CONTESTABA ASI QUE DECIDIO IR ELLA POR ELLA DONDE EN LA IDA YA VENIA SU ESPOSO CON LA NIÃA Y EYA LE DIJO QUE LE REGRESARA EL DINNERO QUE SE GASTO PORQUE EL DINERO QUE LE DA ESTA LIMITADO Y EL LE DIJO YA VAS A EMPEZAR Y DONDE MIENTRAS SE DECIAN COSAS Y LA INSULTABA Y ASI LA EMPEZO AMETER PUÃETASOS GOLPES EN LA CARA Y EYA SI SE DEFENDIO CON UN BAT PERO MUY DESPACIO PERO EL LE SEGUIA PEGANDO EN UNA DE ESAS SE SFO Y LE DIJO QUE SE FUERA Y QUE SI NO SE IBA LE IBA A MARCXAR A SU HERMANO Y COMO SU HHERMANO ES POLICIA SE ASUSTO Y SE FUE Y SE LLEVO SUS PAPELES DEL CARRO Y DONDE LE DECIA QUE NO LE IBA A AREGRESAR NADA NI ESO Y SE FUE .,0.333333333333333,1,0.666666666666667,1,0,0,0
17303,"LA USUARIA MENOR DE EDAD ACOMPAÃADA DE SU TUTORA REFIERE QUE LA ANTERIOR SEMANA AL DEJARLA CON LA VECINA PARA QUE LA FUERA HA DEJAR A LA ESCUELA SUCEDIÃ QUE EL PAPA DE LA VECINA FUE A DEJARLA, POR LO QUE NO ERA HABITUAL QUE LA ESTUVIERA LLEVANDO EL PERO AUN ASÃ ACEPTO Y EN EL TRANSCURSO LA EMPEZÃ HA MANOSEAR EN SU PARTE INTIMA Y EN SU PECHO MIENTRAS LE DECÃA ""MI AMOR"" ADEMAS DE QUE LE DABA BESOS EN EL CUELLO.
TAMBIÃN MENCIONA QUE ANTERIORMENTE LE SUCEDIO LO MISMO EN LA MAÃANA Y QUE LE HABIA DICHO QUE CUANDO SE PONIA VESTIDO PARA TOCARLE LAS PIERNAS.",0,0,0,0.333333333333333,1,0,0
17334,"USUARIA MANIFIESTA QUE EN SU TRABAJO SE HA QUEJADO EN EL SINDICATO YA QUE SU COMPAÃERO DE TRABAJO LA HA MOLESTADO CONSTANTEMENTE, LA OBSERVA Y HA TRATADO DE TENER CONTACTO FISICO CON ELLA, COMENTA QUE ADEMAS SE LO HA TOPADO EN EL RUMBO DONDE ELLA VIVE, DESCONOCE SI EL AGRESOR VIVA POR DONDE ELLA VIVE, USUARIA REFIERE QUE EL DIA MARTES FIRMO UNA MINUTA DE RESPETO ANTE EL SINDICATO PARA EVITAR QUE LA PERSONA SE LE ACERQUE YA QUE ANTERIORMENT HA TENIDO OTROS REPORTES EN SU CONTA COMO ANTECEDENTE USUARIA LE REPORTO A ANTERIOR JEFA DEL SINDICATO QUE EL AGRESOR LA MOLESTABA EN TIEMPOS DE PANDEMIA Y QUE LE DECIA QUE SI SE QUERIA IR A BAÃAR A SU CASA QUE SI TENIA MIEDO QUE LA VIERA DESNUDA ESTO OCURRIO UN APROX DE 4 OCACIONES ADEMAS DE OTROS COMENTARIOS, DICE QUE EN ESE ENTONCES EL AGRESOR FUE ANEXADO YA QUE CONSUME SUSTANCIAS Y CAMBIADO PERO YA REGRESO Y CONTINUO CON EL ACOSO A SU PERSONA.",0.333333333333333,0,0,1,0.333333333333333,0,0
17337,"LA USUARIA MANIFIESTA QUE APROXIMADAMENTE A LAS 06:00 P.M. FUE QUE TUVO UN INCIDENTE DE VIOLENCIA FAMILIAR CON SU ACTUAL PAREJA (DE QUIEN NO SE ENCUENTRA CASADA LEGALMENTE Y CON QUIEN TIENE EN COMÃN AL HIJO MENOR). TUVIERON UNA DISCUSIÃN ORIGINADA, ENTRE OTRA SCOSAS; POR LA DROGADICCIÃN DEL AGRESOR (CRISTAL, AUNQUE SUPUESTAMENTE HABÃA ASISTIDO A TERAPIAS PARA DEJARLO), TAMBIÃN ES MUY CELOSO Y MANIPULADOR. EL AGRESOR DESEA VOLVER A VIVIR CON LA USUARIA A LO QUE ÃSTA SE NIEGA, EL AGRESOR, AUNQUE NO HA LLEGADO A LOS GOLPES, ÃSTE ÃLTIMO ENFRENTAMIENTO ESTUVO CERCA DE HACERLO SI NO HUBIERAN INTERVENIDO TERCERAS PERSONAS; LO QUE SUELE HACER ES ROMPER OTRAS COSAS COMO BIENES DE LA CASA. MENCIONA LA USUARIA QUE LE HA ROTO ROPA INTERIOR, BATA DEL TRABAJO, LA HOSTIGA EN EL BAÃO Y TRABAJO CREYENDO QUE SALE CON TODO MUNDO. TAMBIÃN CREE QUE EL MENOR QUE TIENE CON LA USUARIA Y LA MADRE DE ÃSTA SE ENCUENTRAN EN SU CONTRA. ECONÃMICAMENTE, EL AGRESOR SE HACE CARGO DEL MENOR CON PEQUEÃAS CANTIDADES Y ESPORÃDICAMENTE. LA USUARIA SOLICITA UNA MEDIDA DE PROTECCIÃN PARA QUE NO LA HOSTIGUE MÃS, Y ASESORÃA LEGAL CON LO RELATIVO A LA MANUTENCIÃN DE SU HIJO MENOR.",1,0,1,1,0,0,0
17348,"LA USUARIA MANIFIESTA QUE TUVO UNA RELACIÃN DE TIPO NOVIAZGO, EN AQUEL ENTONCES LA USUARIA SE EMBARAZA, DICE QUE EL ÃNICO APOYO QUE ÃL LE DIO FUE PARA RECIBIR ATENCIÃN MEDICA DURANTE EL PARTO, PERO NO RECONOCIÃ A LA MENOR QUE TUVIERON JUNTOS. SE SEPARARON Y AMBOS SE CASARON CON OTRAS PERSONAS. HACE 03 AÃOS VUELVEN A COINCIDIR Y VUELVEN A SALIR DE MANERA EVENTUAL. EN ABRIL DEL AÃO PASADO LA USUARIA SE EMBARAZA NUEVAMENTE, DICE QUE ÃL SE DESAPARECIÃ POR UNOS MESES, HASTA QUE EL MENOR YA IBA A NACER LE APOYÃ CON 4 MIL PESOS . DESDE ENTONCES SE HAN VISTO UN PAR DE VECES, EL MENOR AUN NO ESTÃ REGISTRADO. ES EL CASO QUE A LAS 17 HORAS, SE ENCONTRABAN LA USUARIA, ÃL Y EL BEBE EN CASA DE LA HERMANA DE ÃL (TEMPORALMENTE ESTÃ VIVIENDO AHÃ) DICE QUE LA DISCUSIÃN INICIÃ PORQUE LA USUARIA ESTÃ INCAPACITADA PERO SE FUE A TRABAJAR Y ESO A ÃL NO LE PARECE. LA ESTUVO INSULTANDO, LUEGO LE PEGÃ CON EL PUÃO EN LA CABEZA, LA TOMÃ DEL CABELLO Y LA ARRASTRÃ, TAMBIÃN LE LASTIMO LAS EXTREMIDADES SUPERIORES E INFERIORES. LA TUVO CON ÃL, HASTA QUE LLEGÃ LA HERMANA DE ÃL, DICE QUE NUEVAMENTE DISCUTEN, ÃL LE DA UN GOLPE Y LUEGO TOMA EL CELULAR DE ELLA Y SE VA. LA USUARIA DESEA UNA MEDIDA DE PROTECCIÃN.",1,1,0.666666666666667,0.666666666666667,0,0.333333333333333,0
17350,"USUARIA REFIERE QUE SU EX PAREJA FUE A LA CASA DE SUS PAPAS DONDE ELLA SE ENCUENTRA VIVIENDO, LE PIDE QUE HABLEN A LO QUE ELLA SE NIEGA, ENTONCES EL LE ARREBATA EL CELULAR , ELLA LE PIDE QUE SE LO REGRESE, SE VA DETRAS DE EL, DESPUES EL LE AVIENTA EL CELULAR LE GRITA ""TE VOY A QUEBRAR EL CELULAR Y TE VOY A MATAR"" Y SU HIJO SALE LO AGARRA DE LA ESPALDA LA SRA LE PIDE QUE SE SEPAREN Y JALA AL SEÃOR, ENTONCES EL LA JALONEA DEL PELO Y LE PEGA PUÃETAZOS EN LA CABEZA, SALE SU MAMA DE LA USURIA Y ENTONCES EL SE VA.
MENCIONA QUE SU EX SUEGRA LE HABLA PARA DECIRLE QUE EL SEÃOR SE HABIA BRINCADO LA BARDA DE SU CASA Y DECIA QUE LA QUEMARIA.",0,0.666666666666667,1,1,0,0,0
17358,"USUARIA REFIERE QUE SALIENDO DEL FESTEJO DEL CUMPLEAÃOS DE SU MAMA APROX A LAS 10 SU PAPA LE MARCO PORQUE SU HERMANA SE ENFERMO Y LE PIDE AYUDA PARA LLEVARLA AL SEGURO , SU PAREJA SE ENOJO PORQUE NO QUERIA QUE FUERA Y LA EMPEZO A AGREDIR FISICAMENTE USUARIA COMENTA EL AGRESOR LE SACO LAS LLAVES DE LA CAMIONESTA APAGANDOSELA Y SE TUVO QUE ORILLASÂ¡R COMO PUDO ESTABA ENFRENTE DE DOS CASAS CUNADO EL AGRESOR LA ATACO DANDOLE UNA MORDIDA Y DOS GOLPES EN LA CARA ABRIENDOLE POR DENTRO DEL LABIO POR LOS BRAQUETS , MISMOS VECINOS DEL LUGAR LE AYUDARON A DEFENDERSE INTENTO AGREDIRLOS PERO LO GOLPEARON Y SALIO CORRIENDO ANTES LE QUITARON EL CELULAR DE LA USUARIA, 
USUARIA DESEA PRESENTAR DENUNCIA Y ASESORIA EN EL AREA DE JURIDICO PARA PENSION ALIMENTICIA DIVORCIO Y GUARDA Y CUSTODIA",0,0.666666666666667,0.333333333333333,0.333333333333333,0,0,0
17368,"REFIERE USUARIA QUE A LA 13:30 HRS , DE LA TARDE ELLA SE ENCONTRABA EN SU DOMICILIO, CUANDO LLEGO SU EX PAREJA BRINCANDOSE POR EL PATIO Y COMENZO A INSULTAR A LA USUARIA , LE DIJO QUE PORQUE ANDABA ASI EN LA CASA, LA INSULTO LE DIJO QUE NO VALIA MADRE QUE ES UNA PUTA QUE ES UNA NEUROTICA, ELLA NO LO DEJO ENTRAR A LA CASA, ELLA MARCO A LA POLICIA, LLEGARON PERO NO LO DETUVIERON PORQUE EL YA NO ESTABA, LE DIERON FOLIO, ELLA DESEA PRESENTAR DENUNCIA ANTE MINISTERIO PUBLICO. Y ASESORIA SOBRE EXPEDIENTE DE DIVORCIO.",0,0,0.666666666666667,1,0,0,0
17370,"REFIERE USUARIA QUE EL DIA LUNES A LAS 12:00 PM , ELLA ESTABA EN EL DOMICILIO, DE SU MAMA, ENTRO UNA TIA PIDIENDOLE AYUDA PARA QUE LE HABLARAN A UNA UNIDAD. ELLA SALIO ATRAS DE SU MAMA, PORQUE LA MAMA DE LA USUARIA SALIO POR SU PRIMO, ELLA LE PIDIO AYUDA A UNA VECINA PARA QUE LE MARCARA A LA POLICIA, LE PRESTARON UN CELULAR LE MARCO A UNA AMBULANCIA PORQUE SE PUSO MALA SU TIA, EN ESO ENTRO SU PRIMO Y LE DICE A LA USUARIA , AQUI ESTA UNA A LA QUE VOY A MATAR, Y EL TRAIA UNA DAGA EN LA MANO, Y EN ESO EL SALIO CORRIENDO ATRAS DE ELLA Y EN ESO LLEGO LA UNIDAD Y SE LO LLEVARON DETENIDO, ELLA DESEA PRESENTAR DENUNCIA ANTE MINISTERIO PUBLICO.",0,1,0,0.666666666666667,0,0,0
17381,"REFIERE USUARIA QUE HACE UN AÃO EL PAPA D SU HIJO LO BUSCO PARA PODER CONVIVIER CON EL Y COMO LE HABIAN ESTADO HACIENDO ERA QUE EL LO VEIA OR LOS SABADOS APROXIMADAMENTE 8 HORAS, HACE COMO 3 MESES ELLA ACCEDIO A QUE EL LO RECONOCIERACOMO SU HIJO Y LE DIERA LOS APELLIDOS PERO LA LLEVO CON UNA LICENCIADA PARA CONVENIR UN ACUERDO QUE FUERA LO MEJOR PARA LOS DOS Y EL QUERIA QUE LE DIERAN TODO LOS FINES DE SEMANA CON EL Y LAS VACIONES 50 Y 50 PERO ELLA NO ACEDIO YA QUE APENAS ESTABA VOLVIENDO A LA VIDA DEL NIÃO Y CUANDO ERA UN BEBE SE LO QUERIA LLEVAR LA AMENAZABA CONSTANTEMENTE Y LA LLEGO A GOLPEAR PARA QUITARSELO SOLO QUE LOGRARON ALCANZARLO CON LA POLICIA, REFIERE USUARIA QUE EL SABADO APROXIMADAMENTE A LAS 15:30H ESTABAN HABLANDO POR MENSAJE SOBRE EL INTERNET PORQUE HABIAN ACORDADO QUE ENTRE LOS DOS LO PAGARIAN PARA QUE EL NIÃO TUVIERA YA QUE EN LA ESCUELA LE DICEN QUEVEAN CIERTOS VIDEOS O POR QUE EL MISMO QUIERE HACERLE VIDEOLLAMADA, ENTONCES LA USUARIA LE PREGUNTO QUE CUANDO LE IBA A DAR NUEVAMENTE PUES YA VAN 3 MESES QUE NO LE DA, Y EL LE DIJO QUE NO ERA SU OBLIGACION DARLE PARA ESO, ELLA LE DIJO QUE LO SABIA PERO QUE ASI LO HABIAN ACORDADO ELLOS PUES ERA PARA SU HIJO, AHI EMPEZO OTRA DISCUCION DE QUE EL SE QUEDARA LOS FINES DE SEMANA COMPLETOS CON EL Y ELLA LE DIJO QUE NO Y EL LE DIJO QUE ERA SU DERECHO, ELLA LE DIJO QUE TAMBIEN TENIA DERECHOS QUE YA LO ESTA VIENDO CON SU ABOGADA Y QUE TODO LO VAN HACER EN JUICIOS, ELLA DECIDIO YA NO CONTESTAR MAS, PERO TIENE MIEDO DE UE LLEGUE A LOGRAR SU COMETIDO POR QUE ELLA NO CONFIA 100 PORCIENTO EL EL PUES VIVIO 2 AOS CON EL DONDE VIVIO VIOLENCIA FAMILIAR, EL SE DROGABA, LA GOLPEABA, LA OBLIGO A TNER RELACIONES SEXUALES, Y LO QUE LA DECIDIO A SEPARARSE FUE QUE EL MANDO UN VIDEO INTIMO DE LOS DOS A PERSONAS TANTO CONOCIDAS COMO DESCONOCIDAS.",1,1,0,0.666666666666667,1,0,0
17384,"REFIERE USUARIA QUE EL DIA DE AYER PROXIMADAMENTE A LAS12:00H ESTABAN EN SU CASA CUNDO EMPEZARON UNA DISCUCION POR UNA PLATICA QUE HABIAN TENIDO ANTERIORMENTE QUE EL LO HABIA ISULTADO Y DEMAS, ELLA TRATA DE EVADIR LA PELEA PERO EL SEGUIA GRITANDO, ENTONCES LE DICE SI SIGUES ASI O SE VA SOLA A LAS COMPRAS O EL SE VA SOLO, EL SE MOLESTO Y E PUSO FRENTE A ELLA SIN NINGUN ESPACIO ENTRE ELLO Y DICIENDOLE QUE EL PORQUE TENIA QUE ESTAR AGUANTANDOLA A ELLA Y ELLA LE DIJO QUE SE HICIERA PARA ALLA Y LO ALEJO Y EL LE DIJO QUE SI ELLA LO EMPUJABA EL TAMBIEN PODIA Y LA EMPUJO DEMACIADO FUERTE ELLA SE MOLESTO Y LE DIO UNA CACHETADA Y EL LE EMPEZO A DAR GOLPES EN EL BRAZO QUERIENDOLE DAR EN LA CARA PERO COMO ELLA SE TAPABA SEGUIA DANDOLE GOLPES HASTA QUE LE DIO EN LA CARA ELLA SE MAREO Y YA NO SIGUIO DEFENDIENDOSE PERO LA TOMO DEL CABELLO Y LA JALO HASTA LA COSINA Y AHI SIGUIERON LA PELEA Y LE DIJO QUE TOMARA SUS COSAS Y SE LARGARA PORQUE YA NO IBA A SEGUIR SOPORTANDOLA Y LA CORRIO DE LA CASA PERO ELLA NO SE FUE Y EL LE DEJO DE HABAR, REFIERE USUARIA QUE ES LA SEGUNDA VEZ QUE LE PEGA PERO PRACTICAMETE DIARO ES MUY IRIENTE Y LA INSULTA, Y CUANDO ERAN JOVENES LOS DOS USABAN DROGAS Y ALCOHOL PERO ELLA LO DEJO Y EL NO, Y CADA VEZ EL CAMBIABA MAS DESCONOCE SI LO SIGUE HACIENDO PERO SI SABE QUE TIENE ACCESO A LA DROGA DEMACIADO FACIL",0,1,0.666666666666667,1,0,0,0
17406,"USUARIA REFIERE QUE EL DIA DE HOY SALIENDO DE SU TRABAJO SU EX PAREJA LA FUE A BUSCAR A SU TRABAJO, ENTONCES LA JALONEA Y LA SUBE A SU CARRO Y LA AMENAZA CON UNA GERINJA Y LE DICE "" ESTA LLENA D EVENENO SI NO TE VAS CON MIGO TE VOY A MATAR"" ENTONCES ELLA EMPIEZA A FORSEJEAR Y EMPIEZA A PITAR PARA LLAMAR LA ATENCION DE LA GENTE, EL LA SUELTA Y ELLA SE BAJA DEL AUTO.",0,1,0,1,0,0,0
17415,"REFIERE USUARIA QUE EL DIA DE AYER SABADO A LAS 15:30 HRS DE LA TARDE, ELLA SE ENCONTRABA EN EL DOMICILIO CUANDO, ESTABA TERMINANDO DE COMER Y EL SALIO A COMPRAR CERVEZAS , EL REGRESO ,Y LE EMPEZO A GRITAR QUE SE HACIA PENDEJA SENTADA EN EL COMEDOR NADAMAS PARA VER AL VECINO SI PASABA Y QUE ANDABA DE PUTA CON EL, SU HIJO LE DIJO QUE SE CALMARA Y EL EMPEZO AGREDIRLO TAMBIEN A EL , QUE ERA UN PENDEJO UN POCO HOMBRE QUE PARA QUECHINGADOS SE METIA, Y EL LE DICE QUE TODAS LAS VIEJAS SON IGUAL DE MIERDAS, Y QUE CON SU SUELDO LE PAGABA EL HOTEL AL VECINO, EL LE DIO UNA CACHETADA, Y SU HIJA MARCO A LA POLICIA, LLEGARON Y LO DETUVIERON , ELLA DESEA PRESENTAR DENUNCIA ANTE MINISTERIO PUBLICO.",0,0.666666666666667,0,0.666666666666667,0,0,0
17424,"REFIERE USUARIA QUE A LAS 11:00 AM, ELLA SE ENCONTRABA EN LA CASA, CUANDO SU EX PAREJA YA ESTABA DENTRO DE LA CASA, Y ELLA LE DIJO QUE SE FUERA, Y LE DIJO QUE PORQUE SE METIA, EL LA INSULTO, LE DIJO HIJA DE TU REPUTA MADRE ME LA VAS A PAGAR ESTO NO SE VA A QUEDAR ASI , SI NO ESTAS CONMIGO NO VAS A ESTAR CON NADIE, ELLA LO EMPUJABA PARA SACARLO Y LA ACOSTO EN EL SILLON Y LE PUSO UNA GARRA EN EL CUELLO Y LE DIJO NO ME OBLIGUES HACER ESTO YO NO QUIERO HACER ESO, NO ME OBLIGUES HACERLO, Y ELLA QUIERE SALIR A PEDIR AYUDA Y EL LE CERRO LA PUERTA , ELLA ESTABA LLORANDO , ELLA SE CALMO Y EL ANDUBO EN LA CASA HACIENDO LO QUE EL QUIERA, EL CELULAR SE LO QUITO, Y ELLA NO PUDO HABLAR A LA POLICIA, Y DESPUES SE FUE, ELLA DESEA PRESENTAR DENUNCIA ANTE MINISTERIO PUBLICO.",0,0.666666666666667,0.666666666666667,1,0,0,0
17426,"USUARIA REFIERE QUE SU EX PAREJA NO DEJA QUE VEA A SU HIJO, YA QUE TIENEN CUSTODIA COMPARTIDA.
MENCIONA QUE HACE UN MES LA ENCERRO SU CASA Y NO LA DEJABA SALIR Y LE HABIA QUITADO SU CELULAR, DESPUES DE JALONEARLA LE PEGA UNA CACHETADA, PERO DESPUES LA DEJO IRSE.",0,1,0.666666666666667,0,0,1,0
17427,"REFIERE USUARIA QUE EL DIA DE AYER A LA 01.00 AM, ELLA SE ENCONTRABA LLEGANDO A SU CASA, CUANDO SU HERMANO ESTABA HACIENDO DE CENAR PERO EL ESTABA TOMADO, EL LE EMPEZO A DECIR, QUE Y ELLA LE DIJO PUES QUE DE QUE, Y SU SOBRINA Y ELLA SE METIO AL CUARTO Y SU ESPOSO SALIO A ECHARLE AGUA AL PATIO, SU HERMANO SE METE HASTA EL CUARTO Y EL COMIENZA A INSULTARLA LE DIJO QUE PINCHE CULERA VETE MUCHO A LA VERGA , PINCHE CASA DE LOCOS, EL LA QUISO GOLPEAR Y SU SOBRINA SE METIO ENMEDIO, Y EL SE LE FUE ENCIMA A SU SOBRINA , EN ESO ENTRA SU ESPOSO Y LE DIJO QUE SE CALMARA , Y TAMBIEN SE LE FUE A LOS GOLPES A SU ESPOSO, NO MARCARON A LA POLICIA, ELLA DESEA PRESENTAR DENUNCIA ANTE MINISTERIO PUBLICO.",0,1,0,1,0,0,0
17429,"USUARIA REFIERE QUE EL DIA DE AYER SU EX PAREJA LE EMPEZO A MANDAR MENSAJES DICIENDOLE QUE YA LA QUERIA EN LA CASA LE LE DICE "" YA ME MANDARON VIDEOS DONDE ESTAS CON VATOS"", ENTONCES CUANDO LLEGA A SU CASA LO VA A BUSCAR PARA AVISARLE QUE YA LLEGO Y EVITAR PROBLEMAS, ENTONCES EL SE PUSO AGRESIVO Y LE SALE CON MUCHACHETE Y LA CORRETA POR TODA LA CALLE, ENTONCES ELLA SE ESCONDE DETRAS DE UN CAMION, DESPUES SALEN UNOS AMIGOS Y CALMAN AL SEÃOR, Y ELLA SE VA A LA CASA DE SU HERMANA.
MENCIONA QUE EL LLEGA A LA CASA DE SU HERMANA Y LE PEGA UN GOLPE EN LA CARA.",0,1,0,1,0,0,0
17437,"REFIERE USUARIA QUE EL DIA DOMINGO A LAS 12:30 HRS DE LA TARDE, ELLA SE ENCONTRABA EN LA CASA DEL AGRESOR, CUANDO ESTABAN DISCUTIENDO PORQUE YA SE QUERIA IR A SU CASA, EL CERRO LA PUERTA CON LLAVE Y LE DIJO QUE AVER COMO LE HACIA PORQUE ELLA NO SE IBA A IR DE AHI, COMENZARON A DISCUTIR, ELLA LE QUISO MARCAR A SU MAMA Y EL AGARRO SU TELEFONO Y LO AVENTO Y LO QUEBRO, EL LA AGARRO DEL CUELLO Y LA ASOTO CONTRA EL SILLON ELLA SEGUIA GRITANDO Y EN ESO SE DESMALLO Y CUANDO DESPERTO EL LA TENIA CON ALCOHOL. Y ELLA APROVECHO EN UN CHANSE QUE EL SE SALIO Y HABLO A SU MAMA, Y FUE EN LA TARDEPOR ELLA, ELLA DESEA PRESENTAR DENUNCIA ANTE MINISTERIO PUBLICO.",0,1,1,1,0,0,0
17438,"US REFIERE QUE EL DIA DE HOY APROX 7:00 AM SU PAREJA LLEGO A SU DOMICILIO, GRTANDOLE QUE SALIERA, ELLA SALE DEL DOMICILIO, EL LE PIDE QUE SE FUERAN REFIERE QUE LE DIJO VENTE SI NO QUIERES QUE TE MATE, ELLA LE REFIERE QUE NO, LA INSULTA VETE MUCHO A LA VERGA, REFIERE QUE LA TOMA DEL BRAZO JALANDOLA PARA INTENTARSELA LLEVAR A LA FUERZA, MOMENTO EN QUE LLEGA SU TIA MATERNA, LA TIA LE PIDE QUE SE VAYA, EL PR LE QUITA LA CARTERA A LA US , LE QUITO LA CREDENCIAL Y SE LA LLEVA, Y LE ENTREGA LA CARTERA A SU TIA, EL SE SALE CORRIENDO. HABLAN Y LO DETIENEN",0,0.666666666666667,0.666666666666667,1,0,0,0
17474,"USUARIA COMETA QUE EL DIA DE HOY SE DESPERTO Y EMPEZO A REVISAR EL CELULAR DE SU PAREJA DONDE ENCONTRO FOTOS DE SU HIJA DORMIDA Y DE LAS PARTES INTIMAS, LA USUARIA TOMO LAS FOTOS Y SE FUE AL DOMICILIO CON SU MAMA, EL AGRESOR LLEGO A EL DOMICILIO Y EMPEZO A AGREDIRLOS FISICAMENTE, EMPUJANDO A SU MAMA Y A SU HERMANO MENOR DE EDAD Y A ELLA LE TOCIA EL BRAZO PARA QUE LE ENTREGARA LA MEMORIA DONDE ETSABAN LAS FOTOS, LLAMARON A LA POLIA Y LO DETUVO.",0,1,0,0.333333333333333,1,0,0
17483,"USUARIA MENCIONA QUE SU HIJA MAYOR LE COMENTO QUE SU TÃO HERMANO DE SU MAMA LE HIZO TOCAMIENTOS, LE MENCIONO QUE LE LEVANTO SU BLUSA Y SU BRASSIER Y LE COMENZÃ HACER TOCAMIENTOS EN LAS PIERNAS.",0,0,0,0.333333333333333,1,0.333333333333333,0
17484,"USUARIA MANIFIESTA QUE EL ESTA REALIZANDO SU SERVIVIO SOCIAL Y EL ENCARGADO DE AREA ERA SU SUPERIOR USUARIA REFIERE QUE DESDE EL MES DE FEBRERO EMPESO A ACOSARLA Y A HACERLE PREGUNTAS PERSONALES DE QUE SI TENIA NOVIO O LE GUSTABAN LAS MUJERES Y DE SUS RELACIONES SEXUALES, LA PASABA A SU OFICINA DICIENDOLE QUE HARIAN ALGO DEL TRABAJO Y CUANDO SE QUEABAN SOLOS EMPEZO A QUERERLA TOCAR, USUARIA REFIERE QUE PARA ABRIL EL ERA MAS AGRESIVO CON ELLA LA HUMILLABA EN PUBLICO Y LE DECIA QUE NO SABIA HACER NADA Y LE DECIA QUE ERA UNA PENDEJA PERO CUANDO SE QUEDABANSOLOS LA TOCABA EN SUS PARTES INTIMAS Y ADEMAS LE DECIA QUE SE DEJARA QUE LE IBA A GUSTAR, USUARIA REFIERE QUE LA QUISO METER EN UN BAÃO A LA FUERZA Y CUANDO VIO QUE SE LE ROMPIO EL UNIFORME EN EL JALONEO SALIO CORRIENDO, USUARIA REFIERE QUE UN COMPAÃERO SE DIO CUENTA QUE ELLA LE TENIA MIEDO Y LE DIJO QUE ANTERIORMENTE CON OTRAS PRACTICANTES YA LO HABIA HECHO ACUDIERON A LA JEFATURA DE AREA QUIEN LOS AYUDO A PONER UNA QUEJA INTERNA CONTRA EL AGRESOR DE LA CUAL SE ESTAN REALIZANDO LAS INVESTIGACIONES CON DEMAS PERSONAL PERO A LA USUARIA AUN NO LE DAN RESPUESTA DE ESTE TEMA.",0,0,0,0.666666666666667,1,0,0
17485,"LA USUARIA REFIETRE QUE APROX A LAS 10:40 EN SU DOMICILIO FAMILIAR SU ESPOSO LLEGO TOMADO Y EMPEZO AGREDIRLA FISICAMENTE LA JALONEO Y LA EMPEZO A METER PATADAS EN LA ESPALDA Y EN LAS PIERNAS Y ELLA REFIERE QUE EL LE DIJO YA ESTAS VIEJA "" NO VALES NADA "" QUIEN TE VA A QUERER ASI "" LE DIJO"" SI YO QUIERO TE MATO Y T ENTIERRO EN EL PATIO "" DESPUES LA SIBIO A LA CAMIONETA PORQUE ELLA LLE DIJO QUE LA LLEVARA A CON SU MAMA PERO EL SIGUIO FORCEJEANDO CON ELLA Y ELLA S EBAJO DE LA CAMIOTEA PERO EL LA JALO DEL CABELLO Y ELLA COMO PUDO SE BAJO Y CORRIO Y PIDIO AYUDA DESEA LEVNATAR DENUNCIA POR VIOLENCIA Y MEDIDA DE PROTECCION",0,1,0,1,0,0,0
17488,"LA USUARIA MANIFIESTA ESTAR CASADA HACE 10 AÃOS ES EL CASO QUE LLEGO UN POCO MAS TARDE DE LO NORMAL A CASA YA QUE LLEVO UNOS MEDICAMENTOS A SUS PAPAS Y LE RECLAMO A LA USUARIA QUE ESTABA CON ALGUIEN MAS Y ELLA LE RECLAMO QUE NO HUBIERA IDO A TRABAJAR Y EL LE RESPONDIO "" A TI QUE TE VALGA"" Y LA USUARIA AL VER SU REACCION LE DIJO A SUS HUJAS QUE SE ARREGLARAN PARA IRSE CON SUS PAPAS PORQUE TEMIS POR SU SEGURIDAD ENTONCES SU ESPOS SE LEVANTO Y LA COMENZO A GOLPEAR Y LA AZOTO CONTRA LA PARED LA USUARIA LE DIJO A SU HIJA QUE FUERA A AVISARLE A UNA AMIGA Y ELLA LLEGO Y LA SACO JUNTO CON SUS NIÃAS LA USUARIA DESEA DENINCIAR Y MEDIDA DE PROTECCION, DESEA ASESORIA SOBRE EL PROCEDIMIENTO DE DIVORCIO YA QUE NO SABE SI DIVORCIARSE O NO, DESEA ATENCION PSICOLOGICA PARA SUS MENORES HIJAS",0,1,0,1,0,0.333333333333333,0
17495,"USUARIA REFIERE QUE EL DIA AYER SU NIETO FUE A SU CASA, SE ESTACIONO AFUERA Y DESDE ARRIBA DEL CAMION LES EMPEZO A GRITAR ""NO VALES VERGA, NO SE METAN CON MIGO PORQUE YO TENGO GENTE Y TE VOY A MATAR Y A TODOS"", ENTONCES ELLA LE DICE QUE SE BAJE DEL CAMION Y FUERA PARA OIRLO, PERO EL NO SE BAJA DEL CAMION Y DESPUES SE VA A SU CASA Y DESDE AHI LES GRITA "" ME LA PELAN"".
MENCIONA QUE CUANDO LLEGO LA PATRULLA YA SE HABIA RETIRADO DEL DOMICILIO.",0,0,0,1,0,0,0
17507,"LA USUARIA MANIFIESTA QUE A LAS 23:00 HORAS, LA USUARIA SE ENCONTRABA DENTRO DE SU DOMICILIO. ELLA INGRESÃ AL BAÃO, REALIZÃ SUS NECESIDADES FISIOLÃGICAS Y LUEGO SE METIÃ A BAÃAR. DICE QUE EN UN PUNTO SE SINTIÃ OBSERVADA, SE ASOMÃ A LA VENTANA Y VIO UNA MANO SUJETANDO UN CELULAR METIDO X LA VENTANA. LA USUARIA SE ASUSTÃ YA QUE LE DIO MIED OQUE ALGUIEN SE HAYA METIDO A SU CASA; LE MANDÃ MENSAJE A SU HERMANA DICIENDOLE LO QUE PASABA; SE TERMINÃ DE DUCHAR Y SE FUE A SU CUARTO PENSANDO SOBRE LO QUE ESTABA PASANDO, DICE QUE EMOCIONALMENTE SE PUSO MUY MAL, Y ENTRÃ SU MADRE A CONSOLARLA Y CORRIÃ AL NOVIO DE SU PRIMA QUIEN ESTABA EN LA CASA. LA USUARIA SE ENTERÃ QUE CUANDO ELLA MANDÃ EL MENSAJE, SU HERMANA SALIÃ A VER Y VIO AL NOVIO DE SU PRIMA CON EL CELULAR EN LA VENTANA. LO INTERCEPTÃ Y LO CUESTIONÃ POR SU ACTUAR. ÃL LE PIDIÃ PERDÃN, MOSTRÃ QUE ERAN 5 VIDEOS PERO LE DIJO QUE LO IBA A BORRAR. LA USUARIA DESEA DENUNCIAR EL HECHO",0,0,0,0.666666666666667,1,0,0
17518,"USUARIA MADRE DE LA MENOR REFIERE QUE SU HIJA SALIO A DEJAR UN INVITACIÃN, PERO CON ENGAÃOS HACIA SU MADRE, SE PONE DE ACUERDO CON UN CONOCIDO VÃA FACEBOOK Y DICHA PERSONA LA INCITO A QUE SE VIERAN A LO QUE ELLA ACCEDIÃ Y SE FUE CON EL, MANTUVIERON RELACIONES SEXUALES Y REGRESA ESE DÃA A LA MEDIA NOCHE.",0,0,0,0.333333333333333,0.666666666666667,0,0.333333333333333
17539,"LA USUARIA MANIFIESTA QUE TUVO UNA RELACIÃN DE UNIÃN LIBRE POR 17 AÃOS, CON QUIEN PROCREÃ 4 HIJOS. DICE QUE DESDE QUE INICIÃ LA RELACIÃN ÃL CONSUMÃA MARIHUANA, PERO LUEGO EMPEZÃ A CONSUMIR CRISTAL. LA USUARIA CON MUCHO ESFUERZO LO INTERNÃ EN UN CENTRO DE REHABILITACIÃN, ÃL SALIÃ Y CONTINUARON LA RELACIÃN, PERO DESPUÃS DE UN TIEMPO EMPEZÃ A NOTAR QUE EL OTRA VEZ ACTUABA COMO CUANDO CONSUMÃA CRISTAL, POR TANTO HACE UN OPTÃ POR SEPARARSE DE ÃL. DESDE ENTONCES LOS 3 DE 4 HIJOS, POR ACUERDO DE AMBOS HABÃAN ACORDADO QUE POR PERIODO VACACIONAL SE QUEDARÃAN CON SU PAPÃ PARA PODER JUGAR FUTBOL EN UN EQUIPO. ES EL CASO QUE A LAS 23 HORAS, LA USUARIA ESTABA ACOSTADA, Y DEREPENTE VE A SU EX PAREJA DENTRO DE SU HABITACIÃN , ÃL LE DIJO QUE PRETENDÃA TENER RELACIONES SEXUALES, LA USUARIA SE NEGÃ Y LE DIJO ""ES QUE ERES BIEN PUTA, NADA MÃS POR ESO VAS A TRABAJAR"", LA USUARIA LE PIDE QUE SE VAYA Y ÃL LE DA UN PUÃETAZO. LA USUARIA DESEA DENUNCIAR Y ASESORÃA LEGAL, YA QUE ÃL LE ESTÃ DICIENDO QUE ES MEJOR QUE SUS HIJOS SE QUEDEN CON ÃL.",0,1,0,1,1,0.333333333333333,0
17541,"LA USUARIA MANIFIESTA QUE EL DIA DE AYER A LAS 4 DE LA TARDE Y SU ESPOSO LLEGÃ A SU DOMICILIO Y CON OLOR A ALCOHOL, LA USUARIA LE PREGUNTO QUE ""Â¿PORQUÃ OLIA ASI?"" Y EL LE RESPONDE QUE ""PORQUE LE PREGUNTA SIEMPRE ESO"", ELLA LE REFIERE QUE PORQUE NO SE VA DEL DOMICILIO SI EL YA NO SE SIENTE AGUSTO, EL SE ENOJO Y LA TOMO DEL CUELLO Y LA TUMBÃ A LA CAMA Y EL CAE ENCIMA DE ELLA, LA LEVANTA Y LA VUELVE A EMPUJAR Y EL ESPOSO LE DICE QUE ""SI SE LEVANTA LE VA METER UNOS PUTAZOS"", TAMBIEN REFIERE LA USUARIA QUE LA AMENAZA DICIENDOLE QUE EL ES CAPAZ DE QUITARLE LA VIDA A ELLA Y DESPUES DE SUICIDARSE. LA USUARIA DESEA DENUNCIAR POR LA VIOLENCIA FISICA (LA AHORCÃ) Y PSICOLOGICA",0,1,0,1,0,0.333333333333333,0
17550,"LA USUARIA REFIERE QUE SU EX PAREJA Y PADRE DE SU HIJO LA AGREDIO POR MEDIO DE MENSAJE DE TEXTO, EL LE PUSO PINCHE MAL AGRADECIDA DE MIERDA"" YA NO TE VOY AYUDAR A PAGAR NADA DEL NIÃO "" TE VOY A QUITAR AL NIÃO "" ERES UNA PENDEJA "" SI NO HACES LO QUE YO TE DIGO ME VAS A CONOCER "" LA USUARIA DESEA LEVANTAR DENUNCIA Y MEDIDA DE PROTECCION ,YA QUE REFIERE LA USUARA QUE EL TIEN ARMA DE FUEGO , LA USUARIA YA LLEVA POR FUERA PROCESO DE DEMANDA DE PENSION Y CUSTODIA DEL MENOR",0.333333333333333,0,0,1,0,0.333333333333333,0
17567,"US REFIERE QUE EL DIA DE HOY APROXIMADAMENTE A LAS 9:40 AM COMIENZA A DISCUTIR CON SU PAREJA ELLA LE REFIRIO QUE POR LA NOCHE EL ANDABA MUY TOMADO Y QUE ELLA TENIA MUCHO MIEDO, EL LE REFIRIO Y QUE VERGAS ESTAS HACIENDO AQUI , QUIERES QUE TE DE PARA EL CAMION YA VETE. REFIERE QUE ELLA SE SALE DEL DOMICILIO DIRIGIENDOSE A CASA DE SU SUEGRA PIDIENDO APOYO PERO ELLA NO LA QUISO APOYAR, DICIENDOLE QUE ELLA TOMARA SU DECISION QUE SI SE QUERIA IR QUE SE FUERA YA POR LOM CUAL ,ELLA TOMA A SU HIJO Y SE REGRERSA A SU DOMICILIO, TOMA ALGUNAS COSAS DE ELLA Y DE SU HIJO Y SE VIENE PARA LAS INTALACIONES.",0.333333333333333,0,0.333333333333333,1,0,0,0
17570,"REFIERE USUARIA QUE EL DIA JUEVES A LAS 06:00 AM , ELLA SE ENCONTRABA CON UNA TIA, CUANDO SU PAREJA EMPEZO A PISARLE ELPIE, Y ELLA LE DIJO QE QUE TRAIA Y EL LE DIJO QUE NADA, EL COMENZO A INSULTARLA, LE DIJO QUE ELLA ERA UNA PUTA , Y ELLA LE DIJO QUE SE FUERA PARA SU CASA, Y EL LE PIDIO LA TABLET, Y EL SE LA LLEVO Y TAMBIEN EL CELULAR DE LA USUARIA, EN ESO EL LA AVENTO AL PISO, Y LA ESTRANGULO, ELLA FUE A LA CASA DEL AGRESOR , PORQUE EL LE QUITO SU CELULAR Y SUS LENTES, Y EN ESO ELLA ENTRO A SU CASA, Y EL LA VOLVO AGARRAR DEL CUELLO Y LA AVENTO AL PISO, Y ESTABA LA HERMANA DEL AGRESOR, Y ELLA TAMBIEN LA AGARRO DEL CABELLO Y LA RASGUÃO , EL LA EMPEZO A PATEAR Y ELLA SE SALIO DE LA CASA, Y SE REGRESO A LA CASA DE SU TIA , ELLA LE MARCO A LA POLICIA . PERO NO LO DETUVIERON , ELLA DESEA PRESENTAR DENUNCIA ANTE MINISTERIO PUBLICO.",0,1,1,1,0,0,0
17586,"REFIERE USUARIA QUE EL DIA SABADO A LAS 12:00 HRS DE LA NOCHE, ELLA SE ENCONTRABA EN EL DOMICILIO DE SU EX PAREJA, CUANDO EL LE QUERIA CHECAR EL CELULAR Y COMENZARON A FORCEJEAR, Y EL LE DIO UNA CACHETADA EL LA INSULTO LE DIJO QUE SE FUERA A LA CHINGADA Y LE MENTO LA MADRE, Y LA EMPUJO, ELLA SE FUE DE LA CASA NO MARCO A LA POLICIA, ELLA DESEA PRESENTAR DENUNCIA ANTE MINISTERIO PUBLICO.",0,1,0,1,0,0,0
17588,"USUARIA REFIERE QUE SU EX PAREJA FUE A BUSCARLA EN LA MADRUGADA SUPUESTA MENTE A DEJARLE LO DE LA PENSIÃN EN ESO LE LLEGO UN MENSAJE A SU CELULAR Y EL SE PUSO MUY FURIOSO Y EMPEZÃ A AGREDIRLA VERBALMENTE Y FRESCAMENTE , DESPUÃS LE DIO VARIAS CACHETADAS Y DESPUÃS GOLPES CON EL PUÃO CERRADO Y LA TOMO POR EL CUELLO , Y LE DECÃA QUE SI ELLA YA SABIA QUE LA IBA A MATAR . USUARIA ACUDE A MINISTERIO PUBLICO.",0.333333333333333,1,0,1,0,0,0
17590,"MI PAREJA Y YO NOS ENCONTRABAMOS EN CASA DE MI CUÃADO, APROXIMADAMENTE A LAS 10:00 PM RECIBI UNA LLAMADA DE MI PAPA, AL COLGAR EMPEZO A PREGUNTARME QUIEN ME HABIA LLAMADO, ESTABA ENOJADO. 
REGRESE A MI DOMICILIO CUANDO REGRESO, APROXIMADAMENTE A LAS 11:00 PM, LE DIJE QUE ME QUERIA IR A CASA DE MIS PAPAS, SIGUIO RECLAMANDO POR LA LLAMADA.
UNO DE SUS HERMANO ME PIDIO QUE LE MARCARA SI SE PONIA MAL, CUANDO INTENTE HACER ME QUITO EL CELULAR Y LO ESTRELLO EN EL SUELO, INTENTABA SALIR DEL CUARTO PERO SE PONIA EN LA PUERTA Y ME DECIA QUE NO IBA A IR A NINGUN LADO, ME EMPUJA HACIA ATRAS, EMPEZAMOS A LLORAR, ME PEDIA PERDON, DE REPENTE SE CALMO.",0,1,0.666666666666667,1,0,0,0
17592,"LA USUARIA MANIFIESTA QUE EL DÃA DE HOY A LAS 7:30AM, SU ESPOSO SE DESPERTÃ ENOJADO; LA ESTUVO INSULTANDO DICIENDOLE QUE NO SERVÃA PARA NADA, QUE DEBERÃA MANDARLE LONCHE. LA MENOR DE LOS 3 HIJOS DE LA USUARIA SE DESPERTÃ Y QUISO DEFENDER A SU MAMÃ; ÃL LAS INSULTÃ A AMBAS, Y LE DIO UN GOLPE EN EL LATERAL DEL CUELLO, Y LE ESTRUJABA EL BRAZO. LA HIJA DE LA USUARIA NEUVAMENTE QUISO INTERVENIR Y ÃL LA AVENTÃ HACIA LA CAMA. AL LUGAR LLEGÃ LA POLICÃA, AL PARECER PORQUE UNA VECINA LA SOLICITÃ, Y ÃL FUE DETENIDO Y PUESTO A DISPOSICIÃN DEL MP EN TURNO. LA USUARIA DESEA DENUNCIAR Y DIVORCIARSE.",0,1,0,1,0,0.666666666666667,0
19095,"USUARIA REFIERE QUE TUVO UNA DISCUSIÓN CON SU ESPOSO, ENTONCES EL AGARRA UN CINTURÓN Y LE LE EMPIEZA A PEGAR PERO ELLA AGARRA UNA COBIJA PARA PROTEGERSE PERO LE ALCANZA A PEGAR EN LA CARA.
COMENTA QUE AGARRA SUS HIJOS Y SUS PAPELES, LE HABLA A LA POLICÍA Y CUANDO LE LLEGA LE DICE QUE QUE DESPUÉS REGRESA POR SUS COSAS PERO QUE NO SE LAS VAYA A QUEMAR YA QUE LA HABÍA AMENAZADO CON HACERLO.",0,1,0.333333333333333,0.666666666666667,0,0,0
19101,"A LAS 11:00 PM EN LA CALLE, AMENAZO CON QUITARME A NUESTRO HIJO, SE LO LLEVARON DETENIDO",0,0,0,0.666666666666667,0,0.333333333333333,0
19104,"REFIERE USUARIA QUE A LAS 10:54 AM, ELLA SE ENCONTRABA EN SU DOMICILIO CUANDO SU EX PAREJA COMENZO A MANDARLE MENSAJES, EL LE DICE QUE SE DEJE DE MAMADAS, PARA QUE VEA LO QUE PASA, LE DICE QUE ESTA CON OTRO QUE LE CONTESTE CON QUIEN VERGAS HABLAS, REGRESATE A LA PUTA CASA, NO QUIERO MAMADAS, TE PASAS DE VERGA REGRESATE A LA PINCHE CASA,, CONTESTA A LA VERGA TE ESTOY MARCANDO DOÑA VERGA, PUÑETAS CONTESTA, ELLA DESEA PRESENTAR DENUNCIA ANTE MINISTERIO PUBLICO.",0,0,0,1,0,0,0
19107,"SOLICITO APOYO PARA DAR SEGUIMIENTO A UN PROCESO DE ALIMENTOS, DEBIDO A QUE NO CUENTO CON LOS MEDIOS PARA SEGUIR PAGANDO UN ABOGADO, MI EXPAREJA EN OCASIONES ME DEPOSITA EL PORCETAJE CORRECTO Y EN OTRAS OCASIONES NO. 
NOS SEPARAMOS EN OCTUBRE, UNA SEMANA ANTES ME AVENTO Y ME DIJO ""OJALA QUE TE MUERAS, YA QUIERO QUE TE MUERAS"".
UN MES ANTES ESTRANGULACION.",1,1,0,1,0,0,0
19108,"LA USUARIA REFIERE QUE SU NOVI A LAS 1 AM , QUE VENIAN DE UNA REUNION Y EL VENIA MUY TOMADO Y EMPEZO A DISCUTIR POR UNA EX DE EL Y COMENZO A GRITARLE "" ERES UNA PINCHE PUTA "" ZORRA""  BARATA "" UNA MIERDA DE PERSONA "" VAS A VALAER VERGA "" NO SABES EN LO QUE TE METISTE ""  ""  ESTANDO EN CASA DE EL ,  LE PONE LAS MANOS EN LA GARGANTA Y EL LA SACA DE LA CASA , ELLA LE DICE QUE LE DEJARA SACAR UN MANDADO Y SU BOLSA, ELLA ENTRA Y EL LA AGARRA Y LE DA 4 CACHETADAS , Y DOS CABEZASOS , FORCEJEA CON ELLA LASTIMANDOLE MAS MANOS, LAS UÑAS, REFIERE QUE LE ARRANCO 3 UÑAS DURANTE EL FORCEJEO, ELLA MARCA A LA PATRULLA AL 911,  Y EL COMIENZA A GRABARLA, LE DICE QUE ESTA LOCA Y SE VA Y DESPUES  REGERSA EL CON LA PATRULLA Y REFIRE LE EMPEZARON HACER PREGUNTAS A ELLA Y EL SE FUE. ELLA DESEA LEVANTAR DENUNCIA Y MEDIDA DE PROTECCION.",0,1,0.333333333333333,1,0,0,0
19120,"ACUDE EL DIA DE HOY LA SEÑORA EN REPRESENTACION DE SU HIJA DE 17 AÑOS , DONDE REFIERE QUE SU HIJA FUE AGREDIDA FISICAMENTE POR  LA PAREJA SENTIMENTAL DE LA MENOR, REFIERE QUE EN ESTE MOMENTO ELLA SE ENCUENTRA INTERNADA EN EL CENTRO DE ADICICONES "" DEJANDO EL PASADO "" DESDE HACE 1 SEMANA POR PROBLEMA DE ADICCION AL CRISTAL Y EN REPRESENTACION DE LA MENOR ACUDE LA MADRE PARA SOLICITAR UNA MEDIDA DE PROTECCON YA QUE REFIERE QUE  AGRESOR SIGUE RONDADO EL DOMICILIO Y HABLANDO POR TELEFONO PARA LOCALIZAR A LA MENOR Y ELLA TEME  TAMBIEN POR SU INTEGRIDAD YA QUE REFIERE QUE EL OTRO DIA EL LE HABLO Y LE DIJO ""  QUEIERO VERLA"" "" NOMAS LE  DIGO ME VA LLEGAR UN DINERO Y ELLA TIENE LA CLAVE , SI NO ME LLEGA ESE DINERO LES VA CARGAR LA VERGA "" ELLA DESEA LEVANTAR LA DENUNCIA.",0.333333333333333,1,0,1,0,0,0
19136,"USUARIA REFIERE QUE EL DÍA DE AYER SALIÓ A COMER CUANDO SU HIJA LE MANDO MENSAJE QUE CHECARA SUS CÁMARAS DE SEGURIDAD Y SE DIO CUENTA HABÍA FUEGO ATRÁS DE SU DOMICILIO, MENCIONA QUE SU HERMANO ES EL QUE PRENDIÓ FUEGO, YA QUE ANTERIORMENTE YA LE HABÍA RAYADO SUS AUTOS Y LE AVIENTA PIEDRAS.",0,0,1,0.333333333333333,0,0,0
19141,"LA USUARIA REFIERE QUE EL SU EX PAREJA QUIEN VIVE EN ESTADOS UNIDOS DESDE HACE 5 AÑOS , LE MARCA POR VIDEO LLAMADA DONDE LA CORRE Y LE DICE ""EL DIA QUE YO SEPA QUE TIENES  ALGUIEN MAS ME VOY ENCARAGAR DE QUE TE QUEDES SON NADA NADA Y SIN TUS HIJOS ""  REFIERE QUE LE DIJO  "" NOMAS PORQUE NO ESTOY AL LADO TUYO SI NO YA TE HUBIERA METIDO UN PLOMAZO EN LA CABEZA "" REFIERE QUE YA LLEVAN TIEMPO QUE TERMINARON LA RELACION  Y EL DIA DE AYER LE HABLO A SU HIJA Y LE DIJO QUE VENDRIA A LA CASA Y ELLA TEME POR SU INTEGRIDAD Y LA DE SUS HIJOS. DESEA LEVANTAR DENUNCIA POR VIOLENCIA Y MEDIA DE PROTECCION Y ASESORIA JURIDICA PARA TRAMITAR DEMANDA DE PENSION DE ALIMENTOS. YA QUE REFEIERE QUE AVACES LE MANDABA DINERO PERO NO ERA CONSTANTE . ADEMAS DE DECIERLE "" ERES  UNA HOLGAZNA Y UNA TRAGA DE OKIS MANTENIDA """,1,0,0.333333333333333,0.666666666666667,0,0.333333333333333,0
19159,"REFIERE USUARIA QUE EL DIA DE AYER SABADO A LAS 09:00 AM, ELLA SE ENCONTRABA EN SU DOMICILIO EN SU CUARTO CUANDO, SU CONCUBINO COMENZO AGREDIRLA , LE DIJO VA A VENIR MI MAMA Y NO QUIERO QUE ESTES CHINGANDO PORQUE SE LO VOY A PRESTAR , ELLA LE DIJO QUE NO LA ESTUVIERA AGREDIENDO, EL LE DIJO HAY YA NOMAS ESTAS CHINGANDO COMO NO TE MUERES Y ELLA LE DIJO TU TODOS LOS DIAS ME HACES ENOJAR EN LA MAÑANA EL LE DIJO QUE YA DEVERIA DE ESTAR MUERTA , ELLA LE DIJO QUE A SU HIJO LO IBA A PRESTAR CUANDO ELLA QUIERA NO CUANDO SU MAMA QUIERA LE DIJO QUE DEVERIA DE DEJAR A SU HIJO E IRSE A VIVIR ABAJO DE UN PUENTE, ELLA LE PIDIO QUE SE RETIRARA DE SU CUARTO, ELLA LE DIJO SABES QUE YA ME VOY AFUERA DE LA CASA COMENZO A GRITARLE Y LE DIJO QUE ELLA QUERIA TODO , ELLA LE DIJO QUE SOLO LE PEDIA RESPETO, EL LE DIJO QUE LO ESPERARA POQUITO Y A ELLA LE SUENA EL TELEFONO DICIENDOLE QUE LE ABRIERA A SUS PAPAS AL PORTON , ELLA SE SALIO CON EL NIÑO Y LE DIJO QUE SE ESPERARA, SUBEN LOS PAPAS DEL AGRESOR, Y LE DICEN QUE PORQUE NO LES VA A PRESTAR AL NIÑO Y ELLA LES DICE QUE PORQUE SU HIJO LA AGREDE SIEMPRE QUE EL NIÑO NO ESTA, ELLOS COMENZARON A ESTRUJARLA Y SU HIJO ESTABA LLORANDO, ELLA SE FUE CAMINANDO Y LA AGARRARON DEL PELO, Y EL PAPA DEL AGRESOR LE DIJO ME LA VAS A PAGAR PERRA, Y SU CONCUBINO LA ESTABA GRABANDO TE DIJE QUE ME LA IBAS A PAGAR CULERA, ELLA LE DIJO QUE NO SE IBA A QUEDAR ASI PORQUE EL LO PLANEO TODO PORQUE TODO LO ESTABA PLANEANDO, ELLA MARCA A LA POLICIA, PERO NO LA AYUDARON A SACAR SUS COSAS, PERO NO LA APOYARON Y SE PUSIERON DEL LADO DEL AGRESOR, SU CONCUBINO PORTA ARMA DE FUEGO, ELLA DESEA PRESENTAR DENUNCIA Y ASESORIA JURIDICA PARA GUARDA Y CUSTODIA.",0,1,0,1,0,0.666666666666667,0
19175,"REFIERE USUARIA QUE EL DIA SABADO EN LA NOCHE, ELLA SE ENCONTRABA EN SU DOMICILIO CUANDO SU HIJA ESTABA FUERA DEL DOMICILIO CON UN AMIGO Y SU EX PAREJA LLEGO Y SE MOLESTO PORQUE ESTABA SU HIJA CON SU AMIGO AFUERA Y EL SE METIO Y EMPEZO A GRITARLE A LA USUARIA DICIENDOLE QUE PORQUE ESTABA METIENDO A GENTE A SU CASA EL LA ESTRUJO Y SU HIJA SE METIO Y EL QUERIA JALONEAR A SU HIJA Y LA HERMANA DE LA USUARIA SE METIOA  DEFENDERLAS Y EL LE DIJO A SU HERMANA QUE SE FUERA DE SU CASA, EL SE LE FUE ENCIMA A LA USUARIA  Y LA AVENTO CONTRA EL SILLON Y A SU HIJA LA SACO D ELA CASA Y LE DIJO PINCHE DROGADITA LARGATE DE MI CASA NO TRAIGAS A TUS PINCHES AMIGOS DROGADICTOS SU HIJA COMENZO A LLORAR, SU HIJA MARCO A LA POLICIA, LLEGARON Y LO DETUVIERON, ELLA DESEA PRESENTAR DENUNCIA ANTE MINISTERIO PUBLICO.",0,0.666666666666667,0.666666666666667,1,0,0,0
19183,SE ANEXA HOJA DE HECHOS AL FINAL DE CEDULA,0,0,0,0,0,0,1
19194,VIOLENCIA FISICA Y PSICOLOGICA EN EL NOVIAZGO,0,1,0,1,0,0,0
19199,"USUARIA  ACUDE A MENCIONAR HECHOS DE VIOLENCIA SEXUAL EN CONTRA DE SU PADRE, ELLA VIVIE EN CASA DE SUS PADRES Y POR LA MADRUGADA SE ENCONTRABA DORMIDA EN SU DOMICILIO, ESE DIA SU PAPA INGRESO A SU RECAMARA PARA ACERCARSE A ELLA, LE TAPO LA BOCA A USUSUARIA Y REALIZO TOCAMIENTOS EN LA ENTRE PIERNAS Y ZONA INTIMA DE ELLA SOBRE LA ROPA, USUARIA LE COMENTO LOS HECHOS A SU MAMA UNA SEMANA DESPUES DEBIDO AL MIEDO Y VERGUENZA. USUARIA ACUDE A EXPONER LOS HECHOS PARA SER CANALIZA A MP Y PRESENTAR DENUNCIA CORRESPONDIENTE, REFIERER QUE ANTERIORMENTE HA LLEGADO A VIVIR VIOLENCIA PSICOLOGICA Y VERBAL POR EL AGRESOR, QUIEN ACTUALMENTE YA NO VIVE EN EL MISMO DOMICILIO. PASA A MP Y SE CANALIZA AL AREA DE JURIDICO YA QUE USUARIA AUN SE ENCUENTRA ESTUDIANDO PROFESIONAL Y SU PAPA DEJE DE APORTAR ECONOMICAMENTE PARA SUS COLEGIATURAS.",0.333333333333333,0,0,1,1,0,0
19217,"USUARIA REFIERE QUE AGRESOR ES SU ESPOSO, ULTIMO HECHO, PROBLEMAS DE INFIDELIDAD Y  DE CELOS, AGRESOR SE LEVANTA ENOJADO, AGRESOR LA INSULTA ""ERES UNA PUTA, COMO TE ATREVISTE, LA CAGASTE, NO TE VALORAS, NI A PUTAS LLEGAS, ELLAS COBRAN"" AGRESOR LE DECIA QUE LO VOLTEARA A VER Y LA PELLIZCABA,  USUARIA TRAE MARCAS, USUARIA VA A DEJAR A SU NIÑO  A ACARGO DE SU SUEGRA Y SE REGRESA AGRESOR LA VUELVE A INSULTAR Y LE DICE QUE ES UNA BASURA, UNA PERRA,
MANIFIESTA QUE HACE 5 O 6 MESES LA AMENAZO CON CUCHILLO, Y LE ABRIO LA CABEZA CON UNA LLAVE ESTILSON AMENAZANDOLA QUE NO DIGA NADA
AGRESOR CONSUME MARIHUANA Y COCAINA",0,1,0,1,0.333333333333333,0.333333333333333,0
19244,"USUARIA REFIERE QUE AGRESOR ES SU ACTUAL PAREJA Y MENCIONA ULTIMO HECHO DE VIOLENCIA AYER EN LA MADRUGADA, EL LLEGO TARDE DE TRABAJO Y ALCOHOLIZADO, USUARIA LE PREGUNTO QUE EN DONDE ESTABA YA QUE LE AVISARON QUE EL NO HABIA PASADO POR EL LUGAR DE COSTUMBRE, Y LE DIJO PUES CREELE MAS ALA PINCHE GENTE,  SE ENOJO Y COMENZO A ESTRUJARLA, LE MORDIO EN LOS LABIOS Y EN EL CACHETE, LA AHORCABA Y LE DIO GOLPES EN LA CARA, AGRESOR SE FUE AL TRABAJO Y LE DIJO QUE LE DABA 1 SEMANA  PARA QUE SE LARGARA A LA CHINGADA.",0,0.666666666666667,0.333333333333333,1,0,0,0
19258,"REFIERE LA USUARIA QUE UN DIA POR LA NOCHE EN LA VIA PUBLICA, SU ESPOSO LA DETUVO Y COMENZO AGREDIRLA DICIENDOLE ""ERES UNA PUTA, PORQUE NO QUIERES REGRESAR CONMIGO,"" LA AGARRO DE LOS DOS BRAZOS Y COMENZO A ESTRUJARLA, EN ESE MOMENTO INTERVINO UN MUCHACO QUE IBA PASANDO Y EL AGRESOR SE ALEJO. REFIERE LA USUARIA QUE SU ESPOSO ES DROGARDICTO  Y QUE UTILIZA CRISTAL, MENCIONA QUE LE HABLO A LA POLICIA PERO NUNCA LLEGO, DICE QUE SE HA ENTERADO QUE LA FAMILIA DE SU ESPOSO LO ANEXARON Y QUE ELLA ESTA EN TRAMITES PARA OBTENER EL DIVORCIO. LA USUARIA DESEA PRESENTAR DENUNCIA  EN MINISETRIO PUBLICO YA QUE TEME POR SU INTEGRIDAD FISICA CUANDO SU ESPOSO SALGA DEL ANEXO.",0,0.666666666666667,0,1,0,0,0
19267,"LA USUARIA MANIFIESTA QUE EL DIA DE AYER  A LAS 11 APROX LA USUARIA ESTABA EN SU DOMICILIO Y TOCO LA PUERTA E INTENTO QUITAR LA CHAPA, ELLA DISIMULO QUE ESTABA SOLA LA CASA, CUANDO SE PERCATO QUE EL INTENTO INGRESAR ELLA PUSO EL SEGURO Y DESPUES EMPEZO A GOLPEAR A LOS VIDRIOS, MARCANDOLE ELLA A SUS PAPAS PARA QUE LE MARCARAN A UNA UNIDAD, COMO NO LLEGABA ELLA LE MARCO OTRA VEZ. REFIERE QUE ESTA DETENIDO.
REFIERE ELLA QUE YA HABIA TENIDO UNA MEDIDA DE PROTECCION Y SE CALMO, PERO DESDE HACE DOS MESES VA COMO TRES VECES EN LA SEMANA VA AL DOMICILIO, Y EL SE  DROGA CON CRISTAL, Y ES CUANDO VA AL DOMICILIO. DESEA DENUNCIAR EL HECHO Y UNA MEDIDA DE PROTECCION.",0,0,1,1,0,0,0
19268,"REFIERE USUARIA QUE EL DIA DE AYER DOMINGO EN LA NOCHE, ELLA SE ENCONTRABA EN SU DOMICILIO CUANDO DISCUTIO CON SU CONCIBINO Y EL COMENZO A SACAR SUS COSAS DE LA CASA, COMENZO A GREDIR A LA USUARIA LA INSULTO LE DIJO QUE ERA UNA PUTA Y UNA VIL PUTA, LA ESTRUJO DEL BRAZO, LA EMPUJO, ELLA NO MARCO A LA POLICIA, ELLA DESEA PRESENTAR DENUNCIA ANTE MINISTERIO PUBLICO.",0,1,0.666666666666667,1,0,0,0
19269,"REFIERE USUARTIA QUE A LAS 08:00 ELLA ESTABA EN SU DOMICILIO CUANDO RECIBIO UN MENSAJE DE SU SOBRINA LE MANDO MENSAJE QUE A QUIEN LE ESTABA MNDANDO FOTOS INTIMAS PUES ALGUIEN ESTABA SUBIENDOLAS A LA PAGINA DE SU RESTAURANT, Y ELLA NO LES HABIA PLATICADO DE QUE ESTBA HBLANDO CON ALGUIEN SUPUESTAMENTE ERA UNA PERSONA DE OTRO PAIS Y HABIAN PLATICATICDO DOS MESES Y EL LE PIDIO FOTOS Y ELLA ACCEDIO PERO DESPUES EL MARTES  APROXIMADAMENTE A LAS 20:00H ELLA ESTABA EN SU DOMICILIO Y LE MANDO MENSAJE OTRA PERSONA, LE ENVIO UN MENSAJE DONDE LE DECIA QUE QUERIA 50 MIL PESOS QUE SI NO FILTRARIA LAS FOTOS QUE EL TENIA, QUE NO SE HICIERA PENDEJA QUE YA SABIA QUE TENIA MAS DINERO Y QUE LE CONTESTARA, QUE YA TENIA MAS FOTOS DE ELLA Y LE ENVIO COMO UN COLLAGE DE FOTOS INTIMAS DE ELLA ELLA DESCONOCE COMO LE HIZO PUES NO LE HABIA MANDADO ESAS FOTOS, RAPIDAMENTE ELLA LO BLOQUEO Y ELLA FUE A FISCALIA Y AHI LE DIJERON QUE VINIERA AQUI PERO LE AYUDARON A MOVERLE Y SE DIO CUENTA QUE TENIA MAS MENSAJES AMANEZANDOLA DE QUE LE DIERA EL DINERO O YA LO SUBIRIA",0.333333333333333,0,0,1,1,0,0
19315,"VIOLENCIA FISICA, PSICOLOGICA Y PATRIMONIAL",0,0.666666666666667,0.666666666666667,0.666666666666667,0,0,0.333333333333333
19318,"LA USUARIA REFIERE QUE QUIEN ES UNA PERSONA CONOCIDA LA ACOSA  Y LA PERSIGUE A LOS LUGARES DONDE ELLA TRABAJA YA QUE REFIERE QUE TAMBIEN SE DEDICA AL MURALISMO Y LA CONTRATAN PARA TRABAJAR Y AHI SE LO ENCIENTRA Y SE LE QUEDA VIENDO PERO NO LE DICE NADA, ADEMAS DE ESCIBIR EN LAS PAGINAS POR REDES SOCIALES DONDE PROMOCIONAN SU TRABAJO FRASES COMO ""  DESCULIADA YA ESTAS "" ELLA REFIER QUE ESO AFECTA SU TRABAJO Y DE QUIEN LA CONTRATA, ADEMAS DE QUE REFERE QUE HACE UN MES  SE LO ENCONTRO EN LA ESQUNA DE LA ESCUELA DE SU HIJA Y LE DIJO "" HOLA "" SOLO VENGO PARA VER QUE ANDAS HACENDO ""  ELLA REFIERE QUE SALIO CON EL EN ALGUNAS OCACIONES PERO NUNCA TUVIERON UNA RELACION. DESEA LEVANTAR DENUNCIA Y MEDIDA DE PROTECCION",0.333333333333333,0,0,1,0.333333333333333,0,0
19327,"LA USUARIA REFIERE QUE LA USUARIA Y SU EX PAREJA IBAN A IR AL MANDADO JUNTO CON SUS HIJAS, COMO IBA ENOJADO IBA MUY RECIO EN SU CARRO, YA QUE IBA ELLA SU HIJA Y SU SOBRINO. SE BAJARON Y TOMARON TAXI Y EL SE FUE DETRAS DEL TAXI, LLEGARON A WALLMART Y LLEGO ATRAS DE ELLA Y YA NO QUERIA HABLAR CON EL. ACABARON DE COMPAR Y ELLA LEGO A SU DOMICILIO Y EL ENTRO AL DOMICILIO A BUSCAR UN ANILLO QUE LE HABIA REGALADO. EMPEZARON A DISCUTIR Y EL LE PIDIO TODO LO QUE EL LE HABIA REGALADO A ELLA Y LE DIJO QUE SI SE LOS IBA A REGRESAR. A LO QUE EL LA CULPO DE NO TENER RESPONSABILIDAD CON SUS HIJAS. A LO QUE ELLA LE DIJO ""NO HABLEMOS DE RESPONSABILIDAD POR QUE NO LA TINEES EN TU CASA"", EL SE MOLESTO Y LA EMPUJO, LE DIO CACHETADAS EN LA CARA, LE ESTIRABA LAS CADENAS QUE TRAIA, LA RASGUÑO, DEJANDOLE MORADA LA OREJA Y LOS OJOS, EL ANTES DE IRSE LE AVENTO UN VASO DE AGUA EN LA CARA. Y LE DIJO ""NOMAS QUE TE VEA CON ALGUIEN MAS TE VOY A HACER DAÑO"". DESEA DENUNCIARLO Y UNA MEDIDA DE PROTECCION",0,0.666666666666667,0.333333333333333,0.666666666666667,0,0,0
19328,"LA USUARIA MANIFIESTA QUE LLEGO AL DOMICILIO DE SU HIJO A VISITAR A SUS NIETOS, SU HIJO LLEGO AL LUGAR, LLEGO JUNHTO CON DOS HOMBRES MAS Y EL QUERIA QUE LE PRESTARA $350 PESOS (SU HIJO)  , LA USUARIA LE NEGO EL PRESTAMO POR QUE NO TRAIA PARA ESO, ENTONCES SE ENOJO Y EL LE INSITIO POR QUE EL DECIA ""YA DAME DINERO YA SABES PARA QUE"" A LO QUE REIFERE ELLA QUE PARA LA DROGA. A LO QUE ELLA LE PIDIO QUE SE CALMARA. Y EL LE INSISTIA Y LE DJO QUE LE DIERA PARA UN CELULAR. A LO QUE ELLA LE DIJO QUE YA LE HABIA DADO Y QUE PARA QUE LO QUIERE OTRA VEZ SI VA A HACER LO MISMO (DROGA) PUESTO EN OTRAS OCASIONES LE AH DADO EL DINERO Y SE LO GASTA EN ""CRISTAL"" Y ""MARIGUANA"". EN EL PISO DE LA SALA ESTABA UN PUNZON, AGARRLO EL PUNZON Y LO AVENTO EN LA MESA. ELLA SE ASUSTO PUESTO ESTABA SU NIETA DE TRES AÑOS. SE FUE ELLA A TOMAR SU MEDICAMENTO Y LO VIO Y SOLO LE GRITO EL ""NI ME HABLES"" "" NI ME HABLES QUE NI SABES"". ELLA DECIDIO HABLAR CON SU HIJO DE 33 AÑOS DE ESTA SITUCION  YA QUE NO ESTABA ENTERADO Y FUE AL DOMICILIO DONDE SE ENCONTRABA LA USUARIA. HABLO CON SEGURIDAD PUBLICA. LLEGARON LAS PATRULLAS Y DIJO QUE TRAIA UNA PUNTA LARGA Y NO QUERIA COOPERAR ESTABA EN LA AZOTEA. Y ELA INTENTO HABLAR CON EL, DICIENDOLE QUE O SE IBA A IR A LA CARCEL O A REHABILITACION A LO QUE EL DIJO ""A LA CARCEL POR QUE SI NO EH MATADO A NADIE"". FORCEJEARON Y ESTA ACTUALMENTE A DISPOCISICION DESDE ANOCHE.  LLEGO SU NUERA Y LE CONTO LA SITUACION A SU NUERA Y QUE YA IBAN A IR POR SU HIJO Y SE FUE. REFIERE ELLA QUE YA LE TIENE MUCHO MIEDO DE QUE VAYA A SALIR PUESTO CADA QUE NO SE DROGA SE COMPORTA DE MANERA MUY AGRESIVA DESEA DENUNCIAR EL HECHO",0,0.333333333333333,0.333333333333333,0.666666666666667,0,0,0
19355,"USUARIA MENOR DE EDAD ACOMPAÑADA DE SU MADRE REFIERE QUE LA MENOR LE COMENTO A SU MADRE QUE SU PAPA LA ABUSABA DE ELLA, MENCIONA QUE SU PADRE LA LLAMABA AL CUARTTO Y LA EMPESABA A BESAR, TOCAS Y POSTERIORMENTE TIENE RELACIONES SEXUALES CON ELLA,  Y ESTO VIENE PASANDO DESDE QUE ELLA CUMPLIO 11 AÑOS. MENCIONA MADRE DE USUARIA MENCIONA QUE SU ESPOSO SE QUEDABA SOLO CON LA MENOR YA QUE ELLA SALIA A COMPRAR COMIDA PARA LOS CONEJOS, EL MANDADO Y HACER PAGOS, MENCIONA QUE EL SR. VIENE CADA 12 DIAS POR LO QUE EL CASI NUNCA ESTA EN CASA Y QUE ESTE LAPSO EL APROBECHAVA PARA ABUSAR SEXUALMENTE DE ELLA Y TENER RELACIONES SEXUALES CON LA MENOR",0,0,0,0,0.666666666666667,0,0
19359,"REFIERE USUARIA QUE  ELLA SE ENCONTRABA EN SU DOMICILIO SOLA, CUANDO SU EX PAREJA LE ESTABA MARCANDO Y ELLA NO LE CONTESTO Y EL FUE QUE LE QUERIA TUMBAR LA PUERTA Y QUE LE QUERIA QUEBRAR LA VENTANA LA INSULTO LE DIJO QUE ES UNA PERRA UNA PERDIDA PROSTITUTA, LE ARRANCO LA LUZ A LA USUARIA Y ELLA LE MARCO A SY HIJO Y A LA POLICIA PERO NO LLEGARON, DESEA PRESENTAR DENUNCIA ANTE MINISTERIO PUBLICO Y ASESORIA JURIDICA PARA GUARDA Y CUSTODIA.",0,0,1,1,0,0,0
19364,"LA USUARIA REFIERE QUE EN SU DOMICILIO. SU SUEGRO SE MOLESTA POR QUE ELLA ESTABA HACIENDO MUCHO RUIDO POR QUE ESTABA PONIENDO CLAVOS EN LA PARED. EL SE MOLESTA ""YA DEJARAN DE HACER TANTO RUIDO O IBAN A ENTENDER POR LAS BUENAS O POR LAS MALAS"" ESO SE LO DIJO POR LLAMADA A SU HIJA PAREJA DE LA USUARIA. Y COMO VIVE A UN LADO LE MOLESTABA EL RUIDO DE MARTILLO. NO LE HICIERON CASO Y LA ESPOSA DE EL Y SU SUEGRO DICE ""SON UNAS MACHORRAS MUERTAS DE HAMBRE, VIVIDORAS, QUE SE VAYAN MUCHO A LA VERGA"", A LO QUE ELLAS LE DIJERON QUE ERA SU CASA. SU PAREJA LE PIDE A SU PAPA QUE RETIRARA A LA PAREJA DE EL POR QUE ESTABA GRITANDO MUCHO. EL NO HIZO NADA. SE RETIRARON. CUANDO ELLA BAJA A CERRAR LA PUERTA ELLOS ESTABAN AFUERA A LO QUE SU SUEGO. LE DIO UN GOLPE Y ELLA NO ESQUIVO, E INTENTO CERRAR LA PUERTA A LO QUE NO PUDO Y CON LA PUERTA LA EMPUJO EL A ELLA, LA AGARRA DEL CABELLO Y LA SACA FUERA DEL DOMICILIO EL LE EMPEZO A GOLPEAR, ELLA SE INTENTABA DEFENDER, EL LA CARGO Y LA DEJO CAER. TENIENDO UNA HERIDA EN EL LABIO,  MIENTRAS LA INSULTABA. LLEGANDO LA ESPOSA DE EL Y LA EMPEZO A AGREDIR. BAJO SU PAREJA A DEFENDERLA Y EMPUJO A SU PAPA Y EL EMPEZO A AGREDIR A SU HIJA DE LOS CABELLOS. LA PAREJA DE ELLA LE INFORMO QUE SU PAPA TENIA UN MACHETE LE QUISIERON MARCAR A LA PATRULLA Y EL LE AVENTO EL CELULAR EN ESE MOMENTO Y SE INTENTARON METER AL DOMICILIO Y CERRARON LA PUERTA Y YA FUE CUANDO VOLVIO A MARCAR AL 911 DONDE LE DIERON UN FOLIO. LLEGO LA PATRULLA Y UNO DE LOS OFICIALES LE DIJO A LA USUARIA QUE FUERAN A PONER LA DENUNCIAR. REFIERE ELLA QUE SI LA AGREDE DE MANERA PSICOLOGICA INSULTANDOLA DE VEZ EN CUANDO. TEME POR EL BIENESTAR DE ELLA, DE SU PAREJA Y DE UN MENOR DE 12 AÑOS QUIEN VIVE EN EL DOMICILIO.  DESEA DENUNCIAR EL HECHO Y UNA MEDIDA DE PROTECCION",0,1,0.333333333333333,1,0,0,0
19366,"USUARIA MENOR EDAD ACOMPAÑADA DE SU MADRE MENCIONA QUE TUVO RELACIONES SEXUALES CON UN AMIGO, MAYOR DE EDAD ELLA MENCIONA QUE ELLA QUIZO TERNER REALCIONES CON EL, MENCIONA QUE YA LE HABIA INSISTIDO EN TENER RELACIONES SEXUALES CON ELLA YA EN VARIAS OCACIONES Y QUE ESA FUE LA PRIMERA VEZ QUE ELLA TENIA RELACIONES SEXUALES, MENCIONA QUE SOLO FUE ESA VEZ LA MENOR MENCIONA QUE SIGUE TENIENDO CONTACTO CON EL, MADRE DE LA USUARIA MENCIONA QUE EN EL CELULAR DE LA MENOR CONTRO QUE ESTABA EN UN GRUPO DE INSTAGRAM EN EL CUAL SE ENVIABAN VIDEOS Y FOTOS SEXUALES EN EL CUAL ELLA ENVIABA CONTENIDO A DIVERSAS PERSONAS.",0,0,0,0,1,0,0
19369,"LA USUARIA REFIERE QUE TIENE 5 AÑOS SEPARADOS POR INFIDELIDAD Y MALOS TRATOS, LA USUARIA  DESEA ASESORIA JURIDICA PARA TRAMITE DE DIVORCIO.",0,0,0,1,0,0,0
19397,"ANTECEDENTES DE VIOLENCIA :
-""PARA QUE VAS A TRABAJAR Y ESTUDIAR NO LO OCUPAS""
-MI PAREJA ME REVISABA CONSTANTEMENTE MI CELULAR.
-LA SEMANA ANTE PASADA ACUDÍ A REVISIÓN MEDICA EN EL CENTRO DE SALUD POR LA MAÑANA Y AL SALIR DE LA CONSULTA APROXIMADAMENTE A LA 13:00 AL SUBIRME A LA TROCA MI PAREJA ME DICE ""PORQUE SALISTE TAN TARDE DESPEINADA, YA ANDAS DE OFRECIDA"" MIENTRAS MANEJABA MI PAREJA ME ESTABA GOLPEANDO EN MI ROSTRO.",0.333333333333333,1,0,1,0,0,0
19401,"USUARIA MENOR DE EDAD ACUDE YA QUE MANIFIESTA QUE SUFRIÓ AGRESIÓN FÍSICA, PSICOLÓGICA Y SEXUAL, YA QUE MIENTRAS ACUDÍA A FIESTAS CON SUS AMIGOS Y AL INGRESAR A UN DEPARTAMENTO PIERDE LA NOCIÓN DE LO QUE PASO DURANTE LA MADRUGADA, POSTERIOR A ESO AL DESPERTAR A MEDIO DÍA OBSERVA QUE NO TENÍA PUESTO SU PRENDA INFERIOR Y NO RECORDABA LO QUE SUCEDIDO CUANDO LLEGO AL DEPARTAMENTO, POR LA TARDE MENCIONA QUE CUANDO SE ENCONTRABA EN EL VEHÍCULO DE ESTE DESCONOCIDO SUFRIÓ AGRESIÓN FÍSICA Y PSICOLÓGICA, LA USUARIA YA ACUDIÓ A LAS INSTALACIONES DE FISCALÍA PARA LA DENUNCIA CORRESPONDIENTE POR LOS HECHOS OCURRIDOS Y REVISIÓN CON EL MÉDICO LEGISTA, ACUDE AL EMPODERAMIENTO PARA INGRESAR AL ÁREA DE PSICOLOGÍA.",0,1,0,1,1,0,0
19403,"MI PAREJA Y YO NOS ENCONTRÁBAMOS EN EL PATIO DE NUESTRO DOMICILIO , ME EMPEZÓ A CORRER DE PIEDRAS, AL DECIRLE QUE NO ME IRÍA ME DIO VARIOS PUÑETAZOS ARRIBA DEL LABIO Y EN LA NARIZ, AMENAZO CON SEGUIR GOLPEÁNDOME, DESPUÉS SE CALMÓ.
TODO EL DÍA ME ESTUVO CORRIENDO DE LA CASA, CUANDO SUPO QUE SI NOS ÍBAMOS A IR MIS HIJOS Y YO, APROXIMADAMENTE A LAS 6:00 PM EMPEZÓ A DECIRME “ESPERO QUE LO QUE ESTAS AGARRANDO SEA PARA QUE TE LARGUES DE PIEDRAS NEGRAS” “VETE, QUIERO QUE TE VAYAS DE AQUÍ PERO QUIERO QUE TE VAYAS DE PIEDRAS” AL NEGARME ME AMENAZÓ: “PUES SI TE QUEDAS AQUÍ, TE VOY A DAR INFIERO, ¿QUIERES INFIERNO? INFIERNO TE VOY A DAR AQUÍ, DONDE TE VEA TE VOY A MADREAR”, DESPUÉS ESTUVO HABLANDO CON MI HIJA, EN ESO YO LE ESCRIBÍ A UNA AMIGA PARA QUE ME MANDARA UNA PATRULLA, CUANDO LLEGARON ME DIJERON QUE ME IBAN A ESPERAR A QUE YO PUDIERA SACAR MIS COSAS, AL VOLVER A ENTRAR AL DOMICILIO EL ME PREGUNTA PORQUE LLAME A LA POLICÍA, SE PARA FRENTE A MÍ Y ME DICE “A QUIERES INFIERNO, VOY A EMPEZAR A DARTE INFIERNO AQUÍ” AL MOMENTO EN QUE ME IBA A PEGAR MI HIJO DE 14 AÑOS SALIÓ A HABLARLE A LA POLICÍA, ENTRAN AL DOMICILIO, LE DICEN QUE SOLO ACUDEN PARA QUE YO ME PUEDA IR, A RAÍZ DE QUE YO QUERÍA LLEVARME MI CELULAR SE PUSO MUY AGRESIVO, YO ESTABA DE UN LADO DE LA MESA Y EL DEL OTRO, AVENTÓ LA MESA Y SE DIRIGIÓ A MÍ PARA GOLPEARME, EN ESO UN OFICIAL LO DETIENE Y LE PIDE QUE ME DEJE IR, A LO QUE EL CONTESTO “QUIEREN PROBLEMAS? ENTONCES HARE PROBLEMAS” LUEGO ENTRE VARIOS POLICÍAS LO AGARRARON MIENTRAS EL FORCEJEABA HASTA QUE LO ESPOSARON.",0,1,0.666666666666667,1,0,0.333333333333333,0
19405,"USUARIA REFIERE QUE EL DIA DE AYER POR LA NOCHE ACUDE A LA CASA DE  AGRESOR QUIEN ES SU PAPA A PEDIRLE UN NIÑO DIOS QUE LE PRSTO, QUE EN CUANTO LLEGARON AL DOMICILIO ELLA Y SU HIJO, AGRESOR LES PIDE DINERO A CAMBIO DE DARLES EL NIÑO DIOS, USUARIA ALEGA CON EL DICIENDOLE QUE COMO LE IBA A PAGAR SI ERA SUYO POR LO QUE AGRESOR SE MOLESTA Y LE DICE QUE EL PAGO POR ARRGLARLO Y QUE LE DEBIAN, USUARIA LE DICE QUE ELLA NO LE PIDIO ARREGARLO. ARGRESOR LE DICE A USUARIA QUE S VAYAN PORQUE EL DECIA QUE USUARIA AMENAZO A SU PAREJA, DISCUTEN ESTANDO AGRESOR DENTRO DEL PORTON DE SU CASA Y ELLOS FUERA. REFIERE QUE SU HIJO LE DICE A AGRESOR QUE EL LE PAGA AL DIA SIGUIENTE Y SE SUBEN AL CARRO PARA IRSE. AGRESOR ENTRA A SU CASA Y SALE CON UN BARROTE DE MADERA CON EL QUE INTENTA GOLPEAR LOS VIDRIOS DEL CARRO. USUARIA SE BAJA PARA TRATAR DE TRANQUILIZAR A AGRESOR A LO QUE EL ESTANDO MUY MOLESTO Y LA GOLPEA CON EL BARROTE EN EL ESTOMAGO, USUARIA SE INTENTA CUBRIR POR LO QUE AGRESOR LA GOLPEA EN LA CABEZA. AGRESOR TIRA EL BARROTE Y SACA UNA NAVAJA CON LA QUE AMENAZA A USUARIA CON MATARLA. EL HIJO DE USUARIA SE BAJA Y CONFRONTA A AGRESOR. QUE YA SE CALMAN Y AGRESOR SUELTA LA NAVAJA PUES EL HIJO DE USUARIA LO SOMTIO. SE VAN DEL DOMICILIO Y AL LLEGAR A SU CASA RECIBE MENSAJES DE AUDIO POR PARTE DE SU HERMANO QUIEN LA AMENAZA QUE SE LA IBA A LLEVAR LA CHINGADA, QUE EL IRIA A SU CASA CON LOS PANDILLEROS. DESEA DENUNCIAR A AMBOS PUES REFIERE SON MUY AGRESIVOS. REFIERE QUE AMBOS NO TIENEN LIMITES EN CUANTO A SU AGRESIVIDAD",0,1,1,1,0,0,0
19416,"USURUIA MENCIONA QUE SU PAREJA, SE ENOJO PORQUE LA USUARIA SE PINTO EL PELO Y SU PAREJA LE DIJO QUE SEGURO ERA PARA IRSE MAÑANA A QUE OTRO VATO SE LA COGIERA, EN ESO LA EMPIESA A AHORCAR Y MENCIONA QUE ELLA YA CASI NO PODIA RESPIRAR Y EL LA SUELTA Y LE DICE NO MATO NADA MAS PORQUE AQUI ESTAN TUS HIJAS CULERA, MENCIONA QUE EL ANDABA ENCRICADO YA QUE EL CONSUME CRISTAL",0,0.666666666666667,0,1,0,0.333333333333333,0
20338,"LA USUARIA REFIERE QUE EL DIA 01 APORX 7:30PM EL AGRESOR , SE LA TOPO EN EL CENTRO DE LA CIUDAD, INSULTANDOLA POR QUE ANDAVA VESTIDA ASI Y LA USUARIA REGRESO A SU CASA Y EL AGRESOR LLEGO. AMENAZANDOLA DE MUERTE, TOMANDO UNA BOTELLA DE VIDRIO . LA USUARIA DESEA PRESENTAR DENUNCIA POR LO HECHOS. DICE QUE LA GOLPEO EN LA CASA Y EN LA CARA CON PUÑETAZO.",0,1,0,1,0,0,0
20341,"REFIERE LA USUARIA QUE EL DIA 21 APROX LAS 13:00 HRS, SU CONCUBINO BAJO LOS INFLUJOS DE LA DROGA CONOCIDA COMO CRISTAL LA GOLPEO DANDOLE DE PATADAS EN EL ABDOMEN, VARIOS  PUÑETAZOS EN BRAZOS, CUELLO, CABEZA, ASI MISMO LA GOLPEO EN LA CABEZA CON UNA CADENA, LE DIJO MIENTRAS LE MOSTRABA UNAS TIJERAS “TE VOY A MATAR CON ESTAS” REFIERE QUE TAMBIEN LE DECIA “PENDEJA, ESTUPIDA, PUTA” LA USUARIA NO PUDO LLAMARLE A LA POLICIA.  REFIERE QUE ANTERIORMENTE YA LA HABIA GOLPEADO CON UN CABLE DE EXTENCION Y UNA SILLA, QUE CON UNA ALMOHADA TRATO DE ASFIXIARLA.
ELLA DESEA PRESENTAR DENUNCIA.",0,1,0,1,0,0,0
20362,"LA USUARIA REFIERE 28 AÑOS DE MATRIMONIO Y MENCIONA QUE SIEMPRE HA SIDO AGRESIVO, CONTROLADOR Y MENCIONA QUE EL DIA DE HOY APROXIMADAMENTE A LAS 10:00 HORAS, EL AGRESOR LE PIDIO DE ALMORZAR, LE DIO DE ALMORZAR, EL TERMINO Y ELLA SE FUE A TENDER LA CAMA DEL CUARTO DE SU HIJA Y EL LLEGO Y LA AVENTO A LA CAMA Y SE SUBIO ARRIBA DE ELLA Y LE EMPEZO A PEGAR CON EL PUÑO CERRADO EN LA CARA, QUE EL NO IBA A DESCANSAR HASTA MATARLA, LE TORCIO LA MANO IZQUIERDA Y LA APRETO DE LOS BRAZOS, POR LO QUE DESEA DENUNCIAR.",0,1,0,1,0,0,0
20379,"REFIERE USUARIA DE 30 AÑOS DE EDAD QUE EN LA MADRUGADA DEL DIA DE HOY JUEVES, APROXIMADAMENTE A LA 1:00 AM, SE ENCONTRABA EN SU DOMICILIO, ESTABA ACOSTADA EN SU CAMA CON SU CONCUBINO VIENDO VIDEOS, EN ESO ESCUCHO QUE UNA CAMIONETA LLEGO Y LE DIO UN FRENON, EN ESO TOCARON LA PUERTA Y ERA UN POLICIA DE LA FUERZA METROPOLITANA ELLA LE DIJO QUE SE LE OFRECE Y EN ESO TAMBIEN SALIO SU ESPOSO, PERO EN ESO TRES  POLICIAS LOS PUSIERON DE RODILLAS Y LOS  COMENZARON A GOLPEAR, LES EXIGIERON QUE SE DESNUDARAN Y A ELLA LA LLEVARON AL CUARTO  LA ACOSTARO BOCA ABAJO Y LA TAPARON CON ROPA, LOS POLICIAS TRAIAN UN PALO Y COMENZARON A PICARLE",0,0.666666666666667,0.333333333333333,0,0.666666666666667,0,0.333333333333333
20385,"LA USUARIA REFIERE QUE APROXIMADAMENTE 9:00 PM EL AGRESOR ESTABA BAJO LOS EFECTOS DEL ALCOHOL Y DEL CRISTAL Y COMENZO HA JUGAR CON ARMA DE SALVA QUE CONTENIA POLVORA EL AGRESOR LE DISPARO EN LA CARA Y EXPLOTO CAYENDOLE EN LOS OJOS LA USUARIA INGRESO A LA CRUZ ROJA POR UNA CRISIS EMOCIONAL DICIENDO QUE FUE UN ASALTO LA USUARIA REFIERE QUE CONSTANTEMETE SUFRE VIOLENCIA FAMILIAR LA GOLPEA ( LE ESTIRA EL CABELLO PATADAS Y PUÑETAZOS ) Y LE DICE ""PINCHE VIEJA NO SIRVES PARA NADA, NO VALES VERGA"" Y LA AMENAZA DE MUERTE DICIENDO QUE SI LA DEJA O LO VE CON OTRO LA MATA 

DENUNCIA DE LOS HECHOS DE VIOLENCIA
JURIDICO/DIVORCIO /PENSION DE ALIMENTOS/GUARDA Y CUSTODIA
TERAPIA GRUPAL",0,1,0,0.666666666666667,0,0,0
20394,"USUARIA ACUDE A DENUNCIAR A  SU ESPOSO MENCIONA QUE EL DIA DE AYER ELLA DISCUTIO CON SU ESPOSO Y ESTE MOLESTO LA AVENTO EN LAS ESCALERA DEL DOMICILIO, LA ARRASTRO EN LA SALA DE LA CASA Y LA AVENTO CONTRA DE LAS MESAS, ELL TUVO QUE LLAMAR A SU HERMANO PARA ACUDIERA POR ELLA Y SU MENOR HIJO DE 12 AÑOS QUIEN EL SE NEGABA A ENTREGARLO, MENCIONA QUE LA RAZON DE LA DISCUSION ES POR QUE  SU ESPOSO SE ENCONTRABA EN EL DOMICILIO DE SU HERMANO CON SUS SOBRINAS, LA USUARIA REFIERE QUE ELLOS SE ENCIERRAN EN ESE DOMICILIO A CONSUMIR ALCOHOL Y DROGAS Y TIENEN RELACIONES SEXUALES ENTRE ELLOS  HACE UN MES EL DECIA QUE EL SE SENTIA INSEGURO Y SE TALLABA UNA NAVAJA, INSINUANDOLE QUE LE HARIA DAÑO.  LA USUARIA TAMBIEN MENCIONA QUE HACE TRES SEMANAS DISCUTIERO",0,1,0,0.666666666666667,0,0.333333333333333,0
20405,"LA USUARIA DE 45 AÑOS,  MENCIONA QUE SOSTUVO UNA RELACION SENTIMANTAL DE UNION LIBRE DE 25 AÑOS Y HACE 3 MESES DECIDIO SEPARARSE, POR LO QUE ELLA SE FUE A VIVIR A CASA DE UNA DE SUS HERMANAS, Y ES EL CASO QUE ESTE FIN DE SEMANA LE HABLARON PARA DECIRLE QUE SU CASA DE ESTABA QUEMANDO, Y ESTO FUE EL DIA 19 APROXIMADAMENTE A LAS 13:00 HORAS Y EL DIA DE AYER APROXIMDAMENTE A LAS 22:00 HORAS NUEVAMENTE LE PRENDIO FUEGO A LA PROPIEDAD DE LA USUARIA, POR LO QUE DESEA DENUNCIAR LA VIOLENCIA FAMILIAR Y PATRIMONIAL, ASI COMO TOMAR TERAPIA",0,0,1,0,0,0,0
20415,"LA USUARIA REFIERE MATRIMONIO DE 17 AÑOS Y ES EL CASO QUE NARRA QUE ANDA VENDIENDO UNA CASA EN COPROPIEDAD CON SU ESPOSO, Y QUE  EL DIA 25 APROXIMADAMENTE A LAS 22:00 O 23:00 HORAS, AL ESTAR EN SU DOMICILIO EL AGRESOR ANDABA TOMADO Y EMPEZARON A DISCUTIR POR EL TRAMITE DE LA VENTA Y QUE EL AGRESOR LA AMENAZO CON UN CUCHILLO, ELLA REFIERE QUE NO LE DIJO NADA, NI LE CONTESTO NADA, PERO SUS HIJOS SE DIERON CUENTA DE LA SITUACION Y LE MARCARON A SU ABUELITA, ESTO DESDE LA LABTOP, YA QUE PREVIAMENTE EL AGRESOR LES QUITO LOS CELULARES A TODOS, LA USUARIA NO DESEA DENUNCIAR, SIN EMBARGO SI SE PASA AL AREA DE JURIDICO POR DIVORCIO Y PENSION Y TOMAR TERAPIA.",0.666666666666667,0.333333333333333,0,1,0,0,0
20424,"LA USUARIA REFIERE QUE APROXIMADAMENTE A LAS 6:00 PM UBICADA EN EL DOMICILIO EL AGRESOR BAJO LOS EFECTOS DEL CRISTAL LA TUMBO EN LA CAMA Y AHORCANDOLA SUBIENDOLE LA RODILLA Y PONIENDOSELA EN LA CARA DE LA USUARIA, E INSULTANDOLA DICIENDOLE "" PUTA, NO VALES NADA, ME ENGAÑAS, ZORRA"" LA USUARIA LE DIJO QUE LO IBA A DEJAR Y EL ENOJANDOSE MAS  LA ENCERRO JUNTO CON SUS HIJA EN LA CASA POR 13 HORAS. DESEA DENUNCIAR LOS HECHOS DE VIOLENCIA, TOMAR TERAPIA PSICOLOGICA. DEMANDA DE PENSION DE ALIMENTOS, GUARDA Y CUSTODIA, SALIDA DEL DOMICILIO DEL AGRESOR",0,1,0,1,0,0.333333333333333,0
20429,"USUARIA REFIERE QUE TIENE 3 AÑOS SEPARADA DE SU EX PAREJA PERO  ESTE CONSTANETEMENTE LA AGREDE,   MENCIONA QUE EN ENERO DE ESTE AÑO  ELLA SALIO DEL DOMICILIO A TIRAR BASURA Y EL LA ARROYO CON UNA MOTOCICLETA, CONSTANTEMENTE LA ACOSA EN EL DOMICILIO,  LA AMENAZA CON MATARLA, ELLA MENCIONA QUE   HACE DOS DÍAS DECIDIÓ IRSE DEL DOMICILIO PARA BUSCAR AYUDA EN ESTADOS UNIDOS,   YA QUE MENCIONA QUE SE SIENTE ABRUMADA Y CON TEMOR POR SU VIDA YA QUE DENUNCIA Y EL SIGUE HOSTIGANDOLA,  COMENTA QUE  LLEGO EN OTRA CIUDAD Y LE DIERON RAIT A ESTA CIUDAD, EL TRAILERO  LE REALIZO TOCAMIENTO  EN LAS PIERNAS Y PECHOS,    LLEGO A ESTA CIUDAD  Y SE ENCONTRO QUE SU EX PAREJA YA ESTABA EN LA CENTRAL DE AUTOBUSES,  MENCIONA QUE LA TOMO DEL CABELLO",0,1,0,1,1,0,0
20439,"LA USUARIA MANIFIESTA QUE EL DÍA DE AYER LLEGÓ SU PAREJA APROX A LAS 22 HORAS; APARENTEMENTE BAJO LOS EJECTOS DE ALGUNA SUSTANCIA. ÉL LE RECLAMABA QUE YA NO LO QUIERE, Y SE ENOJÓ. LE DIJO ""ERES UNA ESTUPIDA, TE ODIO, OJALÁ TE MURIERAS"" Y LUEGO COMENZÓ A AVENTAR OBJETOS CONTRA EL PISO. LA USUARIA INTENTÓ CALMARLO Y LO JALÓ DEL BRAZO Y LE AVENTÓ UN ZAPATO. ÉL LE DIJO ""YA VALISTE MADRE"" Y LA AVENTÓ CONTRA LA CAMA Y SE LE FUE ENCIMA. LE ESTUVO DANDO PUÑETAZOS, SE BURLABA Y LE DIJO QUE IBA A MATARLA PORQUE LO TENÍA HARTO.  LA USUARIA LE PIDE VIA WHATSAPP A SU HERMANA QUE HABLE A LA POLICÍA. ÉL TOMÓ UN CUCHILLO PARA HERIRSE EL BRAZO. AL LUGAR LLEGÓ LA POLICÍA Y SE LLEVÓ A CABO LA DETENCIÓN. FUE PUESTO A DISPOSICIÓN DEL MP EN TURNO.",0,1,0.666666666666667,1,0,0,0
20441,"LA USUARIA DICE QUE APROXIMADAMENTE 6:00 PM UBICADA EN EL DOMICILIO EL AGRESOR BAJO LOS EFECTOS DEL CRISTAL COMENZO A PATALERLA Y TOMANDOLA DEL CUELLO FUERTEMENTE Y DANDOLE DOS CABEZASOS EN LA AREA DEL OJO Y PARTE DE LA MEJILLLA, DICIENDOLE ""ANDAS DE PUTA"" DESEA PRESENTAR DENUNCIA DE LOS HECHOS, DEMANDA DE PENSION DE  ALIMENTOS, GUARDA Y CUSTODIA. LA USUARIA DICE QUE DOS DIAS ANTES  LE AVENTO CON EL CUCHILLO SIN DARLE UNAS TIJERAS DANDOLE EN EL BRAZO IZQUIERDO.",0.333333333333333,1,0,0.666666666666667,0,0,0
20443,"LA USUARIA REFIERE QUE TIENE UN PROBLEMA QUE ES EL ESPOSO DE UNA SRA. QUE LES DEBE DINERO, DESDE HACE 3 AÑOS, REFIERE QUE LE EMBARGARON POR CULPA DE LA ESPOSA DEL AGRESOR, Y EL DIA DE AYER A LAS 15:30 A LAS 16:30 HORAS, ELLA IBA PASANDO CUANDO ESCUCHO LA DISCUSION DE LA OTRA USUARIA Y EL AGRESOR EMPEZO A AGREDIR TAMBIEN A LA USUARIA, LE DIO UN GOLPE EN EL CUELLO CON EL DORSO DE LA MANO, ELLA CAE Y SE CAE Y SE PEGA EN LA RODILLA, EL PR SE METE Y SALE CON MACHETE EN MANO, Y LAS AMENAZO, EL AGRESOR SE METIO Y YA NO SALIO DE LA CASA, POR LO QUE LA USUARIA DESEA DENUNCIAR, SE LE OFRECE EL SERVICIO DE REFUGIO PERO LO RECHAZA,",0,1,0,0.333333333333333,0,0,0
20444,"LA USUARIA REFIERE QUE SU AGRESOR SE CAMBIO A VIVIR A 2 CASAS DE SU CASA, HACE APROXIMADAMENTE 6 MESES Y DESDE ENTONCES TODOS LOS DIAS LE QUITA LA LUZ O EL AGUA, SI LA VE EN LA CALLE LA INSULTA DICIENDOLE, PUTA , MACHORRA, ME LAS VAS A PAGAR,Y ES EL CASO QUE EL DIA DE HOY APROXIMADAMENTE A LAS 16:00 O 17:00 HORAS, ACUDIO AL DOMICILIO DE LA USUARIA Y LE PATEO LA PUERTA, Y HOY A LAS 05:00 HORAS LE QUITO LA LUZ E INTENTO METERSE A LA CASA DE LA USUARIA, LE MARCO A LA PATRULLA Y SI LLEGO, PERO NO LOGRARON DETENERLO, POR LO QUE DESEA DENUNCIAR, ASI MISMO MENCIONA QUE CADA QUE SE LA TOPA LA AMENAZA CON UN CUCHILLO, Y LA AMENAZA CON QUE LA VA A MATAR, REFIERE QUE ES ADICTO A CONSUMIR CRISTAL.CASI TODOS LOS DIAS LA SUBE A FACEBOOK., POR LO QUE DESEA DENUNCIAR, SE LE OFRECE EL SERVICIO DE REFUGIO Y LO RECHAZA.",0,0,0.666666666666667,1,0,0,0
20446,"LA USUARIA MANIFIESTA QUE APROXIMADAMENTE 7:30 AM UBICADA EN SU DOMICILIO SU AGRESOR SU HIJO BAJO LOS EFECTOS DE ALGUNA DROGA COMENZO A INSULTARLA DICIENDOLE PINCHE VIEJA Y QUERERLA APUÑALARLA CON UN PICA HIELO, LA USUARIA CUBRIENDOSE CON UNA SABANA LOGRO PROTEGERSE ELLA SALIO CORRIENDO DE SU CASA DELCALZA LLAMO AL DSPM AHORITA SE ENCUENTRA DETENDIDO EN LOS TRIBUNALES DESEA PRESENTAR DENUNCIA DE LOS HECHOS. LA USUARIA MANIFIESTA QUE SE IRA A VIVIR CON SU AMIGA. SE LE OFRECE REFUGIO Y LO RECHAZA",0,0.333333333333333,0,0.333333333333333,0,0,0
20468,"LA USUARIA MANIFIESTA QUE A LAS 00:45 LLEGO AL  DOMICILIO Y ENCONTRO A SU ESPOSO COLGADO EN LA PARTE DEL CLOSET CON UN MECATE, LA USUARIA SE ASUSTO Y FUE POR UN CUCHILLO Y PARA CORTAR EL MECATE, ""YO LO HICE PORQUE ME QUIERES DEJAR"", LA USUARIA LE HABLO A SU CUÑADA, LLEGO A LA CASA Y ESTUVIERON HYABLANDO CON EL AGRESOR, EL DIA DE 08 A LAS 03:30 HORAS LA USUARIA ESTABA EN EL MISMO DOMICILIO DORMIDA PERO DE REPENTE DESPERTO Y AL NO VER A SU AGRESOR NI EL CELULAR DE ELLA, SE LEVANTO Y LO VIO CON EL CELULAR EN LA MANO Y EL PIDIO QUE DESBLOQUEARA EL CELULAR, PERO LA USUARIA SE NEGO Y LE PEDIA QUE LE DEVOLVIERA EL CELULAR Y EL TOMO UN CUCHILLO, Y LA MENAZO DICIENDOLE ""DAME LA HUELLA SI NO TE VOY A PICAR"" LA USUARIA COMENZO A LLORAR Y SE DESPERTO LA HIJA QUE TIENEN EN COMUN Y EL SE TRANQUILIZO Y DEJO EL CUCHILLO. LA USUARIA DESEA PRESENTAR DENUNCIA POR AMENZA DE MUERTE Y ASESORAMIENTO JURIDICO PARA LA GUARDA Y CUSTODIA DE SUS DOS MENORES HIJAS QUE TIENEN EN COMUN CON SU AGRESOR.",0,0,0.333333333333333,1,0,0,0
20473,"LA USUARIA REFIERE QUE EL DIA  SABADO APROXIMADAMENTE A LAS 02:00 HORAS ELLA ESTABA EN SU DOMICILIO SENTADA Y ESCUCHO QUE CAYO ALGO EN EL TECHO Y EMPEZO A OLER A TINER IBA PARA VER DONDE CALLO CUANDO DE REPENTE VIO MUCHA LUZ EN  LA RECAMARA DONDE DUERME ELLA Y ERAN LAS CORTINAS DE SU CUARTO QUEMANDOSE FUE Y LAS APAGAO CON AGUA, ARRIBA NO ENCENDIO POR QUE ESE DIA CHISPIO Y NO HAGARRO LA LUMBRE POR QUEHABIA CHARCO ARRIBA,  MENSIONA QUE ELLA FUE A COMPRAR CENA ESE DIA HORAS ANTES Y CUANDO ELLA PASO EL LE GRITO VAS A VER TE VOY A QUEMAR LA CASA Y MAS TARDE SUCEDIO ESO, REFIERE QUE EL FUE SU PAREJA POR CASI 3 AÑOS PERO SE SEPARARON Y EL SE FUE CON SU ANTIGUA PAREJA QUE VIVE ENFRENTE DE SU DOMICILIO Y DICE QUE SIEMPRE LA ESTA VIGILANDO, DESDE UN CUARTO DE ARRIBA, QUE SI ELLA SALE EL LE GRITA QUE ANDA DE PUTA , MENSIONA QUE EL LLEGO Y TRAIA UN TUBO Y LE DIJO QUE TRAIA LA TABLET DE SU MENOR HIJO DE ELLA Y QUE NO SE LA IBA A DAR ELLA LE DIJO QUE ERA DEL NIÑO QUE SE LA DIERA Y EL SE SALIO Y ARRANCO EL CABLE DE LA LUZ Y CON EL LE PEGO EN LA CARA A LA USUARIA Y LE ABRIO POR LA CEJA, DESPUES CON EL TUVO LE DIO EN EL BRAZO  ELLA COMO PUDO LO SACO Y ELLA COMO IBA A SALIR CON SU HIJA AFUERA ESTABA SU YERNO Y EL VIO Y FUE A AYUDARLA Y POR ESO EL SE RETIRO, REFIERE QUE ELLA YA HA LLAMADO A LA POLICIA Y NO LA HAN AYUDADO O NO HAN IDO A LOS LLAMADOS Y ELLA NO DUERME POR ESTAR CUIDANDO YA QUE EL VA COMO 3 VECESA POR LA MADRUGADA Y VA A GOLPER LA PUERTA O A APEDREAR LA CASA MENSIONA QUE EL ES DROGADICTO CON LA DROGA CONOCIDA COMO CRISTAL QUE ANTES DE ESTAR JUNTOS EL Y SU PAREJA ANTERIOR Y QUE SU MUJER ESTUVO EN EL CERESO PERO EL LO DEJO Y QUE AHORA NO ESTA SEGURA SI VOLVIO A LO MISMO DE ANTES",0,0.666666666666667,0.666666666666667,0.666666666666667,0,0,0
20489,"LA USUARIA DICE QUE APROXIMADAMENTE A LAS 3:00 PM UBICADA EN EL DOMICILIO EL AGRESOR QUE ES SU EXPAREJA VIBIAN EN UNION LIBRE DESDE HACE 4 MESES, EL DOTANTE DE LAS AGRESIONES FUERON POR CELOS DEL AGRESRO HACIA ELLA, COMENZO A MORDERLA, PELLIZCARLA, AHORCANDOLA, Y AMENAZANDOLA CON UNAS TIJERAS, LA USUARIA DECIA QUE LA DEJARA Y EL DECIA QUE NO QUE LE PIDIERA PERDON "" PERRA CULERA"" LA USUARIA LOGRO SALIRSE DEL DOMILICIO ELLA DESEA PRESENTRAR DENUNCIA, SE LE OFRECE REFUGIO Y LO RECHAZA SE LE BRINDA EL APOYO PARA RECOGER SUS PERTENCIAS. TOMARA TERAPIA PSICOLOGICA",0,1,0,0.666666666666667,0,0,0
20521,"USUARIA REFIERE QUE APROXIMADAMENTE A LAS 19:30 HORAS ELLA IBA CON SU PAREJA,  Y SE TOMA A EL HERMANO DE SU PAREJA Y EMPEZO A INSULTARLA DICIENDOLE QUE PERRA SE VA A ARREPENTIR, QUE EL TIENE UN CHIP RUSO QUE HACE DENUNCIAS ANONIMAS Y QUE TIENE LOS AUDIOS, SE REIA DICIENDOLO TODO ESO,  SE LE PEGABA MUCHO A ELLA PARA DEIRLE ESO
REFIERE QUE EN MUCHAS OCACIONES LA HA MOLESTADO, LA AMENZA,  ESTA MUY MAL PUES TIENE UNA ENFERMEDAD MENTAL,  Y CONSUME DROGAS, DICE QUE ELLA LE MANDA A LAS MOSCAS, A LOS OVNIS, A INTENTADO MATAR A SU MADRE, CON ANTERIORIDAD HA IDO A BUSCAR A LA USUARIA A CASA DE SU MAMA CON ESCUSA DE VERLOS PERO SIEMPRE VA PARA INSULTA Y TRATA MAL, UNA OCACION AVENTO UNA PALOMA CON LOS OJOS COSIDOS,  EL PICO AMARRADO Y CON UNA SOGA AL CUELLO, A SU PAREJA TAMBIEN LO TRATA MUY MAL LE DICE QUE LO QUIERE MATAR, USUARIA A CADA RATO CAMBIA DE TELEFONOS POR QUE SIEMPRE LE HABLABA Y MANDABA MENSAJES A LA USUARIA, Y SU PAREJA LE MANDA AUDIOS AMENAZANDO A A LA USUARIA QUE LE DIGA COSAS A ELLA QUE ES UNA PERRA BABOSA, QUE SE VA A ARREPENTIR, QUE NO VA A DESCANSAR HASTA HACERLE LA VIDA DIFICIL,  DESPUES SE JUSTIFICA DICIENDO QUE ELLOS SABEN QUE ESTA AL, QUE NO LE HAGAN CASO, PERO LOS AUDIOS SON COMO SI TUVIERA PERSONALIDADES DIFERENTES, ELLA TEME POR SU FAMILIA Y SUS HIJOS PUES COMENZO A SEGUIR A SU HIJA EN REDES",0,0.333333333333333,0,1,0,0.333333333333333,0
20539,"REFIERE USUARIA DE NOMBRE DE 33 AÑOS DE EDAD , TIENE 3 HIJOS MENORES DE EDAD, SE ENCONTRABA EN EL ANEXO DESDE MARZO, YA QUE ELLA ERA UNA PERSONA ALCOHOLICA, Y SU HIJO LE CONSIGUI EL ANEXO DONDE SE ENCONTRABA , EL DIA DE  AYER, POR LA TARDE  SE REALIZO UN OPERATIVO DEVIDO A QUE SE REALIZO UN REPORTE, POR LO QUE ACUDIERON ELEMENTOS DE LA POLICIA , Y ELLA SE ENCONTRABA EN COCINA EN EL MOMENTO DEL OPERATIVO, SUS COMPAÑERAS LE DIJERON QUE YA HERA HORA DE QUE HABLARA YA QUE ELLA SUFRIO ABUSO Y VIOLACION VIA VAGINAL POR PARTE DE SU PADRINO, A LAS DOS SEMANAS DE ENTRAR EL ABUSO DE ELLA, LA AMARRABA, LE PONIA UNA CHICHARRA Y UNAS ESPOSAS, LA HUMILLABA LA CACHETEABA , LA MORDIA EN LAS PIERNAS Y EN LOS PECHOS  , LA FORCEJEABA  Y LA AMENAZABA QUE SI DECIA ALGO EL QUE LA IBA A PAGAR ERA SU HIJO, ELLA EL DIA DE AYER LE DIJO LO QUE PASABA A UN ELEMENTO DE LA POLICIA Y LO DETUVIERON, ELLA DESEA PRESENTAR DENUNCIA ANTE MINISTERIO PUBLICO, TOMAR TERAPIA PSICOLOGICA Y SE ENCUENTRA VIVIENDO CON SU MENOR HIJO, DESCONOCE EL DOMICILIO.",0,0.666666666666667,0,1,1,1,0
20542,"LA USUARIA MANIFIESTA QUE A LAS 19:00 HORAS SE ENCONTRABA EN SU DOMICILIO EJIDO CUANDO RECIBIO UNA LLAMADA TELEFONICA DE PARTE DE UNA MUJER QUE LE DECIA QUE IBA A TENER UN HIJO DE SU ESPOSO, LA USUARIA QUEDO EN SHOCK Y DESPERTO A SU ESPOSO Y EL LE COMENZO A GRITAR ""ESTAS LOCA, SON PURAS PINCHES MENTIRAS TUYAS, CUELGA EL TELEFONO SI NO TE VOY A PARTIR TU MADRE"" COMIEZA A DARLE PUÑETAZOS EN EL ABDOMEN Y ELLA TRATABA DE CUBRISE SU ABDOMEN, PORQUE SE ENCUENTRA EMBARAZADA DE 03 MESES, LE JALO EL CABELLO, LE PEGO EN LA CARA, LA EMPUJO AL SUELO Y ELLA TOMO UNA NAVAJA PARA LAS CEJAS Y LO AGREDIO Y FUE COMO EL DEJO DE AGREDIRLA, EL LE DIJO ""YA SABES QUE EN CUALQUIER MOMENTO TE PUEDO MATAR, NADIE ME HACE NADA"". LA USUARIA HACE REFERENCIA QUE SU ESPOSO ES POLICIA DEL ESTADO Y QUE ANTERIORMENTE LA HA AGREDIDO. LA USUARIA DESEA INTERPONER UNA DENUNCIA, OBTENER UNA MEDIDA DE PROTECCION, ASESORIA JURIDICA PARA TRAMITAR SU DIVORCIO, PENSION ALIMENTICIA Y GUARDA Y CUSTODIA DEL MENOR HIJO QUE TIENE EN COMUN CON SU ESPOSO.",0,1,0,1,0,0.333333333333333,0
20552,"LA USUARIA MANIFIESTA QUE A LAS 17:30 HORAS FUE DONDE VIVIA CON SU PAREJA, CON EL QUE TIENE APROXIMADAMENTE UN MES SEPARADA, ELLA ACUDIO A RECOGER SUS COSAS PERO EL LA ENCERRO EN UN CUARTO Y LE DECIA QUE NO SE FUERA, LA AMENAZABA CON UN MACHETE Y LE DECIA ""TE VOY A MATAR O AL QUE SE META, TU NO TE VAS A IR, NO GRITES"",  ELLA QUISO GRITAR PARA PEDIR AYUDA, EL COMENZO A AHORCARLA, Y LE SEGUIA DICIENDO QUE SE CALLARA PORQUE LA IBA A MATAR, LA SEGUIA AMENAZANDO CON EL CUCHILLO Y NO LA DEJABA SALIR DEL CUARTO. ELLA YA SABIA QUE LA PODIA ENCERRAR PORQUE ANTERIORMENTE LO HA HECHO POR TAL MOTIVO LE DEJO SU CELULAR A UNO DE LOS CARGADORES Y LE DIJO QUE SI DURABA PARA SALIR QUE MARCARA A LA POLICIA, EL CARGADOR LO HIZO Y AL RATO LLEGO UNA UNIDAD Y EL LE DIJO QUE NO QUERIA QUE LO DETUVIERAN QUE NO GRITARA Y LA AMENAZABA CON EL CUCHILLO, ELLA LE DICE QUE NO LO HARA QUE LA DEJE SALIR PARA DECIRLES QUE EL YA SE HABIA IDO, SU AGRESOR ACCEDE PERO CUANDO ELLA VE LOS POLICIAS LE DICE QUE EL ESTA EN LA CASA, SE LO LLEVAN DETENIDO Y LO PONEN A DISPOSICION DEL MP DE ESTE CENTRO. LA USUARIA DESEA PRESENTAR DEUNCIA, OBTENER UNA MEDIDA DE PROTECCION Y TOMAR TERAPIA PSICOLOGICA INDIVIDUAL.",0,1,0,1,0,0,0
20556,"REFIERE USUARIA QUE EN LA MADRUGADA DEL DIA DE HOY VIERNES , ELLA SE ENCONTRABA EN LA CALLE, VENIA DE COMPRAR LECHE Y UNOS TAKIS DE LA FARMACIA, CUANDO IBA CAMIANDO Y HABLANDO CON UN AMIGO, ELLA LE IBA DICIENDO QUE TODO ESTABA BIEN , ELLA PASO POR LA ZAPATERIA Y VIO UNA MOTO NEGRA CON VERDE FOSFORECENTE, Y SE LE HISO SOSPECHOSA PERO NO LE DIJO ANDA A SU AMIGO, LA MOTO SE ESTAICONA Y LA PERSONA CAMINO HACIA ELLA, Y CUANDO ELLA LE DICE A SU AMIGO, QUE ELLA ESTABA ENTRE UNAS CALLES Y EL SEÑOR LA COMENZO A  GOLPEAR, LA AHORCO  MAS DE 5 VECES Y ELLA SE SAFABA Y SE QUERIA DAR LA VUELTA , LA AGARRO DEL CABELLO Y LE SOTABA LA CABEZA CON EL PAVIMENTO , ELLA TRATO DE ESCAPAR Y SE ESTABAN PELIANDO EN MEDIO DE LA CALLE Y ELLA GRITABA , PERO NO LA ESCUCHABA LA POLICIA, EL LE DECIA CALLATE O TE VOY A MATAR PORQUE VAS A VALER VERGA , A ELLA NO LE IMPORTABA ELLA INTENTABA ESCAPAR,, ELLA SE VOLTEO PARA LEVANTARSE Y EL LE METIO LOS DEDOS EN SUS PARTES , A ELLA LE ARDIO, EL SE LA QUERIA LLEVAR PARA LA ESTRUCTURA, ELLA SE TUMBO EN UNA BANQUETA CASI ENTRANDO POR EL CANAL, SU CABEZA SE ASOTO EN EL PISO Y EL LA GOLPEO CON LA ESQUINA DE LA BAQUETA , Y TAMBIEN EN LA CABEZA , ELLA COMENZO A VER NEGRO Y ELLA SE DESESPERO, PORQUE ESCUCHABA UN PITIDO, EN ESO PASO UN SEÑOR CANOSO EN UNA MOTO Y ELLA LE HISO SEÑAS PARA QUE VINIERA, LE GRITO AYUDA, EL SEÑOR SE DETUVO LLEGO Y EL AGRESOR COMO DE 35 AÑOS , NO LE HISO NADA AL SEÑOR, Y EL SEÑOR LE DIJO QUE SE SUBIERA, Y EL AGRESOR AGARRO SU MOTO Y SE FUE, ELLA SE FUE CON EL SEÑOR QUE LA AYUDO, Y LA DEJO CON SUS VECINOS, ELLA MARCO A LA POLICIA Y LLEGARON DOS POLICIAS , LOS  POLICIAS ENCONTRARON SU CELULAR, Y SU TIA LA LLEVO A LA CRUZ ROJA, ELLA DESEA PRESENTAR DENUNCIA ANTE MINISTERIO PUBLICO.",0,1,0,0.666666666666667,0.666666666666667,0,0
20577,"LA USUARIA MANIFIESTA QUE A LAS 10:30 HORAS SE ENCONTRABA EN SU DOMICILIO CUANDO SU PAREJA LE GRITABA ""ANDAS CON OTROS HOMBRES, PERRA, CULERA, PENDEJA PUTA, VETE DE LA VERGA, TE VOY A MATAR"", DESPUES EL COMIENZA A GOLPEARLA CON LA MANO ABIERTA EN LA CARA, DESPUES LE PEGO CON UN PALO Y UNA SILLA EN TODO EL CUERPO, LE DIO PATADAS EN EL ABDOMEN, DESPUES CON UN CUCHILLO NAVAJA Y UN MACHETE LA AGREDIO, CAUSANDOLE HERIDAS, ELLA SE SALIO DE LA CASA PERO EL LA JALO DEL CABELLO Y LA METIO, SIGUIO GOLPEANDOLA. LA USUARIA HACE MENCION QUE EL 22 EL LE DIO PUÑETAZOS Y PATADAS EN EL VIENTE CAUSANDOLE UN ABORTO A LOS 08 MESES DE GESTACION. LA USUARIA DESEA PRESENTAR DENUNCIA, OBTENER UNA MEDIDA DE PROTECCION, TOMAR TERAPIA PSICOLOGICA INDIVIDUAL Y ACEPTA EL REFUGIO.",0,1,0,0.666666666666667,0,0.333333333333333,0
20612,"LA USUARIA MANIFIESTA QUE APROXIMADAMENTE A LAS 09:00 AM UBICADA EN EL DOMICILIO EL AGRESOR QUE ES SU EXPAREJA FUE AL DOMICILIO DE LA USUARIA Y AMENZADOLA CON UN MACHETE ELLA DICE QUE SE LO IBA A PONER EN EL CUELLO PERO ELLA INTENTO PROTEGERSE Y LE DIO EN LOS DEDOS DE LA MANO OCASIONANDOLE UNA PEQUE HERIDA. EL AGRESOR LE EMPEZO A DECIR QUE EL QUERIA VER A SU HIJA "" POBRE DE TI SI ME DEMANDAS QUE ALCABO YA SE DONDE VIVE TU FAMILIA "" ELLA TEME POR SU INTEGRIDAD SEÑALA QUE EL DIA DE AYER ELLA LE PRESTO SU HIJA MENOR DE EDAD A LOS FAMILIARES DEL AGRESOR Y SE PERCATO QUE LA BEBE TRIA SANGRADO EN LA VAGINA SE CANALIZA Y PASARA AL MP, ELLA DICE QUE NO TIENE A DONDE IR A VIVIR SE LE OFRECE EL REFUGIO Y LO ACEPTA. YA QUE DICE QUE NO TIENE NINGUN FAMILIAR AQUI EN LA CIUDAD  TERAPIA PSICOLOGICA",0,1,0,0.666666666666667,0.666666666666667,0.333333333333333,0
20622,"LA USUARIA MANIFIESTA TENER 4 MESES VIVIENDO EN UNION LIBRE MAS UN MES PREVIO DE NOVIAZGO RELATA QUE EL DIA DE HOY EN LA MADRUGADA AMBOS COMENZARON A DISCUTIR SOBRE LA RELACION AL PARECER EL ESTABA DROGADO, LA ESTUVO EMPUJANDO, FORSEJEARON, LA REBOTO CONTRA LA PARED, INTENTO ASFIXIARLA, LA AMENAZO CON UN CUCHILLO Y CON UN ACHA Y DIJO QUE QUERIA MATARLA ADEMAS DE HABERLA AMARRADO. LA USUARIA YA SE FUE A OTRA CIUDAD CON SU MAMA ACUDIERON A UN CENTRO Y FUE CANALIZADA AQUI. NO SABE SI ACEPTAR EL REFUJIO O NO",0,1,0,0.666666666666667,0,0,0
20636,"LA USUARIA MANIFIESTA QUE DESDE EL DIA SABADO QUE SU PAREJA LLEGO AL DOMICILIO MUY AGRESIVO AL PARECERECER DROGADO Y  LE RECLAMO DE UNA SUPUESTA INFIDELIDAD DE ELLA Y POR ESE MOTIVO LA JALO DEL CABELLO Y LO QUEMO CON UN ENCENDEDOR  TAMBIEN SEÑALA QUE EL DIA SIGUIENTE NUEVAMNETE LA AGREDIO, NO LE PERMITIA SALIR Y LE QUEMO EN LA PIERNA Y EN LA FRENTE  HASTA EL LUNES SU PAREJA ESTABA DROGANDOSE CON CRISTAL Y CON EL FOCO.  MENCIONA QUE ELLA EN VARIAS OCASIONES  INTENTO DEFENDERSE Y AGREDIRLO PERO FUE HASTA QUE EL TUVO UN DESCUIDO Y PUDO SALIRSE . DESEA DENUNCIAR EL HECHO Y SOLICITA EL SERVICIO DEL REFUJIO",0,1,0,0.666666666666667,0,0,0
20639,"LA USUARIA DICE QUE APROXIMADAMENTE A LAS 7:40 PM UBICADA EN EL DOMICILIO, EL AGREOSR QUE ES SU EXPAREJA ARRIBO AL DOMICILIO Y SORPRENDIENDOLA CON UNAS ESPOSAS DONDE LA ESPOSO DE UNA MANO Y POSTERIORMENTE SACO UNA CHICHARRA ELECTRICA, Y LASTIMANDOLA EN EL ESTOMAGO, DESPUES EL AGRESOR LE PUSO UNOS METALES EN LA PIERNAS PARA QUE SEPARA AMBAS PIERNAS Y COMENZO A VIOLARLA POR VIA VAGINAL ELLA DESEAPRESENTAR DENUNCIA DE LOS HECHOS, SE LE OFRECE REFUGIO Y LO RECHAZA, TOMARA TERAPIA PSICOLOGICA Y PASARA A LA AREA JURIDICA PRA DEMAMNDA DE GUARDA Y CUSTODIA,PENSION DE ALIMENTOS.",0,1,0,0,1,0,0
20643,"LA USUARIA MANIFIESTA QUE EL DÍA DE AYER A LAS 15 HORAS, SE ENCONTRABA LA USUARIA EN EL DOMICILIO COMÚN CON SU HERMANO (ES MEDIO HERMANO POR SU PADRE, PERO LEGALMENTE NO TIENEN LOS MISMOS APELLIDOS PORQUE EL PADRE, NO QUISO RECONOCER A LA USUARIA), ÉL ESTABA ACTUANDO DE MANERA AGRESIVA, Y LE EXIGÍA QUE LE DIERA EL CELULAR DE LA USUARIA, ELLA SE NEGÓ Y ÉL SE ENOJÓ MÁS, ÉL HABÍA TOMADO UN CUCHILLO DE LA COCINA, CON EL CUAL LE DIJO QUE SI NO SE LO DABA, LA IBA A MATAR. POSTERIORMENTE LE TIRÓ UN GOLPE PERO NO SE LO ALCANZÓ A DAR. AL LUGAR LLEGÓ LA POLICÍA Y ÉL FUE DETENIDO Y PUESTO A DISPOSICIÓN DEL MP ADSCRITO AL CENTRO. LA USUARIA DESEA DENUNCIAR EL HECHO.",0,0.666666666666667,0,1,0,0,0
20656,"REFIERE USUARIA QUE EL DIA JUEVES A LAS 17:00 HRS DE LA TARDE ELLA SE ENCONTRABA EN UNA TIENDA, CUANDO PASO POR ELLA EL AGRESOR CON EL QUEDO DE VER A QUIEN LO IBA A CONOCER ESE DIA, AMBOS SE FUERON EN UN TAXI Y EL AGRESOR LE DIJO QUE SE SUBIERA CON EL AL TAXI Y ELLA LE DIJO QUE NO, EL LE DIJO COMO QUE NO HIJA DE TU PUTA MADRE TE VAS A SUBIR SINO VAS A VALER VERGA AQUI, ELLA SE SUBIO Y EN EL TAXI EL LE IBA DICIENDO, QUE ELLA SE SUBIO PORQUE ELLA QUERIA, ELLA LE DIJO QUE SE QUERIA BAJAR, EL LE DIJO QUE ESTUVIERA COMO SI NADA, Y EL LA ESTABA MANOSEANDO, CUANDO LLEGARON AL HOTEL, LE DIERON LA HABITACION Y ELLA SE METIO Y EL ATRAS DE ELLA, LA EMPUJO CON LOS CODOS EN LA ESPALDA A LA CAMA Y EL ESTABA ARRIBA DE ELLA Y LE DIJO QUE NO QUERIA QUE HICIERA SUS MAMADAS PORQUE SINO LE METIA LA VERGA Y AHI QUEDABA, LE LEVANTO EL VESTIDO  Y LE TAPA LOS OJOS CON LA CAMISA, LE DICE AHORA SI YA VALISTE VERGA CULERA QUERIA PENETRARLA POR ATRAS PERO LA USUARIA LUCHO PARA QUE NO LA PENETRARA POR VIA ANAL, LA PENETRO POR LA VAGINA , Y POR LA BOCA TAMBIEN  LE DECIA TRAGATELA CULERA , EL LE DECIA DIME QUE TE GUSTA PERRA,  ELLA SE VOLTEO Y ELLA LO RASGUÑO, Y A EL LE DIO CORAJE , Y LE DIJO AHORA SI VAS A VALER VERGA PERRA, LE ESTIRABA EL CABELLO MUY FUERTE , ELLA LE DIJO QUE YA LA LLEVARA A SU CASA, EL LE DIJO QUE SUS HIJOS LE VALIAN VERGA QUE ELLA ERA UNA PERRA, EL LA AVENTO AL BAÑO Y LE DECIA QUE SE BAÑARA , ELLA SE CALLO,  Y LA LEVANTO DEL CABELLO, Y LE METIA LOS DEDOS PARA LAVARGLE LA VAGINA ELLA LE DIJO QUE LA LASTIMAVA Y EL LE DIJO QUE PARA QUE NO SALIERA CON SUS MAMADAS, SE FUERON DEL MOTEL, Y SALIERON CAMINANDO, EL LE DIJO QUE LA IBA AVENTAR POR EL PUENTE , EN ESO SE ACERCO UN TAXI Y EL AGRESOR LE DIJO QUE NO SE MOVIERA , EL ESTABA HABLANDO POR TELEFONO , Y EN ESO SE ACERCO OTRO SEÑOR Y LE DIJO QUE SI LE DABA UN CIGARRO, Y ELLA LE TOMO UNA FOTO A EL Y AL TAXISTA , Y EL TAXISTA LE DIO MUY RECIO Y EL AGRESOR SALIO CORRIENDO CUANDO VIO QUE ELLA LE TOMO LA FOTO",0,1,0,0.666666666666667,1,0,0
20663,"LA USUARIA MANIFIESTA QUE APROXIMADAMENTE A LAS 03:00 AM UBICADA (NO RECUERDA CON EXACTITUD)  DICE QUE SE QUEDO DORMIDA EN LA CAMIONETA DE SU PROMETIDO (AGRESOR) Y EL BAJO LOS EFECTOS DEL ALCOHOL, COMENZO A GOLPEARLA EN LA CARA MUCHAS VECES(LA USUARIA DICE QUE PERDIO EL CONOCIEMIENTO NO RECUERDA CASI NADA) ELLA PRESENTA DENUNCIA A MINISTERIO PUBLICO, EL DIA DE LOS HECHOS FUE AL HOSPITAL Y LE DIJERON QUE TENIA UNA LESION EN EL CUELLO POR LOS GOLPES QUE EL HABIA OCASIONADO. TERAPIA PSICOLOGICA. SE LE OFRECE REFUGIO Y LO RECHAZA",0,1,0,0.666666666666667,0,0,0
20664,"LA USUARIA MANIFIESTA QUE APROXIMADAMENTE A LAS 4:30 PM UBICADA EN EL LUGAR LABORAL CUANDO EL AGRESOR QUE ES SU EXPERAJA LLEGO BAJO LOS EFECTOS DEL CRISTAL PARA EMPEZARLA A MOLESTAR DICIENDOLE "" TE VOY A MATAR "" JALANDOLE EL CABELLO Y SACANDO UNA NAVAJA, CUANDO SE PERCATO QUE VENIAN MAS PERSONAS Y SE FUE DICE LA USUARIA QUE A LOS MINUTOS ENTRO AL TRABAJO Y LE DIO UN PUÑETAZO EN LA CARA DESEA PRESENTAR DENUNCIA DE LOS HECHOS. RECHAZA EL REFUGIO. TERAPIA PSICOLOGICA",0,1,0,1,0,0,0
20665,"REFIERE USUARIA QUE EL DIA VIERNES A LAS 02:57 AM, ELLA SE ENCONTRABA FUERA DE SU DOMICILIO Y CUANDO ENTRO A LA CASA, SU ESPOSO COMENZO A PREGUNTARLE QUE DONDE ANDABA, ELLA LE DIJO PERO NO LE CRELLO, EL LA JALO HASTA EL CUARTO, Y COMENZO A ROMPERLE LA ROPA, Y EL INTRODUJO SU MANO DENTRO DE SU VAGINA, Y EL LA SOLTO UN POCO Y ELLA SALIO CORRIENDO A LA COCHERA HABLANDO A LA POLICIA, LLEGO LA UNIDAD Y EL COMENZO A TOCAR LA PUERTA DEL CUARTO DE SUS HIJOS, PIDIENDO AYUDA Y SU HIJO SOLO LE CONTESTO PUES SUERTE PAPA, EN ESO EL SE PUSO LOS TENIS Y ESPERANDO QUE ENTRARAN LOS POLICIAS PARA GOLPEARLOS, LOS POLICIAS LA LLEVARON A UN LUGAR SEGURO, HASTA EL DIA SIGUIENTE QUE ELLA HABLO CON EL Y EL LE DICE QUE EL SE SACRIFICA POR LA FAMILIA, Y EL SE FUE, ELLA DESEA PRESENTAR DENUCIA ANTE MINISTERIO PUBLICO Y ASESORIA PARA DIVORCIO.",0,1,0.333333333333333,0.666666666666667,0.666666666666667,0,0
20680,"USUARIA REFIERE QUE HACE 7 SEMANAS SU PAREJA LA JALO DEL CABELLO Y LE DIO UN FUERTE GOLPE EN LA CABEZA,  MENCIONA QUE LOS VECINOS LE HABALARON A LA POLICIA,  MENCIONA QUE LO DETUVIERON Y LO SOLTARON A UNA CUADRA, EL DIA LUNES LE PIDE HABLAR CON ELLA, LE PIDE RETOMAR LA RELACION, SE VIERON Y MENCIOANA  LE QUITO LAS LLAVES DE SU CAMIONETA Y  COMENZO A  CULPARLA DE HABER TERMINADO,  MENCIONA QUE LE QUITO SU CELULAR,  EL CELULAR SE APAGA Y EL SE MOLESTA Y LE DA UN GOLPE EN LA CABEZA, LE DA UNA PATADA EN EL CUERPO, Y LE DECIAS TE QUIERES MORIR, MIENTRAS LE SUJETABA EL CUELLO, MECIONA QUE LA JALO DEL CABELLO Y Y SE PUSO A LLORAR, COMENTA QUE  TUVIERON RELACIONES SEXUALES, LA USUARIA MENCIONA QUE ACCEDIO PORQUE TENIA MIEDO QUE EL SE PUSIERA MAS AGRESIVO,  DESPUES ELLA LE PIDIO IRSE PORQUE NECESITA TOMAR MEDICAMENTOS POR EL GOLPE DE LA CABEZA, MENCIONA QUE ELLA SE DESMAYO Y EL COMENZO A DARLE PATADAS, MENCIONA QUE DESPUES LA LLEVO A LA CAMA Y NUEVAMENTE TUVIERON RELACIONES SEXUALES,  ELLA LE INSISTE EN IRSE A CASA DE ELLA, EL SE ENOJO Y LE DICE TU QUIERES MORIRTE HOY MENCIONA QUE TOMO UN CUCHILLO  Y A ELLA LA SUJETA DEL CABELLO Y LA ARRASTRO POR LA CASA, Y LE DECIA TE VOY A MATAR, LA LEVANTA Y LA AVIENTA EN LA CAMA, Y LE PONE  EL CUCHILLO EN EL CUELLO, Y LE DECIA TE QUIERES MORIR PINCHE VIEJA MUGROSA, MARRANA, ASQUEROSA,  MENCIONA QUE DESPUES DE TRES HORAS ALGUIEN LLEGA A TOCAR LA PUERTA,  DESPUES ELLA APROVECHA PARA BUSCAR SUS LLAVES, MENCIONA QUE DE PRONTO ESCUCHA GRITOS, ELLA SALE A VER, Y ERA UN PRIMO DE ELLA, MENCIONA QUE EL LO ESTABA PATEANDO, ELLA INTERCEDE Y SU EX PAREJA DEJA IR AL PRIMO, EL LE PIDE QUE ELLA SE META,  Y VUELVEN A TENER RELACIONES SEXUALES, LA MUERDE EN LA BARBILLA, ELLA LE PIDE IR A CENAR,  PERO QUERIA IR A MATAR UNA MUJER QUE ES SOBRINA DE ELLA PORQUE EL DECIA QUE ELLA LE HABIA ROBADO, MENCIONA QUE ELLA LE DIJO QUE SE IBA A IR POR ROPA, FUE A SU CAMIONETA Y APROVECHO PARA IR SE A CASA DE SU HIJA",0,1,0.666666666666667,0.666666666666667,1,0,0
20690,"REFIERE USUARIA QUE EL DIA DE AYER APROXIMADAMENTE A LAS 08:00H ELLA ESTABA EN SU DOMICILIO CUANDO ENTRO SU HIJO Y ELLA LE DIJO QUE LE REGRTESARA LAS COSAS QUE HABIA TOMADA DE LA CASA EL LE DIJO ""QUE CHINGOS TE AGARRE PINCHE VIEJA LOCA"" ELLA LE DIJO QUE AS QUERIA SINO LE HABLARIA A UNA UNIDAD PARA QUE SE LO LLEVEN Y EL SE SALIO PERO REGRESO COMO A LA MEDIA HORA PERO ELLA YA LE HABIA HABLADO POR QUE YA SABIA QUE EL SE VA Y SIEMPRE REGRESA CASI LUEGO LUEGO,  LE DIJO LO MISMO QUE LE REGRESARA TODO Y QUE NO ESTABA VIENDO COMO ESTABAN Y EL TOMANDOLE COSAS, QUE SI NO LE DIGA DONDE ESTAN LAS COSAS PARA IR POR ELLAS, ENTONCES EL TOMO UN CUCHILLO Y MOVIA LA MANO Y LE DIJO QUE EL NO LE HABIA AGARRADO PINCHE VIEJA MIERDA, ELLA LE DIJO QUE YA LA TENIA HASTA LA MADRE QUE TODOS LOS DIAS ENTRA Y SALE DE LA CASA CUANDO QUIERE Y SOLO PARA ROBARLE LAS COSAS,  EN ESO IBAN LLEGANDO LOS POLICIAS ELLA SALIO Y SIN DAR EXPLICACIONES LES DIJO QUE SE METIERAN, SU NUERA LE GRITO QUE SE ESTABA BRINCANDO Y ELLOS CORRIERON PARA ATRAS Y FUE EN EL MOMENTO QUE LO DETUVIERON Y AL SUBIRLO A LA UNIDAD EMPEZO A GRITARLE QUE ELLA TAMBIEN DEBERIA DE ESTAR DETENIDA PORQUE TIENE A SUS HIJOS SECUESTRADOS. MENSIONA USAURIA QUE ANTES YA LA HA AMENAZADO, LA VIOLENTA, HACE UN MES LA GOLPEO CON PALOS, EN FRENTE DE SUS VECINOS,  INVENTABA  COSAS DE ELLA, LE ROBABA MERCANCIAS QUE ELLA VENDIA PARA MANTENER A SU FAMILIA PARA IR A CONSEGUIR DROGA, ELLA SE FUE DE SU CASA POR ESO COMO 8 MESES, YA QUE LA TENIA AMENAZADA DE MUERTE, EL DIA DE AYER FUE GENTE A COBRARLE DINERO QUE POR QUE SU HIJO LES DEBE Y QUE NO LES DA DROGA, Y LE APEDREARON LA CASA, NO ES LA PRIMERA VEZ QUE SUCEDE ESO",0.333333333333333,0.666666666666667,1,1,0,0,0
20698,"LA USUARIA LE PIDIO PERMISO A SU PAREJA PARA SALIR CON UNA AMIGA, ESTE SE MOLESTA Y LA GOLPEA. ELLA LE RECLAMA QUE NO HAY COMIDA PERO SI DINERO PARA QUE EL COMPRARA ALCOHOL. CUANDO SE SEPARARON AGRESOR LE SEGUIA ENVIANDO MENSAJES DICIENDOLE ""ERES UNA ZORRA, TE PUDO MAS EL DINERO, DONDE TE VEA TE VOY A GOLPEAR Y TE VOY A QUITAR AL NIÑO""",0.666666666666667,1,0,1,0,0.666666666666667,0
20726,"LA USUARIA MANIFIESTA QUE EL DIA DE AYER A LAS 11:00 PM COMIENZA A DISCUTIR CON SU PAREJA EN EL DOMICILIO DE ÈL, ELLA DICE QUE SE VA A IR, EL AGRESOR NO LA DEJA, ENTONCES ELLA SE METE AL CUARTO, SE DESVISTE PARA PONERSE LA PIJAMA Y ACOSTARSE. EL AGRESOR PLATICA CON LA MAMÀ DE LA USUARIA DESDE DICHA HORA HASTA LAS 04:00 AM, CUANDO ELLA SALE DEL CUARTO  EL AGRESOR LE QUITÒ LAS LLAVES DEL CARRO Y ELLA SE LAS PIDE Y LE DICE QUE YA SE ACUESTE PORQUE TIENE QUE TRABAJAR, ELLA SE REGRESA AL CUARTO Y A LOS 15 MIN. EL AGRESOR SE METE AL CUARTO SIENDO AGRESIVO. ÈL SE SALE DEL CUARTO Y DISCUTE CON LA MAMA DE LA USUARIA. ELLA LE QUITA LOS CELULARES QUE LE PERTENECEN AL AGRESOR Y EL DICE QUE SE IRÀ Y ELLA NO SE LO PERMITE POR MIEDO A QUE LE PASARA UN ACCIDENTE.  LA MAMA INTERVIENE Y EL AGRESOR LE DICE QUE ES UNA HIJA DE SU PUTA MADRE Y LE DICE QUE SE VAYA A LA VERGA Y AGREGA AHORA SI CULERA VETE DE MI CASA. ELLA SE QUEDÒ CALLADA PARA NO HACER EL PROBLEMA MÀS GRANDE Y EL COMENZÒ A LLORAR. CUANDO  LA MAMÀ DE LA USUARIA Y ELLA SE FUERON A ACOSTAR JUNTO CON SU HIJA DE DOS AÑOS. ELLA DESPUES SE SALE Y EL LE DIJO TE VOY A CONTAR HASTA TRES PARA QUE ME DES MIS COSAS, EL TRAIA UN ARMA LA USUARIA REFIERE QUE SE LLAMA CORTA HUESOS, Y LE PEGA A LA USUARIA CON DICHO OBJETO EN EL BRAZO.  EL LAS CORRE DICIENDO VAYANSE A LA VERGA DE MI CASA Y CUANDO LA MAMA DE LA USUARIA SE LEVANTA EL LA EMPUJA A LA CAMA Y COMIENZA A PEGARLE A LA SEÑORA CON LA MISMA ARMA, LA USUARIA LA QUISO DEFENDER Y EL EMPEZÒ A PEGARLES CON PUÑETAZOS. LOS TRES FORCEJEAN Y SE CAEN Y HASTA QUE ELLA HABLA A LA POLICIA EL AGRESOR DEJA DE GOLPEAR E INTENTA QUITARLE EL CELULAR. DESPUES EL AGRESOR EMPIEZA A PATALEAR A LA USUARIA. ÈL SE DISTRAE Y ELLA INTENTÒ SALIR Y EL LA REGRESÒ JALANDOLE EL PELO Y LE DIJO TE CREES MUY VERGA HIJA DE TU PUTA MADRE Y LA EMPUJÒ AFUERA DE LA CASA DEJANDO A SU MAMA Y A SU HIJA ADENTRO.",0,1,0.333333333333333,1,0,0.333333333333333,0
20727,"LA USUARIA RELATA QUE APROXIMADAMENTE A LAS 3:00 PM ,FUERA DEL DOMICILIO,EL AGRESOR COMENZO A DISCUTIR CON LA USUARIA POR UN MACHETE QUE EL AGRESOR LE PRESTO A  EL CUÑADO DE LA USUARIA, EL AGRESOR COMENZO A DISCUTIR CON EL CUÑADO DE LA USUARIA, COMENZARON A PELEAR Y EL AGRESOR LE TIRO MACHETAZOS A EL CUÑADO DE LA USURIA,ELLA LOS QUISO SEPARAR Y  EL AGRESOR LE LESIONO LOS DEDOS  CON DICHO MACHETE, LOS AMENAZA CONSTANTEMENTE  DICIENDOLES QUE ""VAN A VALIR MADRE. EL AGRESOR ANTERIORMENTE YA CUENTA CON UNA DENUNCIA POR VIOLENCIA.",0,1,0,1,0,0.333333333333333,0
20733,"LLEGAMOS AL DOMICILIO, AL ENTRAR AGRESOR EMPEZO A DECIRME ""ERES UNA PUTA, ERES BIEN MENTIROSA, TE VOY A MATAR, ME LAS VAS A PAGAR, DE AQUI NO VAS A SALIR VIVA"" SE ACERCO Y ME MORDIO LA BARBILLA DEL LADO DERECHO, CON EL PUÑO ME GOLPEO LA NARIZ. ME ESTIRABA EL PELO, MIENTRAS SEGUIA DICIENDOME QUE ME IBA A MATAR, SE TRANQUILIZO Y ME ACOSTO, MIS HIJOS LE HABLARON A LA POLICIA. EL AGRESOR ME DIJO ""SI ALGUIEN ENTRA TE VOY A TRONAR EL CUELLO"", ME TUVO ACOSTADA APROXIMADAMENTE 2 HORAS HASTA QUE LLEGO LA POLICIA, AL VERLOS ME TOMO DEL CUELLO CON SU BRAZO, LOGRE SOLTARME UN MOMENTO PERO VOLVIO A TOMARME DEL CUELLO CON SU BRAZO, PERDI EL CONOCIMIENTO UN MOMENTO, DESPERTE CUANDO MI HIJA DE 10 AÑOS ME JALO DE LA BLUSA, VI QUE LOS OFICIALES LO ESTABAN ESPOSANDO.",0,1,0,1,0,0.333333333333333,0
20738,"REFIERE USUARIA QUE APROXIMADAMENTE A LAS 04:30H ELLA ESTABA EN SU DOMICILIO PARA HACER GORDITAS PARA VENDER Y SU ESPSO FUE A COMPRAR MAS Y AL REGRESAR LLEGO CON UN MACHETE Y EMPEZO A AMENAZARLA DICIENDO QUE AHORITA YA LOS IBA A MATAR Y SE LOS HIBA  LLEVAR LA CHINGADA LO HIZO PARA ATRAS YA PARA PEGARLE PERO SU HIJA SE LEVANTO Y LA USUARIA TRATO DE QUITARLE AHI MIENTRAS EL SE DETUVO AL VER A SU HIJA,  REFIERE QUE TENIA VARIOS DIAS SEGUIDOS QUE SE ESTABA DROGANDO, LOGRO QUITARSELO Y EL SOLO LA MIRABA CON OJOS DE FURIA,MENCIONA QUE DIAS ANTES EL IBA AL BAÑO Y SACABA LOS PAELES SUCIOS PARA OLERLOS Y ABRIRLOS Y DECIA QUE ELLA TENIA RELACIONES Y SE LIMBIABA CON ESOS, LE DECIA QUE ELLA SE ACOSTABA CON OTROS HOMBRES, Y LA GRABABA HACIENDO COSDAS NORMALES EN A CASA Y EL DECIA QUE TENIA VIDEOS DE ELLA ACOSTANDOSE CON SU SOBRINO QUE EL ERA SU AMANTE Y DEMAS COSAS, LA INSULTA DICIENDOLE QUE VALIA MADRE, QUE ERA UNA PUTA, QUE TENIA MUCHOS HOMBRES Y DEMAS DEL 13 AL DIA 15 TODO SE TORNO PEOR, FUERON PROBLEMAS DIARIOS EL SE VOLVIO PARANOHICO, DICIENDO QUE VEIA MUCHOS HOMBRES CON ELLA Y QUE LA ESTABAN ESPERANDO EN LA ESQUINA LA FORZABA TENER RELACIONES SEXUALES Y LA GRAVO SIN SU CONSENTIMIENTO Y DESPUES LE ENSEÑABA EL VIDEO Y SE BURLABA  ELLA PIDIO AYUDA Y LA ACOGIERON HASTA EL DIA DE HOY QUE PIDE AYUDA PARA DENUNCIARLO, NO SE LE OFRESE REFUGIO YA QUE SE ENCUENTRA EN UNO",0,1,0,1,1,0,0
20750,"LA USUARIA MANIFIESTA QUE APROXIMADAMENTE A LAS 13:00 HORAS, ELLA TENIA DIAS QUEDANDOSE EN CASA DE SU MAMÁ, PORQUE EL DOMINGO YA HABIA TENIDO UN PROBLEMA DE GOLPES Y AGRESIONES POR PARTE DEL AGRESOR, YA QUE DICE QUE DESDE HACE 15 AÑOS ELLA NO HA SIDO FELIZ, PORQUE SIEMPRE VIVE CON MIEDO POR EL ACECHO DEL SEÑOR YA QUE LA PERSIGUE, LA HOSTIGA, Y QUE ADEMÁS NO MANTIENE A SUS HIJOS, EL SE DROGA Y YA ANDA EN UN ESTADO EN DONDE ELLA TIENE MIEDO QUE LE HAGA ALGO, EL DIA DE HOY AL SALIR EN SU HORARIO DE COMER VA A SU CASA POR UNAS COSAS QUE NECESITABA YA QUE SE QUEDA CON SU MAMÁ, PERO SE ENCONTRO AHI AL SEÑOR, QUIEN AL VERLA, LE ESTIRA LOS CABELLOS PARA QUE NO SALGA, Y LE EMPIEZA A QUITAR LA ROPA ELLA SE RESISTE, Y ESTE SOLO LE QUITA EL PANTALON Y LE DICE QUE SE SAQUE LOS TENIS, Y LE BAJA LA PANTALETA, LA AVIENTA A LA CAMA Y LA SOMETE POR AMBOS BRAZOS, LA PENETRA ELLA SENTIA DOLOR Y LE GRITA QUE SE QUITE, A SU ALCANCE ESTABA UN CONTROL O UN CEPILLO Y LE DA PERO NO ES FUERTE EL GOLPE Y SIGUE ENCIMA DE ELLA, HASTA QUE DICE ELLA EL TERMINA, Y SE RECUESTA DE QUE YA ACABO, ELLA LE DICE QUE YA ES TARDE PARA VOLVER A SU TRABAJO PORQUE YA PASO SU HORA DE COMIDA, Y EMPIEZA A VESTIRSE SIN LAVARSE SIN NADA. LA USUARIA DICE QUE ELLA YA ESTA HARTA DE VIVIR VIOLENCIA DE QUE ESTE SEÑOR SE LE ANTOJE Y VIOLE SU PRIVACIDAD YA QUE ENTRA A SU CASA COMO SI NADA, QUE HA PUESTO VARIOS DENUNCIAS Y QUE NUNCA HAN PROSPÉRADO. LA USUARIA PRESENTA DENUNCIA.",1,1,0.666666666666667,1,1,0.333333333333333,0
20757,"LA USUARIA MANIFIESTA QUE ELLA SOLÍA TENER UNA RELACIÓN EN UNIÓN LIBRE. ES EL CASO QUE EL DÍA 2 A LAS 2AM, DENTRO DE SU DOMICILIO COMÚN, LLEGÓ SU ENTONCES PAREJA EN APARENTE ESTADO DE EBRIEDAD, DICIÉNDOLE QUE YA LO TENÍA HARTO, QUE YA NO LA QUERÍA AHÍ, LA MORDIÓ Y LE ROMPIÓ UNA BOTELLA DE CERVEZA EN LA CABEZA,. LUEGO ÉL SE COMUNICA CON LA FAMILIA DE ELLA PARA QUE YA FUERAN A RECOGERLA, LLEGA SU HERMANO, Y ENTABLAN UNA DISCUSIÓN Y ENTONCES SU AHORA EX PAREJA TOMA UN CUCHILLO, LA USUARIA INTENTA DEFENDER A SU HERMANO Y ÉL LE ENCAJA EL CUCHILLO A LA ALTURA DEL ABDOMEN  Y LESIONA A SU HERMANO EN EL ANTEBRAZO CON EL MISMO CUCHILLO Y LUEGO SE VA. UNOS VECINOS DEL LUGAR MARCARON A LA AMBULANCIA, LA USUARIA TUVO QUE SER OPERADA YA QUE ÉL LE HABÍA PERFORADO EL APÉNDICE E INTESTINO DELGADO, Y ASU HERMANO LO SUTURARON. LA USUARIA DESEA DENUNCIAR EL HECHO.",0,1,0,1,0,0,0
20775,"USUARIA REFIERE QUE EL SABADO A LAS 9:00PM APROXIMADAMENTE, ELLA SE ENCONTRABA JUNTO CON SU FAMILIA EN LA COCHERA DE SU CASA, CUANDO SU EX YERNO, LA EX PAREJA DE SU HIJA MAYOR, LLEGO AMENAZANDO "" LES VA A CARGAR LA CHINGADA SI NO ME DICEN DONDE ESTA"", APUNTANDO CON UNA PISTOLA A TODOS,  EMPUJANDO A LA USUARIA, ELLA COMENTA QUE SU HIJA SE FUE A OTRO ESTADO PARA HUIR DE EL. Y LE DEJO A CARGO A SUS HIJOS A ELLA. HACE REFERENCIA QUE EL AGRESOR ES HONDUREÑO Y SE DEDICA A CRUZAR GENTE POR LA FRONTERA, ADEMAS DE CONSUMIR SUSTANCIAS. ELLA CREE QUE EL AGRESOR POSIBLEMENTE ESTABA BAJO LOS EFECTOS DE ALGUNA SUSTANCIA.  SE LE OFRECE EL REFUGIO PERO LO RECHAZA. DESEA DENUNCIAR LOS HECHOS.",0,0.666666666666667,0,1,0,0,0
20777,"LA USUARIA MANIFIESTA QUE APROXIMADAMENTE  A LAS 12:00 AM UBICADA EN EL DOMICILIO. EL AGRESOR QUE ES SU ESPOSO BAJO LOS EFECTOS DE LA DROGA (CRISTAL) ESTABA CON LA USUARIA Y EL COMENZO A PONERSE VIOLENTO YA QUE DICE QUE LA USUARIA TIENE OTRA PAREJA Y TUMBANDOLE EL CELULAR (ESTRELLANDOLO), APRETANDOLA Y ESTREJIANDOLA DE LOS BRAZOS DICIENDOLE "" DIME CON QUIEN ANDAS"" POSTERIORMENTE EL AGRESOR SE FUE A ABAJO DE LA CAMA TOMANDO UN CUCHILLO Y DICIENDOLE DESDE ABAJO DE LA CAMA APUNTANDOLA CON LA ARMA BLANCA Y GRITANDO "" TE VOY A MATAR"" ELLA DICE QUE LLAMO AL DSPSM PERO NUNCA LLEGARON DESEA PRESENTAR DENUNCIA DE LOS HECHOS DEMANDA DE DIVORCIO Y PENSION DE ALIMENTOS, DICE QUE HACE 04 MESES TUBO OTRO HIJO DE EL PERO NO LO REGISTRO CON LOS APELLIDOS DEL AGRESOR SE LE EXPLICA QUE TIENE QUE IR A LA OFICIALIA Y CON DOCUMENTOS DEL AGRESOR PARA QUE LE CAMBIE LOS APELLIDOS DE SU HIJO. TOMARA TERAPIA PSICOLOGICA. RECHAZA EL REFUGIO DICE QUE SE ESTA QUEDANDO EN LA CASA DE LA MADRE.",0.666666666666667,0.666666666666667,1,1,0,0.333333333333333,0
20792,"REFIERE USUARIA QUE APROXIMADAMNETE A LAS  20:00H ELLA ESTABA ES SU DOMICILIO CON SU NOVIO Y UNA AMIGA CUANDO LLEGO UN MUCHACHO QUE ESTA OBSESIONADO CON ELLA Y DICIENDOLE QUE SU PAPA DE LA USUARIA  LE DIJO QUE QUERIA QUE ESTUVIERAN JUNTOS Y YA VENIA PARA ACA, QUE SE QUEDARAN SOLOS, ELLA LE DIJO QUE NO  Y SE QUISO METER Y ELLA LE CERRO A LA PUERTA Y SU NOVIO SE DIO CUENTA Y LO CORRIO PERO SEGUIA AFUERA PATEANDO LA PUERTA LE HABLARON A LA POLICIA PERO NO LLEGO Y EL SE FUE, SEGUIA MANDANDOLE MENSAJES Y LLAMADAS QUE NO LE CONTESTABAN PERO COMO SEGIA SU NOVO LE CONTESTO Y SE DIO CUENTA QUE ERA EL PAPA DE LA USUARIA Y EMPEZO A GRITARLE DE COSAS Y LA USUARIA LE CONTSTA Y LE DICE QUE LE TRAIGA A SU HIJO PUES EL DIA SABADO SE LO HABIA LLEVADO Y LE DIJO QUE EL DOMINGO EN LA TARDE SE LO LLEVARIA EL PAPA LE DICE QUE SU HIJO NO SE LO DARA, ELLA LE HABLA A SU HERMANO Y SE DIRIGE A CASA DE SU PAPA LLEGAN LOS DOS Y CUNDO LLEGAN ESTABA LA PAREJA DE SU PAPA CON EL NIÑO Y ELLA INTENTA TOMAR A SU HIJO Y NO SE LO QUIERE DAR Y EL PAPA TOMA UN CUCHILLO Y LE DICE QUE NO SE LO VA A LLEVAR QUE SE IRA PARA EL EL CENTRO DE ATENCION QUE NO MERECIA TENER UN NIÑO, SU HERMANO SE METIO E INTENTA QUITARLE EL CUCHILLO CON ELLA Y LA AMIGA DE ELLA INTENTA QUITARLE A SU HIJO DE LA USUARIA, LOGRAN METER AL PAPA AL PATIO Y LA SEÑORA  FUERA PARA QUITARLE AL NIÑO LA SEÑORA LE DECIA QUE EL NIÑO SE IBA A MORIR, QUE NO SERIA DE ELLA NI DE LA USUARA, SE IBAN A SUBIR A UN CARRO Y EN ESO SALIO EL PAPA LA TOMO DEL BRAZO LA JALO DEL CARRO Y SE SALIO Y CAYO CON TODO Y NIÑO, INTENTA APUÑALERLE EL BRAZO PERO SU HERMANO LO DETIENE Y CORREN, TRAS DE OTROS CARROS, EL PAPA EMPIEZA A GRITAR QUE QUIERE MATAR A LA USUARIA  Y LA CORRETEA EN EN ESO LLEGA LA POLICIA Y EL SEÑOR  AUN GRITABA QUE LA QUERIA MATAR CON CUCHILLO, REFIERE USUARIA QUE EL MUCHACHO QUE FUE CON ELLA LE DIJO A SU PAPA QUE ELLA ANDABA DE PUTA POR QUE NO QUERIA ANDAR CON EL, Y LE DIJO QUE ANDABA PROSTITULLENDOSE, Y SU PAPA LE CREYO A EL",0,1,0.333333333333333,1,0,0.666666666666667,0
20839,"LA USUARIA REFIERE QUE A LA 1 P.M ESTABAN EN EL DOMICILIO  FAMILIAR, CUANDO SU ESPOSO ESTANDO EN ESTADO DE EBRIEDAD LA AGREDIÓ FÍSICAMENTE CUANDO SE FUE LA AGARRO DEL CABELLO. LA AVENTÓ AL SILLÓN Y LE APRETÓ DE LA CARA Y DEL CUELLO CON LAS YEMAS DE LOS DEDOS, LA AGREDIÓ VERBALMENTE DICIÉNDOLE ""ERES UNA PUTA"" LA USUARIA COMENTA QUE LE BAJO EL PANTALÓN Y LE PUSO UN ESPEJO EN SU PARTE INTIMA PARA QUE SE VIERA Y LE GRITABA ""MIRA COMO TE DEJARON DE AGUJERADA ESOS HOMBRES"" E INTENTO OBLIGARLA A TENER RELACIONES SEXUALES, ELLA SALIO DE LA CASA Y NO REGRESO, EL SIEMPRE LE SALE EN EL MONTE Y LA ESTRUJA Y ELLA TUVO QUE DEJAR SU TRABAJO, DESEA PRESENTAR DENUNCIA Y TERAPIA PSICOLÓGICA.",0,1,0,1,0.666666666666667,0,0
20867,"LA USUARIA REFIERE QUE SU EX PAREJA APROXIMADAMENTE DESDE LAS 4 PM COMENZARON LAS AGRESIONES VERBALES POR CELOS, DONDE LE  DIJO ""ME DAS ASCO "" ERES UNA PUTA ""  EL SACO UNA NAVAJA QUE TENIA ESCONDIDA EN EL SILLON Y REFIERE LA USUARIA QUE LE EMPEZO A DECIR "" TE VOY AMARRAR Y TE VOY A QUEMAR Y TE VOY A DAR EN LA MADRE ""A MI NO ME  GUSTAN LAS PISTOLAS ME GUSTAN LOS CUCHILLOS ""Y ANTES DE QUE ME AGARREN ME VOY A MATAR ""  LA CORRIO DEL CASA  LE PIDIO EL CELULAR Y LE DIJO ASI COMO LLEGASTE SIN TELEFONO ASI TE VAS A IR "" EMPEZARON A FORCEJEAR PORQUE EL SE LO QUERIA QUITAR , EL CERRO LA PUERTA PERO ELLA SABIA DONDE ESTABAN LAS LLAVES Y SALIO PARA PEDIR AYUDA Y PEDIR UNA PATRULLA , LA USUARIA COMENTA QUE TEME POR SU INTEGRIDA PORQUE EL ES ADICTO A LAS DROGAS (CRISTAL )  DESEA LEVANTAR DENUNCIA POR VIOLENCIA Y ROBO DEL TELEFONO",0,1,1,1,0,0,0
20868,"LA USUARIA REFIERE QUE EN SU DOMICLIO FAMILIAR SU PAREJA APROXIMADAMENTE A LA 1 AM QUE LLEGO AL DOMICILIO EN ESTADO DE EBRIEDAD Y BAJO EL EFECTO DE LA DROGA ( COCAINA) COMENZO AGREDIRLA VERBALMENTE DICIENDOLE ERES UNA PUTA "" QUIERO QUE TE LARGES YA DE MI CASA "" YO PAGO LA RENTA "" DESPUES COMENZO AGREDIRLA FISICAMENTE CON PUÑETAZOS EN LA CARA ( OJOS , NARIZ Y BOCA) TAMBIEN LA SOFOCO DE UN GOLPE QUE LE DIO EN EL PECHO. LA JALO DEL CABELLO Y COMENZO EXTRANGULARLA , LA USUARIUA REFIERE QUE EL AGRESOR ESTABA ACOMPAÑADO DE UN ACOMPAÑANTE QUIEN LA SOSTUBO PARA QUE SU PAREJA LA SIGUIERA AGREDIENDO , LA HIJA DE LA VICTIMA DE 11 AÑOS SALIO CORRIENDO A PEDIR AYUDA A LA MAMA DE LA VICTIMA A QUIEN TAMBIEN AGEDIO EL AGRESOR , DESPUES  LLEGO LA PATRULL A PERO EL SALIO CORRIENDO , AUN ASI LO ENCONTRARON Y SE ENCUENTRA DETENIDO , LA USUARIA DESEA LEVANTAR DENUNCIA POR VIOLENCIA",0,1,0,1,0,1,0
20870,"LA USUARIA REFIERE QUE EN SU DOMILCIO FAMILIAR ,SU PAREJA  APROXIMADAMENTE ALAS 10 AM EL AGRESOR LE DIJO QUE FUERAN A EMPEZAR UNAS COSAS PARA IR ALMORZAR, ELLA SE METIO A BAÑAR Y EL LE EMPEZO A GRITAR QUE HACE MUCHA PACHORRA QUE NO LA AYUDA, DESPUES ELLA LE DICE "" YA HABREME LA PUERTA PARA IRME "" DESPUES EL AGARRO UN CUCHILLO Y  EMPEZO A ROMPER EL VESTIDO Y LE DIJO "" SI  NOS QUITAN  A LOS NIÑOS ASI TE VOY HACER "" DESPUES EL LE PIEDO EL TELEFONO Y ELLA NO SE LO QUIZO DAR, ELLA SE ACERCO A UNA VENTANA Y EL LA GARRO DEL CABELLO, LA EMPEZO A AHORCAR  Y LE  DIO UN PUÑETAZO EN LA NARIZ ( TRAE HERIDA)  DESPUES ELLA LE PIEDO QUE LE ABRIERA LA PUERTA QUE LOS NIÑOS ESTABAN LLORANDO Y ESTABAN ASUSTADOS, EL LE ABRIO Y ELLA SE SALIO CON LOS NIÑOS PARA PEDIRLE AYUDA A SU PAPA LE LLAMO DE UN TELEFONO PUBLICO , EL PAPA  LLEGO Y LA AYUDO PERO EL AGRESOR LA SIGUIO PIEDIENDOLE QUE REGERSARAN , EL PAPA DE LA VICTIMA LE PIDIO QUE YA LA DEJARA DE MOLESTAR , EL AGRESOR NO LA  DEJO SACAR  NADA DE LA CASA . DESEA LEVANTAR DENUNCIA POR VIOLENCIA , POR AMENAZAS Y POR LE ROBO DE SU TELEFONO , DESEA ASEORIA PARA GUARDIA Y CUSTODIA DE LOS MENORES Y ASESORIA PARA DEMANDA  DE PESNION DE ALIMENTOS",0.666666666666667,1,1,0.666666666666667,0,0,0
20875,"LA USUARIA  REFIERE QUE EN SU DOMILILIO FAMILIAR SU PAREJA LA AGREDIO EL ESTABA TOMADO "" LE ENCAJO LA LLAVE DE LA CASA EN LA NARIZ "" LE DIO UNA CACHETADA ""  Y LA  AVENTO  A CAMA Y LA EMPEZO A EXTRANGULAR "" LA AGREDIO VEBALMENTE DICENDOLE ""ERES UNA PENDEJA "" ERES BIEN CULERA "" ERES LA PEOR MUJERES"" ERES UN INUTIL ""  LA CULPA QUE POR ESO EL LE PEGA "" REFERE LA USUARIA QUE ESE DIA ESTA TOMADO , LA AMENAZA DIENDOLE QUE SI LO DETIENE EL SALE RAPIDO PORQUE TIENE MUCHOS CONOCIDOS Y CON ESO LA AMENAZA, EL DIA DE HOY A LAS 7 AM EL SE LEVANTO PARA IRSE A TRABAJAR ELLA LA EMPEZO AGREDIR VERBALMENTE ERES UNA CULERA "" ERES UNA PUTA "" VALES MIERDA "" ERES UNA PENDEJA ""  ELLA SE CAMBIO Y SE FUE A LA TIENDA A COMRAR CERILLOS EL SE FUE Y ELLA SE VINO A PONER LA DENUCIA",0,1,0,1,0,0,0
20876,"LA USRIA REFIERE QUE SU ESPOSO LA AGREDIO EN EL MES DE ABRIL LA AGARRO DE LAS GREÑAS LA AVENTO AL SILLON Y LE DIO UNA CACHETADA  LA AMENAZO DE MUERTE LA USURIA REFIERE QUE SIEMPRE LA AMENAZA DICIENDOLE YA SE LO QUE ES ESTAR ADENTRO "" HOY APROIXMAMENTE A LA  1 PM EN SU DOMICILIO FAMILIAR CUANDO ELLA SE DIRIJIA  A SU TRABAJO, EL LA AGREDIO VERBALMNETE DICIENDOLE ""HIJA DE TU PUTA MADRE"" PINCHE PERRA MALDITA""  VETE COMO PUEDAS PERRA"" SI TE QUIERES VENIR EN LA NOCHE VENTE COMO PUEDAS HIJA DE TU PUTA MADERE"" CUANDO TE LLEVES A LA NIÑA TE VOY A MATAR A LA VERGA "" DESPUES EL LE AVENTO UNAS PINZAS PERO ELLA SE AGACHO Y LE PEGO AL VIDRIO DE L PUERTA Y LO ROMPIO , LA USUARIA TEME POR SU INTEGRIDA YA QUE SU ESPOSO YA ESTUBO PRESO 4 MESES EN EL CERESO POR AGREDIR  FISICAMENTE A UNA AMANTE QUE LE TENIA Y ELLA TEME POR SU INTEGRIDAD ELLA TAMBIEN DESEA ASESORIA JURIDICA PARA TRAMITRA EL DIVORCIO, ELLA REFIERE QUE EL NO TRABAJA SOLO ES ADICTO AL CRISTAL Y SU HIJA Y SUS HIJOS TAMBINE YA TEMEN QUE LE HAGA ALGO",0.333333333333333,0.666666666666667,0.333333333333333,0.666666666666667,0,0,0
20877,"LA USUARIA REFIERE QUE SU EX PAREJA EL SABADO SE METIO A SU CASA Y SE ROBO UN TELEFONO Y EL LE ROMPIO UNA PANTALLA Y HOY SE METIO OTRA VEZ Y LE ROBO UN TELEFONO Y UNOS TENIS DE SU HIJO MAS CHICO, ELLA REFIERE QUE SE SEPARO DE EL PORQUE EL ES ADICTO AL CRITAL Y LO ANEXARON, ELLA QUIERE DENUNCIAR Y MEDIDA DE PROTECCION YA QUE REFIERE QUE TAMBIEN LA AMENAZO LE DIJO"" TE VOY A MATAR PERO PRIMERO TE VOY HACER SUFRIR CON LO QUE MAS QUIERES Y LUEGO ME MATO """,0,0,1,1,0,0,0
20888,"LA USUARIA REFIERE QUE APROXIMADAMENTE  A LAS 10 PM SU PAREJA LLEGO TARDE Y LLEGO TOMADO ELLA SE MOLESTO Y LE DIJO QUE EL NO IBA  A CAMBIAR Y EL LE DECIA CALLATE A LA VERGA "" QUIEN TE VA A ESCUCHAR "" SIGUELE CAGANDO LA VERGA Y TE VOY  A MATAR ""  EMPEZARON A  FORCEJEAR Y LA RAZGUÑO LE DIO UN PUÑETAZO EN LA ESPALDA ,  EL LA AVENTO  A LA CAMA DESPUES EL LE DIJO QUE LE HICERA DE CENAR Y ELLA ACCEDIO PARA NO HACERLO ENOJAR , DESPUES EL AGARRO UN CUCHILLO Y EMPEZO A INTIMIDARLA, DESPUES ELLA INTENTO BRINCARSE POR UN AVENTANA PERO EL LA AGARRO DEL CABELLO Y LA REGRESO Y LA EMPEZO AHORCAR , EL LE ENCAJO UN CUCHILLO EN LA PIERNA PERO ELLA NO SINTIO NADA HASTA QUE SE VIO TODA LA SANGRE , UNA VECINA ESCUCHO Y LLAMO A LA PATRULLA Y SE LO LLEVARON DETENIDO , LA USUARIA REFIERE QUE ELLA TIENE MIEDO PORQUE EL YA ESTUBO EN EL CERESO POR HOMICIDIO",0,0.666666666666667,0,0.666666666666667,0,0,0
20893,"LA USUARIA REFIERE QUE SU ESPOSO LA AGREDE CONSTANTEMENTE PSICOLOGICA POR MEDIO ME MENSAJES PORQUE EL TRABAJA DE TRAILERO EN OTRA CIUDAD , Y LE MANDA MENSAJES AMENAZANDOLA ""DICIENDOLE QUE SI LO ENGAÑA LA VA A MATAR "" TAMBIEN REFIERE QUE  EL LE RECLAMA Y LE REFIERE EL DINERO TAMBIEN  SE LO LIMITA Y ELLA TIENE QUE HACERLE CUENTAS DE TODO LO QUE ELLA GASTA Y COMPRA, NO SE PUEDE COMPRAR NADA QUE EL NO DIGA, LA USUARIA REFIERE QUE LA CORRE DE LA CASA DICENDOLE ""VETE DE LA PUTA CASA ES MI CASA ""  TODO LO QUE HAY AQUI ES MIO TODO LO QUE HAY EN ESTA CASA ES MIO YO ME CHINGUE POR TODO "" TAMBIEN ESE DIA LA AGREDIO FISICAMENTE EN LA CABEZA CONTRA EL SUELO Y LA AVENTO A LA CAMA Y LA EMPEZO AHORCAR, LLAMARON A UNA PATRULLA Y LE DIO UN FOLIO PERO ELLA NO LEVATO DENUNCIA ,   LA USUARIA REFIERE QUE EL LA SACA DE LA CASA Y LA DEJA AFUERA, TAMBIEN REFIERE QUE ELLA DESCUBRIO QUE EL TIENE OTRA MUJER Y EL YA LE RECONOCIO ESO.",1,0.666666666666667,0.666666666666667,1,0,0,0
20897,"LA USUARIA MANIFIESTA QUE EL DÍA DE AYER A LAS 14 HORAS ACUDIÓ SU EX PAREJA PADRE DE SUS HIJOS A BUSCARLA A CASA DE SU MADRE DONDE ELLA ESTÁ VIVIENDO, LA USUARIA PUDO PERCATARSE QUE ÉL ESTABA BAJO LOS EFECTOS APARENTEMENTE DEL ALCOHOL POR LO QUE OPTÓ POR NO SALIR, LUEGO ESCUCHÓ LO QUE PARECIERON SER UNAS DETONACIONES, POSTERIORMENTE SE DIO CUENTA QUE LE HABÍA DISPARADO AL CARRO DE LA MAMÁ DE LA USUARIA, LUEGO SE MARCHA EN SU VEHÍCULO. UNAS HORAS MÁS TARDE, INTENTÓ INGRESAR A LA CASA PERO NO PUDO, YA QUE LA USUARIA HABÍA PUESTO LLAVE. TIRÓ LOS VIDRIOS DEL CARRO Y METIÓ UN SOPLETE ENCENDIDO Y SE MARCHÓ CUANDO EL CARRO SE ESTABA INCENDIANDO.  LA USUARIA TEME POR SU SEGURIDAD POR TANTO SOLICITA EL REFUGIO, DENUNCIAR LOS HECHOS Y LA CUSTODIA DE SUS MENORES HIJOS.",0,0,0.666666666666667,0.666666666666667,0,0.333333333333333,0
20900,"LA USUARIA REFIERE QUE EN EL DOMICILIO APROXIMADAMENTE A LAS 4 PM  SU PADRE TUVO UNA DISCUCION CON SU HERMANO Y SE PUESO MUY AGRESIVO, DESPUES ELLA INTENTO TRANQUILIZARLO Y ELLA SE FUE A VER UNA PELICULA, DESPUES SU PAPA SIGUIO AGREDIENDOLA , FUE Y PATIO UN ESTANTE Y DESPUES COMENZO AGREDIRLA VERBALMENTE DIECIENDOLE  "" ERES UNA CULERA "" TE VALE MADRE "" PENDEJA "" TE VOY A ECHAR A UNAS VIEJAS PARA QUE TE GOLPIEN "" LA USUARIA REFIERE VIOENCIA FISICA. JALONEOS, EMPUJONES Y PATADAS, COMENTA LA USUARIA QUE DESPUES AGARRO UN DESRMADOR Y EMPÉZO A INTIMIDARLA , PERO DESPUES AGARRO UN CUCHILLO Y ELLA CORRIO AL BAÑO Y EL DECIA "" SAL CULERA "" TE VOY A ENCAJAR EL CUCHILLO AUNQUE ME METAN A LA CARCEL "" NO QUE MUY CHINGONA "" LA USURIA REFEIERE QUE ELLA TENIA MUCHO MIEDO Y LE PIEDIO A SU HIJA LA TABLET PARA PEDIR AYUDA A UNA COMADRE PARA PEDIR UNA PATRULLA, LA USUARIA DESEA LEVANATAR DENUNCIA Y MEDIDA DE PROTECCION.",0,1,0,1,0,0,0
20907,"LA USRIA REFUERE QUE SU EX PAREJA LA AGREDIO A LAS 4 AM APROXIMADAMENTE , EL ENTRO A SU DOMICILIO, LA USUARIA REFIERE QUE EL SE ENCONTRABA TOMADO, ELLA ESTABA DORMIDA Y SINTIO QUE LE FALTABA EL AIRE Y EL LA ESTABA AXIFIANDO, TAMBIEN LE ARRANCO DOS UÑAS, LA AGREDIO VERBALMENTE DICIENDOLE "" ERES UNA PUTA LOCA"" UN DIA DE ESTOS TE VOY A MATAR POR SINICA"" PORQUE NO ME SUBES AL TIK TOK "" LA USUARIA REFIERE QUE LE APRETABA SU SENO Y LE TOCABA SUS PARTES INTMAS, REFIERE VIOLENCIA SEXUAL LA SEMANA PASADA Y ESTA VEZ NO PUDO LOGARLO PORQUE LOGRO SAFARSE, , DESPUES ELLA SE SALIO A BUSCAR AYUDA YE EL SALIO DETRAS BURLANDOSE, TAMBIEN LLAMO A LA PATRULLA Y AHORITA ESTA DETENIDO, DESEA LEVANTAR DENUNCIA POR VIOLENCIA Y MEDIDA DE PROTECCION",0,1,0,1,0.666666666666667,0,0
20916,"US REFIERE QUE TIENE TRES MESES  SEPARADA DE SU ESPOSO, POR VIOLENCIA FAMILIAR E INFIDELIDAD. 
EL DIA MARTES APROX 10:00 PM ENCONTRANDOSE EN EL DOMICILIO DE SU AMIGA, RECIBE LA LLAMADA DE SU EX PAREJA ELLA LE CONTESTA Y EL LE DICE QUE YA SABIA QUE ESTABA CON ALGUIEN MAS, LE REFIERE ME QUIERES HACER PENDEJO, ELLA Y SU AMIGA ACUDE A SU DOMICILIO A BUSCARLO PARA ACLARAR LAS COSAS, REFIERE QUE NO LO ENCONTRARON , REFIERE QUE SE RETIRAN Y EN EL BULEVARD, EL PR SE LES METE EN EL CARRO TAPANDOLE EL PASO, SE BAJA DE SU VEHICULO Y LE ABRE LA PUERTA DE LA CAMIONETA EN LA CUAL IBA LA USUARIA, LA JALONEA Y SE LA LLEVA AL CARRO, ELLA LE DICE QUE CON ESA ACTITUD NO IBA ARREGLAR NADA, LA SUBE A LA FUERZA, LA AVIENTA AL ASIENTO,  ARRANCA CON DIRECCION A CASA DEL PR, LLEGAN A SU DOMICILIO  LA METE JALONEANDOLA A LA CASA, LA GOLPEA CON EL PUÑO CERRADO EN VARIAS OCASIONES EN LAS MEJILLAS Y OJOS, LE REFERIA QUE YA SABIA QUE ANDA CON OTRA PERSONA, ELLA INTENTA SALIR DE LA CASA EL SE PONE EN LA PUERTA IMPIDIENDOLE SALIR, LA EMPUJA Y LA TIRA AL PISO, ELLA SE LEVANTA, LLEGA SU AMIGA LA CORRE, Y LE QUITA SU CELULAR QUE ES DE LA USUARIA Y YA NO SE LO ENTREGA , REFIERE QUE LA AMENAZO QUE SI NO LE DECIA LA VERDAD EN EL MOMENTO Y QUE SI SE ENTERABA DESPUES LA METERIA AL CERESO,  QUE LAS COSAS NO IBAN A SALIR BIEN YA ME CONOCES, US REFIERE QUE ES POLICIA MUNICIPAL DE PROTECCION CIUDADANA.",0,0.666666666666667,0.666666666666667,0.666666666666667,0,0,0
20918,"LA USUARIA REFIERE QUE SU VECINO MAYOR DE EDAD,  EL  MARTES A LAS 11:00PM, LA GOLPEO CON PUÑO CERRADO EN LA CARA Y UN PALO EN LA ESPALDA YA QUE EL AGRESOR ESTABA GOLPEANDO A SU PRIMO Y ELLA ESTABA EN EL LUGAR EN DONDE EL VECINO LA AGREDIO CUANDO POR COMPLICIDAD DEL  HERMANO MENOR DEL AGRESOR DECIDIERON GOLPEAR AL PRIMO MENOR Y A ELLA. LA USUARIA TIENE MIEDO DE SALIR YA QUE EL HERMANO MENOR Y EL AGRESOR LA INTIMIDAN Y LA AMENAZAN CON PEGARLES Y CON MATARLOS YA QUE ELLOS DICEN QUE TIENEN GENTE QUE LOS RESPALDEN. LA USUARIA QUIERE DENUNCIAR",0,1,0,1,0,0,0
20926,"LA USUARIA REFIERE QUE JUEVES APROXIMADAMENTE A LAS 10 AM, SU ESPOSO LE TIRO SU ROPA EN EL PISO , LE QUEBRO LA CUNA , LOS TRASTES LOS TIRO AL PISO , SE LLEVO LA TELE, EL VENTILADOR, LA AGREDIO VERBALMENTE DICIENDOLE QUE ES UNA DROGADICTA "" TE VOY A QUITAR  A LOS NIÑOS "" PORQUER NO ME OBEDECE "" EN LA BIBLIA DICE QUE DEBES HACERME CASO Y DEBES SUJETARTE A LO QUE YO DIGA "" EL SE LLEVO  A LOS NIÑOS Y SOLO LE REGRESO A 4 EL SE QUEDO CON UNO, LA USUARIA REFIERE QUE SIEMPRE LE REFERIA  Y LE LIMITABA EL DINERO SOLO LE DABA 100 PESOS DIARIOS PARA QUE COMIERAN LOS NIÑOS PERO QUE ERAN PARA LOS NIÑOS NO PARA ELLA, LA USUARIA REFIERE QUE SIEMPRE LA CORRE DE LA CASA , Y QUE HACE UNA SEMANA LA ARAÑO DE LA CARA, Y HACE UN MES LA OBLIGO A TENER RELACIONES SEXUALES, ALEGANDO QUE TENIA QUE QUITARSE LA ROPA PARA REVISARLA SI NO HABIA ESTADO CON OTRO HOMBRE.  LA USUARIA DESEA LEVANTAR DENUNCIA POR VIOLENCIA Y MEDIA DE PROTECCION.",0.666666666666667,1,0.666666666666667,1,0.666666666666667,0.666666666666667,0
20927,"REFIERE USUARIA QUE EL DIA DE AYER JUEVES POR LA MADRUGADA , ELLA SE ENCONTRABA EN SU DOMICILIO, CUANDO EL COMENZO A INSULTARLA, LE DIJO PINCHE PUTA HIJA DE LA MIERDA, LARGATE CON TU PINCHE HIJA, YA QUIERO QUE SAQUES LAS COSAS DE AQUI DE LA CASA, ELLA LE DIJO QUE LE AYUDARA CON EL VIDRIO DEL CARRO PORQUE SE LO QUEBRARON , ELLA MARCO A AL POLICIA, ELLA SE SUBIO AL CUARTO PARA VER QUE DESASTRE HISO SU PAREJA, ELLA SE BAJA LAS ESCALERAS Y EL LE PEGO CON LA MANO DOS CACHETADAS , Y LA EMPUJO A LAS ESCALERAS, Y SACO UN CUCHILLO Y LE DIJO QUE TE AYAS A LA VERGA PORQUE SINO TE VOY A MATAR CULERA, Y EN ESO LLEGO A LA POLICIA, Y EL SALIO CORRIENDO PERO NO LO ALCANZARON , NO LO DETUVIERON ,  EL SE ESCAPO, ELLA DESEA PRESENTAR DENUNCIA ANTE MINISTERIO PUBLICO.",0,0.666666666666667,0.333333333333333,1,0,0,0
20948,"LA USUARIA REFIERE QUE A LAS 11 PM EN SU DOMILICO , SU EX PAREJA EN ESTADO DE EBRIEDAD, LE CHOCO EL BARANDAL CON LA CAMIONETA  Y ENTRO A LA COCHERA Y EMPEZO A GOLPEARLA REFIERE QUE LE DIO DOS CAHETADAS , LE PEGO CON EL PUÑO CERRADO EN  LA CARA Y UNA PATADA EN EL VENTRE, LA AGREDIO VERBALMENTE DICIENDOLE "" VETE A CHINGAR  A TU MADRE "" TE VA A VARGAR LA VERGA "" ERES UNA PUTA "" SI YA TE QUEBRE UN PIE AHORA TE VOY A MATAR"" Y REFIERE QUE AMENAZO A SU MAMA, Y TAMBEN A SUS HIJOS LOS AGREDIO VERBALMENTE Y LOS QUERIA GOLPEAR, Y SE LLEVO A LA HIJA DE 11 AÑOS, DESEA LEVANTAR DENUNCIA Y MEDIDA DE PROTECCION,",0,0.666666666666667,1,1,0,1,0
20951,"LA USUARIA REFIERE  QUE SU VECINO  QUIENE LE AVENTO UNA BOMBA CASERA DE GASOLINA A SU PATIO , ELLA SALIO Y EL ESTABA AFUERA CON UN GARRAFON DEL AGUA Y ELLA LE DIJO "" PORQUE ESTAS AVENTANDO COSAS "" Y EL LE DIJO "" LARGATE DE AQUI VIEJA CHISMOSA "" VETE A LA VERGA DE AHI "" COMO CHINGAS "" LARGATE DE AQUI TE VOY A MATAR A TI Y TUS HIJOS "" LA EMPEZO A MANEOTEAR  Y LOS VECINO VIERON Y LE DIJERON QUE SE CALMARA Y HABLARON LA PATRULLA, Y SE LO LLEVARON DETENIDO",0,0,0.666666666666667,1,0,0.333333333333333,0
20952,"LA USUARIA REFIERE QUE SU ESPOSO DESDE HACE 1 AÑO PERO TIENE 4 AÑOS CON EL Y NUNCA LE DIJO QUE TIENE VIH, ELLA DESEA LEVANTAR DENUNCIA Y MEDIDA DE PROTECCION ,YA QUE REFIERE QUE HACE DOS MESES  LA OBLIGO A TENER RELACIONES SEXUALES  ,  REFIERE QUE LA INSULTABA DICENDOLE "" 
NO VALES MADRE "" NADIE TE VA  A QUERER ""  TAMBIEN DESEA ASEOSIRA JURDICA PORQUE EL LA DEJO CON MUCHAS DEUDAS",0.333333333333333,0.333333333333333,0,0.666666666666667,1,0,0
20971,"USUARIA REFIERE QUE AGRESOR ES SU EX PAREJA Y MENCIONA TIENEN SEPARADOS 10 AÑOS, ULTIMO HECHO DE VIOLENCIA AYER 9:00 PM AGRESOR FUE EN ESTADO ALCOHOLICO Y DROGADO AL DOMICILIO DE USUARIA CON UN MACHETE,  Y AGRESOR FUE EN COMPAÑIA DE SU HIJO MENOR PARA PREGUNTARLE A USUARIA QUE QUE TRAJE LE COMPRABA AL NIÑO PORQUE YA VA A CUMPLIR AÑOS, AGRESOR LE GRITABA QUE ERA UNA PINCHE PUTA Y QUE LE IBA A QUITAR A LOS NIÑOS, LA AMENAZO QUE DONDE LA VIERA SOLA LA IBA AGARRAR Y NO SE LA IBA ACABAR , PORQUE SI NO ERA FELIZ CON EL NO SERIA FELIZ CON NADIE MAS Y TRATABA DE DARLE CON EL MACHETE Y LANZANDOLE GOLPES, ACTUAL PAREJA DE USUARIA SALIO A DEFENDERLA Y AGRESOR LO QUISO MACHETEAR, LLAMARON A LA POLICIA PERO AGRESOR SE FUE Y CUANDO LA POLICIA LLEGO NO QUISIERON SEGUIRLO. USUARIA REFIERE QUE DENUNCIO A SU AGRESOR ANTERIORMENTE.",0,1,0,1,0,1,0
20973,"VIERNES A LA 1:00 AM, MI EXPAREJA Y YO IBAMOS DE VIAJANDO, EMPEZAMOS A DISCUTIR, EL INTENTABA DESCONTROLAR LA CAMIONETA, JALANDO EL VOLANTE PARA SU LADO, HASTA QUE LE DI UNA CACHETADA, ME PIDIO QUE NOS DETUVIERAMOS EN PLAZA DE DESCANSO PARA HABLAR, CUANDO ME ESTACIONE EMPEZO A ESTRANGULARME, POCO A POCO FUI PERDIENDO FUERZA, ME DECIA ""TE VA A CARGAR LA VERGA"", DE REPENTE ME SOLTO Y ME DIJO QUE EL ASI ERA. ME ECHABA CERVEZA Y ME DECIA QUE ME IBA A MATAR",0,1,0.333333333333333,1,0,0,0
20975,"LA USUARIA REFIERE QUE SU EX PAREJA LA AGREDIO APROXIMADAMENTE A LAS 10:30 MIENTAS ELLA ESTABA EN SU DOMICILIO, ELLA IVA LLEGANDO A SU CASA , EL AGRESOR LA ESTABA ESPERANDO Y ENTRO A LA CASA Y LA SACO DEL CUELLO , Y LA SUBIO CON JALONEOS AL CARRO, PERO ELLA LE DECIA QUE ESTABN LOS NIÑOS SOLOS, EL LA REGERSO Y LA ENCERRO EN LA CASA Y EMPEZO A INTEROGAR A LAS NIÑOS, AVENTO CONTRA LA PARED Y LA JALO DEL CABELLO Y LA ESTRUJO Y LA CACHETIO, LA AGREDIO TRAMBIEN VERBALMENTE DICIENDOLE "" DONDE CHINGADOS ANDAS "" ERES UNA CULERA "" TE VOYA REVENTAR EL OSICO "" TE VA A CARGAR LA VERGA "" , EL SE VA Y SE LLEVO SU TELEFONO , ELLA DESEA LEVANTAR  DENUNCIA Y MEDIDA DE PROTECCION.",0,1,0.666666666666667,1,0,0,0
20983,"REFIERE USUARIA QUE APROXIMADAMENTE A LAS 17:00H ELLA ESTABA LLEGANDO A SU DOMICILIO DE TRABAJAR Y ESTABA SOLO SU PAREJA Y AL LLEGAR EL LE DICE NO ME TOQUES QUE YA LA HABIA DESCUBIERTO Y QUERIA QUE LE DESBLOQUEARO NUMEROS QUE EL YA SABIA QUE TENIA MENSAJES ENCRIPTADOS Y DEMAS, REFIERE USUARIA QUE EL SE HA VUELTO MUY CELOSRO DESDE HACE YA UN TIEMPO, ELLA LE DICE QUE COMO VA HACER ESO SI NO SABE Y QUE SI LE FUERA INFIEL NO LE PRESTARIA SU TELEFONO PARA QUE EL LO TUVIERA, PUES COMO ELLA CASI NO LO HUSA Y EN EL TRABAJO NO LO DEJAN USAR DECIDIO PRESTARCELO, EL LE EMPEZO A DECIR QUE ERA UNA PUTA QUE PORQUE LO HACIA SUFRIR, QUE NO LE IBA ENTREGAR AL NIÑO, QUE ELLA ESTABA FEA QUE NADIE LE IBA HACER CASO, ELLA IGNORO LO QUE DECIA PUES LE DECIA COSAS DE TECNOLOGIA QUE NO ENTENDIA Y SE IGNORARON TODO EL DIA HASTA EL DIA LUNES APROXIMADAMENTE 20:30H ELLA LE DIJO QUE IRA POR SU HIJO PUES ESTBABA CON CUS PADRINOS Y EL LE DIJO QUE NO IBA A SALIR QUE SE REGRESARA, Y VOLVIO A DECIRLE QUE ELLA TENIA APLICACIONES PARA OCULTAR MENSAJES, QUE EL YA LAS HABIA DESIFRADO PERO QUE LA CONTRASEÑA LE FALTABA, QUE QUERIA QUE LE DIERA TODOS LOS DADOS, LA VOLVIO INSULTAR Y ELLA LE DIJO QUE IBA A VER DONDE IRSE EL LE DIJO QUE EL NIÑO NO SE LO IBA A ALLEVAR Y ELLA NO SE IBA A IR, EL FUE POR UN CUCHILLO A LA COSINA Y REGRESO LA EMPUJO A LA CAMA Y HACIA MOVIMIENTOS DE ARRIBA ABAJO AL AIRE Y ELLA METIO LA MANO Y LA PICO EN LA MANO, ELLA EMPEZO A SANGRAR Y EL SE QUEDO QUIETO, LE DIJO QUE SE LIMPIARA Y EL SE FUE AL OXXO POR PAN Y LE HIZO DE CENAR, LE DIJO QUE NO CAMBIABA NADA, EL DIA MARTES LA MANDO A LA TIENDA Y LE DIJO QUE POBRE DE ELLA SI NO REGRESA, ELLA FUE A LA TIENDA Y LE PIDIO AYUDA A LA MUCHACHA, LLAMARON A LA POLICIA PERO TENIA MIEDO DE ESEPERARLA Y SE FUE POR SU HIJO Y LOS PADRINOS LE AYUDARON, LE HABLARON A LA POLICA PERO LE DIJERON QUE NO LE PODIAN AYUDAR QUE TENIA QUE ESTARLA GOLPEANDO PARA ELLOS ACTUAR, ELLA SE FUE CON SU MAMA Y DE EL YA NO HA SABIDO NADA",0,1,0.333333333333333,1,0,0.333333333333333,0
20986,"USUARIA REFIERE QUE AGRESOR ES SU ESPOSO Y MENCIONA  DESDE AYER 7:00 PM AMBOS SE FUERON A UNA FIESTA DE UNOS AMIGOS Y ESTABAN TOMANDO ALCOHOL, EN LA FIESTA AGRESOR ESTABA BAILANDO CON UNAS MUJERES Y UN AMIGO DE AGRESOR SACO A BAILAR A USUARIA Y TODO ESTABA BIEN, UNA MUCHACHA CON LAS QUE ESTABA BAILANDO SE AGACHO Y AGRESOR LE AGARRO LOS GLUTEOS , USUARIA LE HIZO UNA SEÑAL  DICIENDOLE VAS A VER, DESPUES AGRESOR SE ACERCA Y LE DICE TU CREES QUE TIENES SUERTE, DESPUES SE SUBEN AL CARRO Y CUANDO USUARIA SE ESTABA SUBIENO AGRESOR LA GOLPEABA, ELLA SE DEFENDIA Y SIENTE QUE AGRESOR LA GOLPEO CON UN OBJETO EN EL OJO, ELLA VIO QUE ESTABA SANGRANDO MUCHO Y VIO UN CHARCO DE SANGRE  Y SE PERCATO QUE NO VEIA DE UN OJO, ELLA SE SENTO EN LA BANQUETA Y DOS HOMBRES LA AUXILIARON QUIENES LE QUITARON LAS LLAVES DEL CARRO AL AGRESOR PARA QUE NO SE LLEVARA A LOS NIÑOS. USUARIA CALMO A LOS HOMBRES PARA QUE NO SIGUIERAN LA AGRESION, VECINOS TAMBIEN SALIERON Y LLAMARON A LA POLICIA , PERO CUANDO LLEGO LA POLICIA AGRESOR YA SE HABIA IDO Y TRASLADARON A USUARIA  AL HOSPITAL PARA RECIBIR ATENCION MEDICA.",0,1,0,0.666666666666667,0.666666666666667,0,0
20987,"USUARIA REFIERE QUE AGRESOR ES SU ACTUAL PAREJA Y MENCIONA ULTIMO HECHO DE VIOLENCIA HOY 9:00 AM AMBOS COMENZARON A DICUTIR PORQUE USUARIA LE DIJO QUE LE BAJARA LA MUSICA A SU CELULAR, EL LE DIJO NO ESTES CHINGANDO, ELLA LE QUITO EL CELULAR Y AGRESOR LE DIJO NO ESTES MAMANDO Y LA JALO DEL CABELLO , LE DIO UNA PATADA, LA ESTRUJO DE LOS BRAZOS DEJANDOLE MORENOTES, ELLA INTENTO SALIRSE DE LA CASA PERO EL LA SIGUIO LA ESTIRO DEL CABELLO Y USUARIA TENIA UNA CADENA EN EL CUELLO Y AGRESOR LA AGARRO Y LA DOBLO ESTIRANDOLA PARA SEGUIRLA GOLPEANDO DEJANDOLE MARCAS EN EL CUELLO.  USUARIA SE ENCERRO Y LLAMO A LA POLICIA. AGRESOR AMENAZO CON MATARLA EN DONDE LA VIERA Y SE FUE.  USUARIA REFIERE QUE AGRESOR ESTABA ALCOHOLIZADO Y A LO MEJOR DROGADO.",0,1,0,1,0,0,0
20990,"LA USUARIA MANIFIESTA QUE HA TENIDO UNA SERIE DE CONFLICTOS DENTRO DE SU MATRIMONIO, CON EL PADRE DE SUS 03 MENORES HIJOS. ES EL CASO QUE EL DÍA DE AYER A LAS 15 HORAS, DENTRO DEL DOMICILIO CONYUGAL, ELLA Y SU ESPOSO EMPEZARON UNA DISCUSIÓN PORQUE ÉL ASEGURA QUE ELLA ""ANDA DE VOLADA"" Y ELLA LE DIJO QUE NO. ÈL LE DICE QUE SE VAYA DE LA CASA, QUE NADA ES DE ELLA. LA USUARIA DIJO QUE ENTONCES NINGUNO TENDRÍA NADA Y PRETENDÍA DAÑAR  LA PANTALLA DE TV. LA DISCUSIÓN INCREMENTÓ, EMPEZARON A FORCEAR Y DICE LA USUARIA QUE SINTIÓ MUCHO CORAJE PORQUE SENTÍA QUE SUS HIJOS QUIENES PRESENCIABAN LA DISCUSIÓN, LE DABAN LA RAZÓN A SU PADRE Y LA AGARRABAN Y ELLA QUERÍA DEFENDERSE, DICE QUE MORDIÓ A SU HIJA PARA HACER QUE LA SOLTERA, PERO SU ESPOSO LE DIO UN GOLPE EN LA NARIZ. LA USUARIA DICE QUE ""SE CALMARON LAS COSAS"". EL DÍA DE HOY LA USUARIA PIDIÓ DINERO PARA IR A LA CRUZ ROJA A ATENDERSE, DICE QUE LE DIJERON QUE TRAÍA LA NARIZ FRACTURADA. LA USUARIA DICE QUE SU MAMÁ VIVE LEJOS Y NO LE AGRADARÍA IR HASTA ALLÁ. LE GUSTARÍA REFUGIARSE. MENCIONA QUE HACE AÑOS HABÌA ACUDIDO, PERO NO DIO SEGUIMIENTO PUES TENÌA LA ESPERANZA QUE LA SITUACIÒN MEJORARA.  DESEA TAMBIÈN DENUNCIAR Y DIVORCIARSE.",0,1,0.666666666666667,1,0,0.333333333333333,0
20994,"L A USUARIA MANIFIESTA QUE TUVO UNA RELACION DE UNION LIBRE POR 12 AÑOS EN DONDE PROCREO  UNA HIJA MENOR DE EDAD A LA FECHA. LA USUARIA SEÑALA UNA VIDA A SU LADO LLENA DE VIOLENCIA EN DONDE FUE AFECTADA SU SALUD AL GRADO DE PROVOCAR UNA DISCAPACIDAD MOTRIZ Y APOYAR A QUE SE DESARROLLARA SU DISCAPACIDAD VISUAL. APESAR DE LLEVAR VARIOS PROCEDIMIENTOS PENALES Y FEDERALES LA USUARIA SEÑALA  NO HABER TENIDO AUN ACCESO A UNA VIDA LIBRE DE VIOLENCIA POR QUE APESAR DE YA NO SEGUIR JUNTOS DESDE HACE MUCHOS AÑOS E INCLUSO DE UNA DENUNCIA JUDICIALIZADA, LA VIOLENCIA HACIA SU PERSONA Y AHORA HACIA SUS HIJOS A PERPETUADO. ES EL CASO QUE EL DIA DE AYER A LAS 22:30 HORAS IBAN LA USUARIA EN SU SILLA DE RUEDAS APOYADA POR SU MENOR HIJA TRANSITANDO POR LA VIA PUBLICA; AHI LA INTERCEPTO SU EX PAREJA QUIEN LA AGREDIO VERBAL Y FISICAMENTE ADEMAS DE DAÑAR CONSIDERABLEMENTE SU SILLA DE RUEDAS Y LESIONAR A SU MENOR HIJA PARA POSTERIORMENTE CAUSAR DAÑOS EN LA PROPIEDAD AL LUGAR ACUDIO LA POLICIA Y SE LLEVO ACABO LA DETENCION DE SU EX PAREJA Y FUE PUESTO A DISPOSICION DEL MP EN TURNO ADSCRITO A ESTE CENTRO. LA USUARIA MANIFIESTA QUE NO RECIBE NINGUN TIPO DE AYUDA ECONOMICA POR PARTE DE EL Y DESEA ASESORARSE PARA LA PENSION ALIMENTICIA .",1,1,1,0.666666666666667,0,0.666666666666667,0
20995,"USUARIA MENCIONA QUE EL DÍA DE AYER LE ENCOTRO MENSAJES A SU PAREJA CON MUCHAS MUJERES POR VÍA FACEBOOK, INSTAGRAM ETC. REFIERE QUE SE MOLESTO MUCHO Y LE DIJO A SU PAREJA QUE ELLA SE IRÍA DE LA CASA,  REFIERE QUE ELLA SE PREPARO PARA IRSE AL DÍA SIGUIENTE,  LAVO SU ROPA   Y PREPARO TODO PARA IRSE A CASA DE SU MAMA, Y EL EMPEZÓ A DECIRLE DE COSAS AGREDIÉNDOLA VERBALMENTE, Y EMPEZÓ A AGREDIRLA FÍSICAMENTE LA ASFIXIO, LA MORDIÓ, LA GOLPEO VARIAS VECES EN TODO SU CUERPO,COMENTA  USARÍA QUE AMENAZA CON EXHIBIR ALGUNAS FOTOS DE ELLA INTIMAS , CON SU FAMILIA ETC. ACUDE A MINISTERIO PUBLICO.",0,1,0,1,0.333333333333333,0,0
21009,"USUARIA REFIERE QUE AGRESOR ES SU ACTUAL PAREJA Y MENCIONA ULTIMO HECHO DE VIOLENCIA HOY USUARIA DESPERTO A SU AGRESOR PORQUE YA HABIAN QUEDADO DE IR A CONSEGUIR TRABAJO , CUANDO LO DESPERTO AGRESOR ENOJADO ROMPIO LAS SOLICITUDES DE EMPLEO  Y DIJO QUE NO IBA IR, USUAIRA LE DIJO QUE MEJOR SE IBA IR Y AGRESOR FUE TRAS ELLA Y LA JALO DEL CABELLO, LE DIO PUÑETAZOS Y LA MORDIO EN LOS BRAZOS.  UN POLICIA IBA PASANDO POR EL LUGAR Y AUXILIO A USUARIA Y SE LLEVO DETENIDO AL AGRESOR. USUARIA REFIERE QUE OTRO DIA VIO QUE AGRESOR LLEGO CON UNOS GRANITOS EN LA BOCA, ELLA PENSO QUE ERA UNA ENFERMEDAD DE TRANSMISION SEXUAL  LE RECLAMO Y AGRESOR LA FORZO A TENER RELACIONES SEXUALES AMENAZANDOLA CON UN CUCHILLO. ELLA YA SE HIZO EXAMENES DE ENFERMEDADES DE TRANSMISION SEXUAL Y EN DIVERSOS EXAMENES SALIO BIEN.
USUARIA REFIERE QUE EN SU TRABAJO LA CORRIERON PORQUE LA OBLIGABAN A VESTIRSE DE HOMBRE Y QUE SE CORTARA EL CABELLO, ELLA NO ACEPTO Y LA CORRIERON.",0.333333333333333,1,0,0.333333333333333,1,0,0
21010,"APROX A LAS 8:00H ELLA ESTABA DORMIDA CUANDO SE LEVANTO POR UN PUÑETAZO EN LA CABEZA Y DESPUES SINTIO UN JALON DE PELO Y DESPUES LE EMPEZO A GOLPEAR A PUÑETAZOS EN EL CUERPO, FUE POR UN DESARMADOR Y LE EMPEZO A DECIR QUE SE LO IBA A ENCAJAR SI NO LE DECIA PARA QUE QUERIA EL PRESTAMO QUE PIDIO, QUE CON QUERIA IR, QUE SI EL SE VA SE VA A LLEVAR TODO Y A SUS HIJAS TAMBIEN,  SE LO ACERCAABA CERCAS DEL CORAZON O DE LA CARA EL DESARMADOR Y LE DECIA QUE QUERIA MATARLA LE QUITO LAS LLAVES DE LA CASA, DEL CARRO Y SU CELULAR, SUS HIJAS QUISIERON LLAMAR A LA POLICIA Y EL LES QUITO EL CELULAR Y DESPUES DE 2 HORAS LAS DEJO SALIR ELLA FINGIO QUE NO HABIA PASADO NADA, SE FUE A SU TRABAJO PERO EL NO LA DEJABA SOLA NI A LA TIENDA  HASTA EL DIA DE AYER ELLA PUDO CONTACTARSE CON UNA AMIGA QUE HABIA VENIDO A ESTE  CENTRO Y ASI ES COMO DIO AQUI, REFIERE QUE EL ES MUY ABUSIVO Y POR CUALQUIER COSA LA GOLPEA O LA INSULTA, REFIERE QUE SE ENOJO PORQUE LE REVISO EL CELULAR A ELLA Y LE VIO LA CONVERSACION CON SU HERMANA DONDE ELLA LE PEDIA UN PRESTAMO YA QUE SE HABIA QUEDADO SIN TRABAJO, MENSIONA QUE NO ES LA PRIVERA VEZ QUE LA AMENAZA DE MUERTE Y CASI SIEMPRE LA AMENAZA CON UNA NAVAJA PERO ELLA MISMA LA ESCONDIO PUES EL LE DIJO DESCONOCE SI JUGANDO QUE YA TENIA NUEVA NAVAJA QUE YA SABE QUE LA MATARA CON ESA",0.333333333333333,1,0.333333333333333,1,0,0.333333333333333,0
21016,"A LAS 4:00 AM, LLEGUE A MI DOMICILIO, AL ESTACIONARNOS MI AMIGO, MI EXPAREJA SE ESTACIONO A UN LADO Y ME EMPEZO PREGUNTAR QUE HACIA CON MI AMIGO Y AMENAZABA CON SEGUIRNOS SI NOS IBAMOS, DECIDI QUEDARME EN MI CASA, EL ME ARREBATO MI CELULAR, CUANDO QUISE QUITARSELO METI LA MANO POR LA VENTANA PERO EL ME DIJO QUE EL LO COMPRO Y SE LO PODIA LLEVAR, DESPUES ACELERO LA CAMIONETA, ME SOLTE Y CAI AL PISO, MI HIJA ME AYUDO A LEVANTARME, LLAMAMO A SEGURIDAD PUBLICA, LEVANTARON EL REPORTE Y RECIBI ATENCION MEDICA POR PARAMETICOS, DESPUES ACUDI AL HOSPITAL.",0,0.666666666666667,0.666666666666667,1,0,0,0
21025,"AGRESOR COMENZO A DISCUTIR PORQUE LE PEDI QUE CONSIGUIERA DINERO PARA COMER, DIJO QUE EL NO VA A TRABAJAR, QUE NO QUIERE UNA RESPONSABILIDAD, LE COMENTÉ QUE ME CONOCIO CON HIJOS Y QUE SE ""PUSIERA LAS PILAS"".
CONSEGUI COMIDA CON MI FAMILIA, ESTE QUIZO TOMAR DE AHI Y LE DIJE QUE LA COMIDA ERA DE MIS HIJOS Y SE LA QUITE.
ME DA UN GOLPE EN LA CABEZA, EN MI FRENTE Y NARIZ, GRITABA ""HIJA DE TU PUTA MADRE, NO SIRVES PARA NADA"", VEO QUE AGARRA UN CUCHILLO Y LO GUARDA AL TIEMPO QUE ME QUIERE ABRAZAR, ME NEGUE, TOMO EL CARGADOR Y ME LO ENTIERRA EN EL OJO, ME DA GOLPES EN EL CUELLO.",1,0.666666666666667,0,1,0,0,0.333333333333333
21046,"LA USUARIA REFIERE QUE SU ESPOSO LA AGREDIO FISICAMENTE EN LA CALLE ARRIBA DE LA CAMIONETA LE DIO UN GOLPE EN LA CARA Y UN PUÑETAZO EN EL COSTADO , Y EL LE PEGO EN LA CASA SOLO PORQUE ELLA VIO UNA CAPUTURA DEL CELULAR,  REFIERE QUE LA AGARRO DEL CABELLO Y LA EMPEZO A GOLEPEAR EN LA CABEZA Y LE DIO UN PUÑETAZO OTRA VEZ EN UN COSTADO MIENTRAS LE DECIA "" TE VOY A MATAR "" NOS VAMOS A MORIR LOS DOS "" ESO QUIERES PARA LOS NIÑOS ""  EL AGARRO UN CUCHILLO Y ELLA CORRIO Y LA REGERSO DEL CABELLO Y LA ENCERRO EN LA CASA, PERO SU HIJO SE SALIO POR EL PATIO Y FUE A PEDIR AYUDA A UNA TIENDA DE POR LA CERRADA Y PIEDO UN CELULAR Y LE MARCO ASU HERMANA Y LLEGO LA PATRULLA PERO ELLA POR MIEDO NO LOS DEJO ENTRAR, Y EL SIGUIO GOLPEANDOLA , PERO DESPUES YA LLEGO SU HERMANA Y FUE COMO ELLA SE PUEDO SALIR , DESEA LEVANTAR DENUNCIA Y MEDIDA DE PROTECCION , YA QUE EL LA CORRIO DE LA CASA Y SE NO SE PUEDO LLEVAR NADA SE SUS COSAS SOLO A SUS HIJOS.",0,1,0.333333333333333,1,0,0,0
21048,"LA USUARIA MANIFIESTA QUE EL DIA DE AYER DOMINGO A LAS 8:00 PM EN EL DOMICILIO LLEGO LA EX PAREJA (DESDE HACE 4 MESES YA NO ESTAN JUNTOS), VIOLENTO, GROSERO Y ALCOHOLIZADO. QUEBRANDOLE EL VIDRIO DE LA VENTANA DE LA SALA Y AMENZANADO DE LLEVARSE A LA MENOR Y QUE ""LE IBA A DAR DONDE MAS LE DUELE"", LA MENOR ESTABA EN EL DOMICILIO Y ESCUCHO LO QUE PASO, COMENTARIOS HACIA LA MENOR COMO ""YA ESTAS MUERTA PARA MI"", LA USUARIA MANIFIESTA QUE AYER LE MARCO APROXIMADAMENTE A LAS 4:00 PM A LA PATRULLA Y SI ACUDIERON, PERO EL YA SE HABIA IDO DEL LUGAR,  E HIZO UNA SEGUNDA LLAMADA A LAS 8:00 PM APROX. Y NO SE LO LLEVARON POR QUE ESTABA POR FUERA. MANTUVIERON UNA RELACION DE DOCE AÑOS EN LOS CUALES ELLA  RECIBIO VIOLENCIA FISICA Y PSICOLOGICA POR PARTE DE EL. LA USUARIA MANIFIESTA QUE QUIERE DENUNCIAR EL HECHO, DESEA UNA MEDIDA DE PROTECCION Y ASESORIA LEGAL PARA LA GUARDA Y CUSTODIA, SOBRELA PENSION ALIMENTICIA PARA LA MENOR Y PARA ELLA",0,1,1,1,0,0.666666666666667,0
21052,"LA USUARIA REFIERE QUE APROXIMADAMENTE A LAS 4 PM ESTANDO EN EL BAR,  ACOMPAÑADA DE UNOS AMIGOS  Y UNA PERSONA, CUANDO ELLA ESTANDO TOMADA Y DROGADA PIERDE EL CONOCIMIENTO  AL REDEDOR DE LAS  4 PM Y LO UNICO QUE RECUERDA ES QUE DESPERTO EN UNA HABITACION DE UN HOTEL Y RECUERDA QUE VIO AL AGRESOR Y LE DIJO "" SUBETE EL PANTALON HERMOSA "" , DESPUES ELLA REFIERE QUE LA LLEVARON A SU CASA PERO NO RECUERDA QUIEN LA LLEVO , SU MAMA LA VE Y LE DICE "" TREAES LA ROPA AL REVES  "" MIRA COMO VIENES "" Y ELLA SE ACOSTO A DORMIR YA QUE NO SE SENTIA BIEN , ELLA ACUDE EL DIA DE HOY A LEVANTAR DENUNCIA ANTE MINISTERIO PUBLICO.",0,0.666666666666667,0,0.333333333333333,0.666666666666667,0,0
21068,"LA USUARIA REFIERE QUE SU PAREJA APROXIMADAMENTE A LAS 4 AM ESTANDO TOMADOS PORQUE ESTABAN FESTEJANDO , REFIERE LA USUARIA QUE SU PAREJA LE DIJO METE A LA  CASA TE QUIERO HACER EL AMOR "" ELLA LE DIJO QUE NO Y EL LE TOCIO LA MANO, MIENTRAS LE DECIA TOCAME EL PECHO , DESPUES ELLA EMEPEZO A INNTENTAR SAFARSE PORQUE EL ESTABA DESNUDO Y COMO ELLA REFIERE QUE ANTES ABUSO DE ELLA, ELLA REFIERE QUE EL HIJO DE ELLA DE 16 AÑOS LE GRITABA "" MAMA ESTAS BIEN ? "" ELLA LE DIJO QUE SI PARA QUE NO SE ALTERAR MAS  PERO EL SIGUIO Y ELLA LE GRITO SU HIJO QUE LE HABALA A SU SUEGRA, EL HIJO CORRIO Y EL AGRESOR SE VISTIO RAPIDO Y LO ALCANZO Y LO GOLPEO PARA QUE NO LE AVISARAN A SU SUEGRA, Y A ALLA TAMBIEN LA FORCEJEO CUANDO ELLA INTENTO DEFENDER A SU HIJO, LA SUEGRA SALIO E INTENTO TRANQUILIZARLO PERO EL SEGUIA ROMPIENDO COSAS DE LA CASA Y LA CORRIO AVENTANDOLE ROPA PARA QUE CAMBIARA A LA NIÑA,LE DECIA VETE A LA VERGA "" DILE A TU AMMATE QUE VENGA Y DILE TODO LO QUE TE HICE, ELLA DESEA LEVANTAR DENUNCIA Y MEDIDA DE PROTECCION , Y ASESORIA JURIDICA PARA TRAMITAR DEMANDA DEPENSION DE ALIMENTOS.",0,1,0.333333333333333,1,1,0.333333333333333,0
21077,"REFIERE USUARIA QUE EL DIA DE HOY A LAS 08:00 AM , ELLA SE ENCONTRABA EN SU DOMICILIO CUANDO ESTABAN DORMIDO Y EL LE EMPEZO A DECIR QUE ELLA TENIA OTRO FACEBOOK Y QUE ELLA LO ENGAÑABA LE DIJO QUE LE DIJERA LA VERDAD ELLA LE DIJO QUE SI LE ESTABA DICIENOD LA VERDAD EL LE DIJO QUE LE ESTABA COLMANDO LA PASIENCIA Y EL SE EMPEZO A DROGAR CON CRISTAL Y LE EMPEZO A PEGAR EN EL PEGAR EN EL BRAZO EN LA ESPALDA EN LA CABEZA LA PUNTA DE UNAS TIJERAS SE LAS ENTERRABA EN LAS PIERNAS Y LE EMPEZO A PATEAR LAS PIERNAS LE DIJO QUE LA IBA A MATAR LE DIJO QUE ERA ELLA LA BEBE O SU HERMANO, ELLA LE DIJO QUE SE TRANQUILIZARA QUE ELLA QUERIA ESTAR BIEN CON EL PORQUE NO QUERIA ESTAR EN SU CASA, EL SE TRANQUILIZO Y LA DEJO IR AL TRABAJO Y ELLA PIDIO AYUDA A SU JEFA DE RECURSOS HUMANOS, EL LE ESTUVO MARCANDO TODO EL DIA Y LE DIJO QUE QUERIA HACER BIEN LAS COSAS CON ELLA PORQUE SI NO SE IBA A MATAR, ELLA YA NO LE CONTESTO , DESEA PRESENTAR DENUNCIA ANTE MINISTERIO PUBLICO. NO DESEA REFUGIO SE OFRECE TERAPIA Y LA ACEPTA.",0,1,0,1,0,0,0
21098,"EL AGRESOR EL CUAL ES SU EXPREJA FUE A SU DOMICILIO, INGRESA SIN SU CONSENTIMIENTO AL PATIO,  Y EMPEZO A GRITAR  QUE LE ABRIERA Y SE FUERA CON EL, ROMPIO VENNTANA Y AL SALIR ESTE  LE PIDE QUE SE VAYA CON EL HARA DAÑOS. ACCEDE A IRSE CON EL AGRESOR A SU DOMICILIO CON SUS MENORES, CALMARLO YA EN SU VIVIENDA PARA QUE NO HICIERA ESCANDALOS, SIN EMABARGO, YA  EN LA CASA DEL AGRESOR, ESTE NO LA DEJABA SALIR. YA EN LA MADRUGADA  LA ACTUAL PAREJA  DE LA USUARIA Y PADRE DE LOS MENORES, LLEGO CON POLICIAS A BUSCARLA. Y SE DESATO UNA RIÑA ENTRE AMBOS.",0,0.333333333333333,1,0.666666666666667,0,0,0
21132,"REFIERE USUARIA QUE EL DIA VIERNES A LAS 05.00AM. ELLA SE ENCONTRABA EN CASA DEL TIO DE SU PAREJA CUANDO, ELLA ESTABA DORMIDA Y EL TIO DE SU PAREJA ENTRO AL CUARTO Y EL DIJO YA VENGO HACER EL TRATO QUE HICIMOS NOSOTROS TRES, Y EL TIO LE QUITO EL PANTALON Y SE LO BAJO, A SU PAREJA Y SU SUETER , DE AHI LA PARO Y LA ACOSTO Y EN SU OREJA LA AMENAZO LE DIJO AHORA TU ME VAS A QUITAR LAS GANAS QUE TENGO UN CHINGO YO ACABO CONTIGO Y SIGO YO CON TU PAREJA , DE AHI EL PENETRO POR LA VIA VAGINAL TERMINO, Y LE DIJO YA TE PUEDES PARAR A CAMBIARTE , EL LE DIJO VEN TANTITO , Y LA PARO Y LE DIJO ACUESTATE , LE QUITO LA ROPA Y PENETRO POR VIA VAGINAL Y ANAL, EL TERMINO Y SE FUE AL BAÑO SE REGRESO Y NUEVAMENTE EMPEZO A VIOLAR A LA USUARIA, DE AHI LE DIJO YA ME VOY A DORMIR YA ME CANSE Y EL A LAS 8 AM, VOLVIO A IR A L CUARTO Y LAS VIOLO DE NUEVO SE TARDO 15 MINUTOS Y TERMINO Y LE DIJO QUE SEGUIA LA USUARIA OTRA VES LE PUSO LAS MANOS EN SU CUELLO ELLA TRAE MARCAS Y LA VIOLO, DE AHI TERMINO Y SE FUE, ELLA SE CAMBIO Y LE DIJO A SU PAREJA QUE TENIAN QUE HACER ALGO Y TENIAN QUE DENUNCIARLO, EL LES DIJO QUE LE HICIERAN DE DESAYUNAR,  HABLO CON ELLA Y EL LE DIJO QUE LE DEJABA SU CASA SI A CAMBIO LE DABA SU CUERPO Y ELLA LE DIJO QUE NO, EL SE ENOJO Y COMENZO A ESTRANGULARLA ELLA LO EMPUJO Y SALIO CORRIENDO Y MARCARON A LA POLICIA, LLEGO LA POLICIA, Y LO DETUVIERON, ELLA DESEA PRESENTAR DENUNCIA ANTE MINISTERIO PUBLICO, DESEA REFUGIO, DESEA TOMAR TERAPIA PSICOLOGICA.",0,0.333333333333333,0.333333333333333,0.333333333333333,1,0,0
21146,"VIOLENCIA FISICA Y PSICOLOGICA EN CONTRA DE LA USUARIA Y SUS HIJOS. NO DESEA PRESENTAR DENUNCIA, NO DESEA ACUDIR A UN REGUFIO.",0,0.666666666666667,0,1,0,0.333333333333333,0
21157,"USUARIA SOLICITA INICIAR UN PROCESO DE DIVORCIO, CUSTODIA Y ALIMENTOS
VIVIO VIOLENCIA FISICA Y PSICOLOGICA, NO DESEA PRESENTAR DENUNCIA.",0,1,0,1,0,0,0
21167,"LA USUARIA REFIERE QUE APROXIMADAMENTE A LAS 21:30 HORAS  SU PAREJA LE REVISA EL CELULAR A LA USUARIA Y COMIENZA A RECLAMARLE POR SUPUESTO ENGAÑO,  Y LA CORERE DE LA CASA EN PUJANDOLA , COMENTA LA USUARIA QUE COMO ELLA NO TENIA A DONDE IRSE CON SU BEBE  QUEDA EN ACUERDO CON  EL QUE EL BEBE SE QUEDARIA UNA SEMANA EN LO QUE ELLA CONSEGUIA CASA PARA VIVIR CON EL BEBE. LA USUARIA COMENTA QUE LE HABLO A  EX PAREJA PARA DESIRLES QUE YA IBA IR POR SU BEBE POR QUE YA TENIA CASA Y QUE AL LLEGAR POR EL LOS PAPAS DEL AGRESOR NO LE QUISIERON DAR AL BEBE, AMENAZANDOLA QUE NO SE LO DARIAN. LA USUARIA COMENTA QUE ANTERIOR MENTE SU EX PAREJA  LA LLEGO A HAORCAR Y AXFISIAR EN MUCHAS OCACIONES.",0.333333333333333,1,0.333333333333333,1,0,0.666666666666667,0
21168,"LA USUARIA REFIERE QUE APROXIMADAMENTE 03:00 HORAS  LLEGABA A SU DOMICILIO DE UN BAR ACOMPAÑADA DE SU EX PAREJA CUANDO LLEGARON A LA CAS, AL ABRIR LA PUERTA DE LA CASA PARA INGRESAR AL DOMICILIO EL COMIENZA AGRREDIRLA VERBAL MENTE,  COMENTA LA USUARIA QUE COMIENZA A JALONEARLA, LA TOMA DE LOS PELOS, LA TUMBA AL PISO Y LA TOMO DEL CUELLO CON UNA MANO Y CON LA OTRA AXFISIARLA. COMENTA LA USUARIA QUE LE EMPIEZA A  DAR PUÑETAZOS EN LA CARA Y EN LAS COSTILLAS, SE LEVANTA EL AGRESOR Y COMIENZA A PATALEARLA EN DIFERENTES LADOS DE SU CUERPO. LA USUARIA COMENTA QUE LA METIO A LA CASA DE LOS PELOS Y  COMIENZA NUEVAMENTE  AXFIXIARLA Y AHORCARLA DICIENDOLE QUE LA MATARIA, GOLPEANDOLA NUEVAMENTE  EN DIFERENTES PARTES DEL CUERPO, LA USUARIA COMENTA QUE ELLA SIENTE QUE SE DESBANESE, Y LLEGA LA UNIDAD Y SE LLEVAN DETENIDO AL AGRESOR.",0,1,0,1,0,0,0
21181,"LA USUARIA REFIERE QUE APROX A LAS 1:00 HRS SE ENCONTRABA EN SU DOMICILIO CUANDO RECIBE UNA LLAMADA DE UN NUMERO DESCONOCIDO, ELLA RESPONDE Y SU EXPAREJA LE DICE QUE ""PORQUE LO BLOQUEO DE TODOS LAS REDES Y PORQUE LE CANCELO LOS PLANES DE LOS CELULARES, QUE QUIERE VERLA QUE SALGA"", ELLA SALE SE SUBE AL CARRO DE EL Y EMPIEZAN A DISCUTIR, EL INSISTE EN LLAMARLA UN NOMBRE ELLA SE BAJA Y SE REGRESA PARA DECIRLE POR LA VENTANA DEL LADO DEL PILOTO ""QUE NO LA COMPARE CON NADIE Y QUE ES LA ULTIMA VEZ QUE LA LLAMA ASI"", EL LA TOMA DEL BRAZO CON LA MANO IZQUIERDA Y ""ARRANCA"" EL AUTO CON LA MANO DERECHA, AVANZANDO 7 CASAS HACIA DELANTE, CON LA USUARIA POR LA VENTANA HACIENDOSE LESIONES CONTRA EL PAVIMENTO EN EL ANTEBRAZO Y EL HOMBRO DERECHO Y EN LA PIERNA IZQUIERDA. LA USUARIA DESEA PRESENTAR DENUNCIA ANTE MINISTERIO PUBLICO.",0,1,0,1,0,0,0
21197,"LA USUARIA REFIERE QUE SU EX  EL DIA DE HOY A LAS 7: 30  LLEGO A SU  DOMICILIO EXIGIENDOLE ENTRAR  PARA VER SI ELLA ESTA CON ALGUIEN MAS REFIEER QUE LE GRITABA ""  TIENES UN WEYA ADENTRO "" MAL AGRADECIDA "" PINCHE VIEJA "" LE ESTAS DANDO EL CULO A ESE WEY ""  TE VOY  A VER Y LO VOY A MATAR "" REFIERE QUE LE ROMPIO LA VENTANA DE LA COCINA Y LA MOSQUITERA DE LA SALA DONDE EL METIO LA MANO Y LA AGARRO DEL CUELLO PARA INTENTAR AHORACARLA , TAMBIEN ROMPIO LA PUERTA DE LA ENTRADA CUANDO ESTABA DISCUTIENDO CON LOS POLICIAS  , ELLA ASUSTADA LE LLAMO A SU MAMA Y SU MAMA LLEGO A AYUDARLA, TAMBIEN LLAMO A LA PATRULLA  Y SE LO LLEVARON DETENIDO Y ESTA A DISPOCION DEL MINISTERIO PUBLICO EN ESTE CENTRO. DESEA  LEVANTAR DENUNCIA POR DESACATO YA QUE TAMBIEN LO DENUNCIO POR VIOLENCIA FAMILIAR,",0,1,1,1,0,0,0
21202,"LA USUARIA MANIFIESTA QUE APROXIMADAMENTE A LAS 12:00 AM UBICADA EN EL DOMICILIO, EL AGRESOR QUE ES SU ESPOSO LLEGO AL DOMICILIO DE LA USUARIA DICIENDOLE QUE NO QUERIA QUE EL HERMANO DE LA USUARIA ESTUBIERA EN LA CASA YA QUE EL DICE QUE TIENE RELACIONES SEXUALES CON ELL, Y TOMANDOLA DEL CUELLO FUERTEMENTE DICE LA USUARIA QUE COMENZO A VER OBSCURO, ELLA LOGRO SAFARSE Y MANDANDOLE UN MENSAJEA SU SOBRINA PARA QUE LLAMARA A LA UNIDAD EL AGRESOR SE PERCATO Y LE QUITO EL CELULAR QUEBRANDOSELO, LLEGO LA UNIDAD PERO SIN DETENCION DEL AGRESOR , TAMBIEN ELLA SEÑALA QUE HACE DOS SEMANA EL LA AVENTO LASTIMANDOSE EL TOBILLO Y HACIENDOSE UN ESGUINCE PASARA A LA AREA MEDICA DEL CENTRO YA QUE DICE QUE LE DUELE MUCHO,  DESEA DENUNCIAR LOS HECHOS DE VIOLENCIA, PASARA A LA AREA JURIDICA PARA ASESORIA LEGAL DE PENSION DE ALIMENTOS GUARDA Y CUSTODIA, DIVORCIO, NO DESEA EL REFUGIO YA QUE DICE QUE SE SIENTE SEGURA CON SU ORDE DE PROTECCION, TOMARA TERAPIA PSICOLOGICA INDIVIDUAL.",0,1,0.666666666666667,1,0,0,0
21206,SE ANEXA HOJA DE HECHOS,0,0,0,0,0,0,1
21208,"LA USUARIA REFIERE QUE APROXIMADAMENTE A LAS 14:00 HORAS SE ENCONTRABAN COMIENDO Y SU ESPOSO Y SU MAMA COMENZARON A DISCUTIR Y COMENTA QUE SU ESPSO ANDABA MUY AGRESIVO, COMENTA ELLA QUWE SE TRANQUILIZO Y EN LA NOCHE COMEZO  A DISCUTIR DE LA NADA  LA TOMO DEL CUELLO Y LA APRETO MUY FUERTE AMENAZANDOLA QUE NO HICIERA PANCHOS SI NO MATARIA A SU MAMA. REFIERE LA USUARIA QUE APARTIR DE HAY TODOS LOS DIAS LA AGREDE VERVALMENTE Y AMENAZA A TODOS CON MATAR, ELLA COMENTA QUE EL CONSUME LA DROGA CONOCIDA COMO CRISTAL Y TEME POR QUE ES MUY AGRESIVO  DICE ELLA QUE ROMPIO VIDRIOS DE LA CASA ,DEL CARRO Y AMENAZO CON PRENDERLE FUEGO A LA CASA CON UNA BOTELLA QUE TRAIA DE GASOLINA.",0,0.666666666666667,1,1,0,0,0
21213,"EL MARTES A LAS 3:00 AM MI PAREJA Y YO NOS ENCONTRAMOS EN SU DOMICILIO, TENÍAMOS UNA REUNIÓN CON VARIOS PRIMOS, CUANDO MI HIJA DE 5 AÑOS Y YO ENTRAMOS A MI CUARTO PARA DORMIR, ME LLAMARON A MI CELULAR,EL SE MOLESTÓ DE QUE ALGUIEN ME LLAMARA A ESA HORA Y ME QUITO MI CELULAR, SE FUE A LA COCINA Y AVENTÓ EL TELÉFONO ESTRELLÁNDOLO CONTRA EL PISO, DESPUÉS EMPEZÓ A ESTRANGULARME, SIN IMPORTARLE QUE NUESTRA HIJA ESTABA PRESENTE, LLORANDO Y GRITANDO “NO LE PEGUES A MI MAMÁ”, DESPUÉS ME AVENTÓ AL PISO, EN ESO ENTRARON SU HERMANA Y SUS PRIMOS, ME AYUDARON A LEVANTARME Y ME LLEVARON A CASA DE MI MAMÁ.",0,0.666666666666667,0.666666666666667,0.666666666666667,0,0,0
21217,"LA USUARIA REFIERE QUE DESDE EL DOMINGO SU EX SE QUEDO A  DORMIR  EN SU CASA PORQUE EL VENIA SOLO HACER UN TRAMITE AQUI, PERO  SU EX PAREJA A LAS 9 AM SE LEVANTO Y COMENZO AGEDIRLA DICIENDOLE ""  A MI VALE SI VIENE LA PATRULLA "" ERES UNA PERRA "" SI TE VEO  CON ALGUIEN TE MATO "" ME VOY A LLEVAR AL NIÑO "" Y SALIO CORRIENDO CON EL NIÑO Y ELLA EMPEZO A PERSEGUIRLO PARA QUITATLE AL NIÑO. PERO EL ESTABA  MUY DROGADO  Y COMENZO A EXTRANGULARLA, PERO LA GENTE QUE ESTABA AHI EMPEZARON AYUDARLA Y LLAMARON A UNA PATRULLA Y LLEGARON Y SE LO LLEVARON DETENIDO Y SE ENCUENTRA A DISPOSICION DEL MINISTERIO PUBLICO DE ESTE CENTRO,  LA USUARIA DESEA LEVANTAR  DENUNCIA Y MEDIDA DE PROTECCION YA QUE REFIERE QUE EL ES ADICTO AL CRITAL Y LAS PASTILLAS Y YA LLEVA VARIOS ANEXOS . ADEMAS DE SUFRIR VIOLENCIA FAMILAR ANTERIORMENTE.",0,1,0,1,0,1,0
21225,DENUNCIA A TIO (HERMANO DE MADRASTRA) POR ABUSO SEXUAL,0,0,0,0,1,0,0
21235,USUARIA ACUDE A DENUNCIAR A SU EXPAREJA POR VIOLENCIA FISICA Y PSICOLOGICA,0,1,0,1,0,0,0
21248,"LA USUARIA REFIERE QUE SU PAREJA A LAS 11:30 PM  , CUANDO ELLA IBA  LLEGANDO A LA CASA CON SU HIJA , EL ESTABA MUY AGRSIVO Y ALCOHOLIZADO  Y LE AVENTO EL CELULAR CONTRA EL PISO , DESPUE LA AGARRA DEL CABELLO Y LA AZOTO CONTR LA LA PARED "" Y LE DIO PUÑETAZOS EN LAS COSTILLAS , LA AGARRO DEL CUELLO Y COMENZO A EXTRANGULARLA""  ELLA SIENTIO QUE SE LE NUBLO LA VISTA Y GRITO "" CORRE HIJA ""  SU HIJA DE 8 AÑOS CORRIO PARA PEDIR AYUDA, PERO EL LA SOLTO A ELLA Y FUE POR LA NIÑA Y LAJALO DEL CABELLO Y LAS  ENCERRO BAJO LLAVE , LOS VERCINOS DESDE AFUERA LE GRITABAN QUE LAS DEJARA SALIR QUE ERA SECUESTRO PERO EL NO ESCUCHABA , DESPUES CUANDO EL SE FUE AL CUARTO Y  ELLA ABRIO LA PUERTA Y YA ESTABAN LOS VECINOS AFUERA, EL SE QUEDO EN LE PATRIO Y AGARRO UN MACHETE Y LE GRITABA "" ERES UNA PUTA "" UNA PERRA "" Y SE SUBIO A LA AZOTEA . LOS VECINOS  LE HABLARON  A LA PATRULLA QUE ELLA REFIERE QUE TARDO EN LLEGAR   Y LLEGO EL HERMANA Y SU CUÑADO  DE EL Y SE LO LLEVO , "" DESEA LEVANTAR  DENUNCIA Y MEDIDA DE PRTECCION.",0,1,1,1,0,0.333333333333333,0
21262,"LA USUARIA REFIERE QUE SU ESPOSO EMPEZO A DISCUTIR POR QUE ELLA LE PIDIO EL CEL PARA MANDAR UN MENSAJE Y SE DIO CUENTA QUE EL TENIA MENSAJES CON OTRA MUJER , ELLA LE RECLAMO PERO EL LO NEGO TODO, DESPUES FORCEJEARON Y EL LA AVENTO ALA CAMA Y SE SUBIO ARIBA DE ELLA Y APOLLO SUS RODILLAS EN SUS BRAZOS Y  LE DIJO "" TU NO ESTAS BIEN DE TUS FACULTADES "" ESTAS LOCA "" TE VAS A QUEDAR TRES DIAS ENCERRADA "" HASTA QUE ENTIENDAS QUE TU ERES LA QUE ESTAS MAL""  REFIERE QUE EL PASO MAS DE DOS HORAS ARRIBA DE ELLA Y LE LASTIMABA LAS MUÑECAS DE LOS BRAZOS , HASTA QUE SU HIJA SE DIO CUENTA Y TOCO LA  PUERTA PERO EL DECIA"" ELLA YA NO VA A SALIR ""  LA HIJA SE AUSTO Y LE  HABLARO A LA PATRULLA Y SE LO LLEVARON DETENIDO Y ESTA DISPOSICION DEL MINISTERIO PUBLICO DEL CENTRO, ELLA DESEA LEVANTAR DENUNCIA Y MEDIDA DE PROTECCION , Y ASESORIA JURIDICA PARA TRAMITAR DIVORCIO.  TAMBIEN REFIERE VIOLENCIA FISICA  GOLPES EN LA CARA Y EN LO OJOS Y REFIERE QUE BATALLA PARA QUE LA AYUDE CON LOS GASTOS DE LA CASA.  ADEMAS DE REFERIR VIOLENCIA SEXUAL REFIEER QUE CUANDO ELLA DESPERTO EL TENIA SU CELULAR Y SE LO ESTABA REVISANDO Y ELLA YA NO TENIA  ROPA INTERIOR Y EL LE DIJO "" NI SENTISTE NADA "" TE GRABE "" REFIERE QUE EL LE ENSEÑO LOS VIDEOS CUANDO ELLA ESTA DORMIDA Y EL ESTBA PENETRANDO CON LOS DEDOS Y MANOSEANDOLA , Y TAMBIEN REFIERE QUE EL LA AMENAZADO CON ENSEÑARLOS.",0.333333333333333,0.666666666666667,0,1,0.666666666666667,0,0
21278,"EL DÍA MARTES ME ENCONTRABA EN MI DOMICILIO APROXIMADAMENTE A LAS 12:45 PM MI EX PAREJA, DE QUIEN ME SEPARE HACE TRES MESES, ME QUITO MI CELULAR PIDIÉNDOME QUE LE ENSEÑARA MIS REDES SOCIALES, SE METE A LA FUERZA, LE PEDÍ QUE SE SALIERA PERO ME EMPUJA A LA CAMA Y EMPEZÓ A MORDERME EL CUELLO Y EL PECHO, DESPUÉS ME DIO UN PUÑETAZO EN LAS COSTILLAS, MIENTRAS ME DECÍA “QUIERES QUE TE TRATE ASÍ HIJA DE TU PINCHE PERRA MADRE, COMO UNA PUTA, ASÍ TE VOY A TRATAR CULERA Y PIÉNSALO SI NO REGRESAS CONMIGO TE MATO ´PINCHE MIERDA, COMO QUIERA LOS NIÑOS SE QUEDAN CON SU ABUELA, YO SÉ QUE ME VOY A IR AL CERESO PERO DEL PANTEÓN NO SALES, PIÉNSALO TE DOY HASTA EL VIERNES NADA MAS O SI NO PARA HACER LO QUE TENGO QUE HACER Y LISTO, PIÉNSALO BIEN”, SE SENTÓ A MI LADO MIENTRAS YO LLORABA, MIENTRAS ME DABA PALMADAS EN LA ESPALDA Y ME DECÍA “PIÉNSALO, PIÉNSALO BIEN, YA VISTE LO QUE YO PUEDO HACER”, DESPUÉS DE 20 MINUTOS SE FUE. 
EL ES POLICÍA MUNICIPAL.
TENÍA MIEDO DE SALIR Y TOPÁRMELO.",0,1,0.333333333333333,1,0.333333333333333,0,0
21286,"APROXIMADAMENTE A LAS 12:00 DE LA NOCHE ME ENCONTRABA EN EL CUARTO DORMIDA, CUANDO MI EX PAREJA ENTRA POR LA VENTANA QUEBRÁNDOLA Y SE DIRIGIÓ AL CUARTO DE MI MAMÁ Y COMENZÓ A AGREDIRLA A LO CUAL VOY AL CUARTO DE MI MAMÁ Y AL ENTRAR ESTABAN FORCEJEANDO Y GOLPEANDO A MI MAMÁ CON UNA BARRA DE FIERRO (MI MADRE FALLECIÓ EN EL MOMENTO DERIVADO DE LOS GOLPES), TRATO DE QUITARLO Y GRITÁNDOLE QUE LA DEJARA EN PAZ, ES CUANDO MI EX PAREJA ME COMIENZA A AGREDIR CON UNA BARRA DE FIERRO Y ME COMIENZA A GOLPEAR EN MI CABEZA ES CUANDO CAIGO SENTANDO AUN LADO DE MI MAMÁ, MI HERMANA AL VER LAS AGRESIONES SE METE Y MI EX PAREJA LA GOLPEA TAMBIÉN LA GOLPEA EN LA CABEZA Y SU CARA PROVOCANDO QUE SE DESMAYARA, ME COMENTARON LOS VECINOS QUE ENTRARON PARA AUXILIARLAS LES GRITABA A LOS VECINOS QUE AYUDARAN A MI HERMANA. 

ESTUVE EN COMA 12 DÍAS AL IGUAL QUE MI HERMANA.
LA MADRE DE LA USUARIA FALLECIÓ EN EL MOMENTO DE LOS HECHOS MANIFIESTA LA USUARIA. 
	DIAGNÓSTICOS DE ATAQUES DE PÁNICO Y ANSIEDAD DERIVADOS DE LA VIOLENCIA.
	EL AGRESOR SE ENCUENTRA RECLUIDO EN EL CEREZO.",0,1,0.666666666666667,0.666666666666667,0,0.666666666666667,0
21292,"MI PAREJA Y YO NOS ENCONTRÁBAMOS EN NUESTRO DOMICILIO DE RENTA, APROXIMADAMENTE A LAS 12:00 AM YA ME ENCONTRABA ACOSTADA, EL DE LA NADA EMPEZÓ A INSULTARME “ME LAS VAS A PAGAR” “TE VOY A MATAR, NO ME IMPORTA EL BEBÉ” FUE A LA COCINA POR UN CUCHILLO, SE DIRIGE HACIA MÍ, GRITÁNDOME QUE ME IBA A MATAR, PERO YO ALCANCE A TAPARME CON UNA COBIJA Y NO PUDO LASTIMARME, PUSO EL CUCHILLO DEBAJO DE LA CAMA Y EMPEZAMOS A FORCEJEAR, ME PUSO LA MANO EN EL CUELLO, EMPEZÓ A ESTRANGULARME CON LA OTRA MANO ME GOLPEABA LA CARA, MIENTRAS SEGUÍA GRITÁNDOME Y REPITIÉNDOME “TE VOY A MATAR, NO MERECES EXISTIR”, CUANDO ME SOLTÓ VOLVIÓ A AGARRAR EL CUCHILLO, TOMO UNA BOLSA DE PLÁSTICO Y TRATO DE PONÉRMELA EN LA CABEZA PERO NO ME DEJE, ME SEGUÍA DICIENDO QUE IBA A MATARME, VOLVIÓ A TOMAR EL CUCHILLO Y SE VINO ENCIMA DE MI TRATANDO DE APUÑALARME PERO COMO YO AÚN TENÍA LA COBIJA ÚNICAMENTE ME HIZO UN RASGUÑO EN EL BRAZO DERECHO Y LO ENCAJO EN LA COBIJA, “TE VOY A MATAR LENTAMENTE, TE VOY A HACER PEDAZOS Y TE VOY A METER EN LA BOLSA, PARA ESO LAS HABÍA COMPRADO, TU NO SABÍAS”, LE GRITE A NUESTRA COMPAÑERA DE CUARTO, PARA QUE ME AYUDARA, EL EMPEZÓ A TAPARME LA BOCA MIENTRAS ME DECÍA QUE YA ME CALLARA, EN ESO ENTRO DICIÉNDOLE QUE YA NO ME HICIERA DAÑO PORQUE ESTOY EMBARAZADA, A LO QUE EL CONTESTO QUE NO LE IMPORTABA, LE QUITO EL CELULAR Y CERRÓ LA PUERTA, EMPEZÓ A DECIRLE QUE ME IBA A MATAR Y LE PIDIÓ SU AYUDA PARA HACERLO, ELLA ÚNICAMENTE EMPEZÓ A LLORAR, YO LE IMPLORABA QUE NO ME HICIERA DAÑO PORQUE ESTABA EMBARAZADA PERO CADA VEZ QUE YO HABLABA ME DABA CACHETADAS, VOLVIÓ A BUSCAR EL CUCHILLO Y YO APROVECHE PARA SALIR CORRIENDO, LOGRE SALIR A LA CALLE Y EMPECÉ A GRITARLE A LOS VECINOS QUE ME AYUDARAN, UNA VECINA ME AYUDO PARA LLAMAR A LA POLICÍA, CUANDO LLEGARON LOS OFICIALES ME PREGUNTARON DÓNDE ESTABA EL, CUANDO REGRESAMOS AL DOMICILIO YA NO ESTABA EL NI ELLA, APROVECHE PARA TOMAR ALGUNAS COSAS",0,1,0.333333333333333,1,0,0.333333333333333,0
